element_type,osmid,barrier,geometry,addr:city,addr:street,name,nodes,leisure,old_name,name:en,wikidata,int_name,name:ar,tourism,wikipedia,name:fa,created_by,access,opening_hours,alt_name,ways,type
way,23989247,,"POLYGON ((59.6038202 36.3010841, 59.6043499 36.3014883, 59.6048899 36.3012084, 59.6051092 36.3010575, 59.604929 36.3008903, 59.6048293 36.3008963, 59.6045597 36.3007299, 59.6042855 36.3004681, 59.6037725 36.300122, 59.6033065 36.3005544, 59.6038458 36.3010511, 59.6038202 36.3010841))",مشهد,,بوستان توحید,"[2610038222, 2610038226, 2614610689, 260095125, 670899612, 8806169308, 8806169309, 670899610, 4099973008, 2610038218, 2610038220, 2610038222]",park,بوستان هشت آباد,,,,,,,,,,,,,
way,23992600,hedge,"POLYGON ((59.5347021 36.3256891, 59.5351913 36.3258965, 59.5421179 36.3236629, 59.5422466 36.323497, 59.5422724 36.3233656, 59.5412082 36.319446, 59.5403819 36.3162284, 59.5400664 36.3161101, 59.5399837 36.3160741, 59.5397232 36.3159382, 59.537649 36.3165978, 59.5372467 36.3168303, 59.5371286 36.3169935, 59.5356927 36.317446, 59.5338128 36.3180372, 59.5337365 36.3180064, 59.5336897 36.3179261, 59.5335642 36.3178805, 59.5327162 36.3181413, 59.5325993 36.3182827, 59.533572 36.3216195, 59.5344017 36.324472, 59.5347021 36.3256891))",,,بوستان ملت,"[260128080, 260128081, 260128082, 260128083, 260128084, 669970283, 260128089, 669958620, 669958619, 260128091, 260128092, 8691502934, 260128094, 669958617, 260128099, 8691502933, 260128100, 260128101, 260128102, 260128103, 669958666, 260128106, 260128080]",park,,Mellat Park,Q5953099,,,,,,,,,,,
way,24011399,,"POLYGON ((59.5578382 36.2849518, 59.5581358 36.285138, 59.5576039 36.285767, 59.5575487 36.2856486, 59.5574964 36.285552, 59.5573111 36.2852709, 59.557054 36.2848212, 59.5568099 36.2843294, 59.556655 36.283916, 59.5569406 36.2837173, 59.5570356 36.2837966, 59.557133 36.2838222, 59.5572672 36.2838059, 59.5573702 36.2836814, 59.5573445 36.2835499, 59.5570269 36.2822492, 59.5563522 36.2817701, 59.5557066 36.2790651, 59.5557954 36.2785539, 59.5564822 36.2789165, 59.5563483 36.2792056, 59.5563954 36.2794327, 59.5565897 36.2797721, 59.556791 36.2800434, 59.5571262 36.2802045, 59.5573085 36.2803602, 59.5575187 36.2803771, 59.5577967 36.2803645, 59.5582795 36.2804164, 59.5586979 36.2804726, 59.5587408 36.2805937, 59.5590895 36.2806283, 59.5595864 36.2805188, 59.5602053 36.2802478, 59.5604306 36.2802521, 59.5607257 36.2803299, 59.5609513 36.2802244, 59.5610422 36.2800359, 59.5610207 36.2798413, 59.5607471 36.2794607, 59.5603856 36.2791294, 59.5606167 36.2790791, 59.5607378 36.2789549, 59.5607708 36.2787745, 59.56125 36.2792462, 59.5618572 36.2789428, 59.5625502 36.2791314, 59.5628286 36.2792071, 59.5622384 36.2806716, 59.5619488 36.2807278, 59.5618522 36.2807926, 59.5620641 36.2811494, 59.5619341 36.2812026, 59.5622111 36.2816127, 59.5624155 36.2817008, 59.5626944 36.2816316, 59.5628715 36.2818694, 59.5634299 36.2820555, 59.5632534 36.2823703, 59.5640365 36.2826428, 59.5632383 36.2841087, 59.562342 36.2837679, 59.5621939 36.2840204, 59.5604767 36.283331, 59.5603323 36.2835697, 59.5599982 36.2834357, 59.5599295 36.283355, 59.5598338 36.2833157, 59.5597121 36.2833087, 59.5596047 36.2833445, 59.5595546 36.2833792, 59.5594971 36.2834952, 59.559414 36.2835877, 59.5591984 36.2834531, 59.5578382 36.2849518))",,,بوستان کوهسنگی,"[260382738, 1280755968, 1280756136, 1280756048, 1280755963, 1280755866, 260382739, 260382740, 260382743, 260382744, 260382745, 667901753, 260382746, 260382747, 260382748, 260382749, 2632851685, 2640314666, 260382750, 260382751, 5899062763, 260382753, 5899062762, 2640314667, 5899062761, 5899062760, 2640314668, 5899062758, 5899062759, 5899062755, 5899062756, 5899062757, 260382754, 5899062764, 5899062754, 5899062753, 260382755, 5899062751, 5899062752, 5899062765, 260382756, 2435612402, 2435612397, 2435612394, 260382758, 260382759, 8209204384, 260382760, 5899062750, 5899062749, 5899062748, 667901739, 260382761, 260382762, 5899062746, 5899062745, 5899062747, 260382763, 260382764, 266221336, 266221337, 260382765, 260382766, 260382767, 260382768, 260382769, 260382770, 260382771, 260382772, 260382773, 260382774, 260382775, 260382776, 260382777, 260382738]",park,,Kooh Sangi Park,,Kooh Sangi Park,كوهسنكي,attraction,fa:کوهسنگی,,,,,,,
way,24026915,,"POLYGON ((59.5360822 36.2998927, 59.5366659 36.2994223, 59.537241 36.2999826, 59.5377559 36.3004461, 59.5371637 36.3009441, 59.5360822 36.2998927))",,,بوستان فردوس,"[260565976, 260565977, 260565978, 260565979, 260565980, 260565976]",park,,Ferdows Park,,,,,,,,,,,,
way,24033919,,"POLYGON ((59.5440166 36.320218, 59.5450124 36.3200401, 59.5453127 36.3211314, 59.5452067 36.3211505, 59.5444154 36.3212917, 59.544317 36.3213093, 59.5440166 36.320218))",,,پارک امین,"[260654342, 260654343, 260654344, 1067528285, 1067528414, 260654345, 260654342]",park,,,,,,,,,,,,,,
way,24043846,,"POLYGON ((59.5583421 36.3527934, 59.5581257 36.3521833, 59.5584858 36.3516596, 59.5586918 36.351307, 59.5586556 36.3508798, 59.5586972 36.3506553, 59.5588042 36.3504505, 59.5589788 36.3503112, 59.5592243 36.3502345, 59.5597046 36.3502217, 59.5605458 36.3487562, 59.5611232 36.3478921, 59.5614212 36.3479473, 59.5614797 36.3480103, 59.5617989 36.348049, 59.5618246 36.34821, 59.5619046 36.3482068, 59.5619963 36.3482031, 59.5619933 36.3480921, 59.5622582 36.3481295, 59.562318 36.3480945, 59.563034 36.3482211, 59.5636226 36.3483642, 59.564252 36.3485533, 59.5644596 36.3486732, 59.5644965 36.3487291, 59.5644964 36.3488225, 59.5644596 36.3488831, 59.5636528 36.3497447, 59.5635155 36.3496618, 59.5628718 36.3503669, 59.5630263 36.3504775, 59.5627945 36.350671, 59.5622366 36.3507402, 59.5621455 36.350834, 59.5620821 36.3508992, 59.562168 36.3512863, 59.5619534 36.3514591, 59.5618504 36.3513761, 59.5610178 36.3519084, 59.5611037 36.352019, 59.5591725 36.3531043, 59.5587918 36.3532988, 59.5585828 36.3529876, 59.5583421 36.3527934))",مشهد,بولوار توس,پردیس قائم,"[260755057, 260755058, 260755059, 260755060, 260755061, 260755062, 708172590, 260755063, 260755064, 260755065, 260755066, 260755067, 260755068, 260755069, 260755070, 260755071, 584116809, 260755072, 260755073, 260755074, 260755075, 708168822, 708168569, 260755076, 260755077, 260755078, 708168760, 260755079, 260755080, 260755081, 260755082, 260755083, 260755084, 260755085, 708168665, 260755086, 260755087, 260755088, 260755089, 260755090, 260755091, 260755092, 260755093, 708168504, 260755057]",park,,Gha'em Paradise Park,Q26954602,,,,,پارک پردیس قائم,,,,,,
way,24044482,,"POLYGON ((59.61536 36.3299123, 59.6154373 36.3298718, 59.6157854 36.3297395, 59.6158077 36.3297305, 59.6160393 36.3301006, 59.6158081 36.3301945, 59.6155916 36.3302824, 59.6154782 36.3301013, 59.61536 36.3299123))",,,بوستان نسترن,"[260759413, 724343963, 724343970, 260759414, 260759415, 724343917, 260759416, 724343985, 260759413]",park,,Nastaran Park,,,,,,,,,,,,
way,24252071,,"POLYGON ((59.6123918 36.3115549, 59.6126746 36.3114178, 59.6129296 36.3112942, 59.6130604 36.3114695, 59.6131955 36.3116505, 59.6129392 36.3117747, 59.6126838 36.3118985, 59.6126577 36.3119112, 59.6123918 36.3115549))",,,بوستان پامچال,"[262570459, 724435856, 262570460, 724435829, 262570461, 724435873, 724435875, 262570462, 262570459]",park,,,,,,,,,,,,,,
way,24252073,,"POLYGON ((59.6091411 36.3147133, 59.609379 36.3152828, 59.60909 36.3153851, 59.6091094 36.3154859, 59.6084502 36.3157046, 59.6080783 36.3150996, 59.6091411 36.3147133))",,,,"[262570466, 262570467, 262570468, 262570469, 262570470, 262570471, 262570466]",park,,,,,,,,,,,,,,
way,24252093,,"POLYGON ((59.5543409 36.3119362, 59.5548644 36.3115582, 59.5552646 36.3119427, 59.5552789 36.3121917, 59.5543656 36.3122252, 59.5543409 36.3119362))",,,بوستان کمال الدین بهزاد,"[262570763, 262570764, 262570765, 262570766, 262570767, 262570763]",park,,Behzad Park,,,,,,,,,,,,
way,24284022,,"POLYGON ((59.6363461 36.3059346, 59.6367084 36.3061521, 59.6370728 36.3068876, 59.6360313 36.3062551, 59.6363461 36.3059346))",,,پارک خیرآباد,"[262947916, 262947917, 262947918, 262947919, 262947916]",park,,,,,,,,,,,,,,
way,24387152,,"POLYGON ((59.5728242 36.3011943, 59.572871 36.3012782, 59.5740554 36.3014442, 59.5742614 36.3014027, 59.5743473 36.3014927, 59.5749481 36.3015895, 59.5761154 36.3015826, 59.5759866 36.3014027, 59.5758493 36.3014373, 59.5755489 36.3014373, 59.5751627 36.3014027, 59.5747764 36.3013958, 59.5739195 36.3011945, 59.5736367 36.301251, 59.5730977 36.3011702, 59.5728242 36.3011943))",,,پارک خطی قره خان,"[264631991, 264631992, 264631993, 264631994, 264631995, 264631996, 264631997, 264631998, 264631999, 264632000, 264632001, 264632002, 264632004, 264632005, 2318577395, 264631991]",park,,,,,,,,,,,,,,
way,24387156,,"POLYGON ((59.5725963 36.3012091, 59.5726993 36.3014166, 59.5719268 36.3020391, 59.5718668 36.3021844, 59.5716865 36.3030767, 59.5714119 36.3033949, 59.5713302 36.3032321, 59.5715234 36.3030421, 59.5715921 36.3025717, 59.5716179 36.3022466, 59.5716951 36.3019769, 59.5719526 36.3016933, 59.5719354 36.3015964, 59.5722015 36.3014927, 59.5723732 36.3013543, 59.5725963 36.3012091))",,,پارک خطی قره خان,"[264632135, 264632136, 264632137, 264632138, 264632139, 264632140, 264632141, 264632142, 264632143, 264632144, 264632145, 264632146, 264632148, 264632149, 264632150, 264632135]",park,,,,,,,,,,,,,,
way,24392395,,"POLYGON ((59.5582081 36.3282905, 59.558172 36.3278999, 59.558893 36.3278567, 59.5589291 36.3282472, 59.5582081 36.3282905))",,,بوستان ثمانه,"[264728406, 264728407, 264728408, 264728409, 264728406]",park,,,,,,,,,,,,,,
way,24392400,,"POLYGON ((59.5590558 36.3278462, 59.5596259 36.327807, 59.559662 36.3281479, 59.5590918 36.328187, 59.5590558 36.3278462))",,,بوستان ثمانه,"[264728704, 264728706, 264728708, 264728709, 264728704]",park,,,,,,,,,,,,,,
way,24392458,,"POLYGON ((59.5530558 36.3352818, 59.5536857 36.3352426, 59.5537216 36.3352684, 59.5537525 36.3356322, 59.5530504 36.3356703, 59.5530558 36.3352818))",,,بوستان سوسن,"[264728984, 1842625757, 264728985, 264728986, 264728988, 264728984]",park,,,,,,,,,,,,,,
way,24392528,,"POLYGON ((59.5538519 36.3352067, 59.5542916 36.3351817, 59.5543292 36.3356115, 59.5538895 36.3356365, 59.5538519 36.3352067))",,,,"[264729221, 1842625754, 1842625766, 264729224, 264729221]",park,,,,,,,,,,,,,,
way,24397926,,"POLYGON ((59.6234241 36.3256652, 59.6236274 36.3256061, 59.6238691 36.3255888, 59.6241637 36.3255951, 59.6243519 36.3256351, 59.6245431 36.3256948, 59.6247185 36.3257713, 59.6248809 36.3258676, 59.6250832 36.3260078, 59.6251096 36.3260375, 59.6251533 36.3260878, 59.6252116 36.3261526, 59.62527 36.326221, 59.6249012 36.3262814, 59.6248418 36.3262955, 59.6244813 36.3263162, 59.6242626 36.3263231, 59.6239835 36.3262609, 59.6239615 36.32625, 59.6238256 36.3261829, 59.6237045 36.3260875, 59.6235564 36.3258645, 59.6234422 36.3256901, 59.6234241 36.3256652))",,,,"[264795711, 710303961, 264795712, 264795713, 710303914, 264795714, 710303872, 264795715, 264795716, 7805705675, 7805705682, 7805705691, 264795717, 710303904, 264795718, 264795719, 264795720, 264795721, 724160911, 264795722, 710303989, 710303907, 710303981, 264795711]",park,,,,,,,,,,,,,,
way,24407463,,"POLYGON ((59.5827752 36.3006584, 59.5826328 36.3008477, 59.5829844 36.3009883, 59.5831875 36.3007342, 59.5831655 36.3006794, 59.5830564 36.3006278, 59.5829804 36.3006697, 59.5827752 36.3006584))",,,بوستان قائم,"[264958374, 264958375, 264958376, 2318577387, 264958377, 264958378, 2318577385, 264958374]",park,,Ghaem Park,,,,,,,,,,,,
way,24456943,,"POLYGON ((59.5618918 36.3047625, 59.5628348 36.3044682, 59.5629416 36.3046905, 59.5619986 36.3049848, 59.5618918 36.3047625))",,,بوستان فلسطین,"[265808665, 265808666, 265808667, 265808668, 265808665]",park,,Palestine Park,,,,,,,,,,,,
way,24456992,,"POLYGON ((59.5455704 36.3161939, 59.5456199 36.3162419, 59.5457819 36.316404, 59.5458032 36.3164252, 59.5460632 36.3162582, 59.5472678 36.3161811, 59.5472627 36.3161562, 59.5472172 36.3159363, 59.5471862 36.3158303, 59.5470654 36.3156869, 59.5468226 36.3154483, 59.5467823 36.3154064, 59.5465664 36.3155467, 59.5455704 36.3161939))",,,پارک جامی,"[265809357, 1088224100, 1088223787, 265809358, 670076246, 265809359, 1088224281, 1088223988, 1088223931, 1088224370, 1088223725, 265809362, 1088224063, 265809357]",park,,Jaami Park,,,,,,,,,,,,
way,24476616,,"POLYGON ((59.5958115 36.3199296, 59.5962356 36.3198062, 59.5960581 36.3194058, 59.5956165 36.3195467, 59.5958115 36.3199296))",,,پارک جواهری,"[266114222, 266114223, 266114224, 266114225, 266114222]",park,,Javaheri Park,,,,,,,,,,,,
way,24476618,,"POLYGON ((59.5955189 36.3193991, 59.5959567 36.3192819, 59.5957761 36.3187653, 59.595407 36.3188275, 59.5953621 36.3188926, 59.5953212 36.318952, 59.5955189 36.3193991))",,,پارک جواهری,"[266114245, 266114246, 266114247, 266114248, 724329680, 266114249, 266114245]",park,,Javaheri Park,,,,,,,,,,,,
way,24476619,,"POLYGON ((59.6030875 36.3184581, 59.6032406 36.3187631, 59.6040782 36.3185928, 59.6039094 36.3182636, 59.6030875 36.3184581))",,,,"[266114269, 266114270, 266114271, 266114272, 266114269]",park,,,,,,,,,Potlatch 0.9a,,,,,
way,24481641,,"POLYGON ((59.5377009 36.355743, 59.5381354 36.3551511, 59.5377181 36.354955, 59.537587 36.3550927, 59.5372024 36.3549136, 59.5370759 36.3550543, 59.5367825 36.3549136, 59.5365422 36.3552177, 59.5377009 36.355743))",,,,"[266184922, 266184923, 266184924, 266184925, 266184926, 266184927, 266184928, 266184929, 266184922]",park,,,,,,,,,Potlatch 0.9a,,,,,
way,24481803,,"POLYGON ((59.6164682 36.3190215, 59.6157689 36.3194638, 59.6151016 36.3198818, 59.6151814 36.3201298, 59.6152485 36.3202879, 59.6154887 36.3205916, 59.6158653 36.3210913, 59.6162558 36.3209317, 59.6172826 36.3205227, 59.6171952 36.3204002, 59.6179209 36.3201114, 59.6178462 36.3199981, 59.6177284 36.3199543, 59.6174523 36.3197318, 59.6172104 36.3196665, 59.6169216 36.3194818, 59.6167722 36.3193461, 59.6164682 36.3190215))",,,پارک مطهر,"[266185856, 724352856, 266185857, 724352865, 266185858, 724352835, 266185859, 724352846, 2297921827, 2297921826, 266185860, 266185861, 266185862, 724352873, 266185863, 266185864, 724352845, 266185856]",park,,Motahar Park,,,,,,,,,,,,
way,24493445,,"POLYGON ((59.6061392 36.2876883, 59.6061148 36.2875908, 59.6060657 36.2873949, 59.6060285 36.2872466, 59.6062383 36.2872295, 59.606389 36.2872172, 59.6065568 36.2872407, 59.6066997 36.2872607, 59.6070238 36.2872971, 59.6073082 36.2873694, 59.6071562 36.2875394, 59.607018 36.2876939, 59.6066456 36.2875361, 59.6066027 36.2875846, 59.6066027 36.2876192, 59.606366 36.2876545, 59.6061392 36.2876883))",,,پارک گل نرگس,"[266331629, 1138984879, 1138985411, 1138985653, 1138985463, 1138985242, 1138984796, 1138985571, 1138984899, 1138985483, 1138985343, 266331635, 266331636, 266331637, 266331638, 1138985604, 266331629]",park,,,,,,,,,,yes,24/7,,,
way,24493448,,"POLYGON ((59.6003899 36.2890372, 59.6008328 36.2897217, 59.6005805 36.2898342, 59.6003684 36.2897987, 59.599347 36.2902754, 59.5987518 36.2893557, 59.5996881 36.2889787, 59.5998004 36.2889315, 59.5999793 36.2892091, 59.6003899 36.2890372))",,,باغ ملی,"[266331652, 266331653, 266331654, 266331655, 266331656, 1138985303, 4189154004, 266331661, 266331662, 266331652]",park,,Melli Garden,Q26954594,,,,,,,,,,,
way,24493668,,"POLYGON ((59.6162874 36.2907714, 59.6161332 36.2905099, 59.6161706 36.2903485, 59.6161448 36.2901499, 59.6164151 36.2900706, 59.6172275 36.2898541, 59.6181612 36.2905158, 59.6176726 36.2908524, 59.6173346 36.2910102, 59.6169063 36.2906707, 59.6165892 36.2907368, 59.6162874 36.2907714))",,,باغ رضوان,"[266334417, 266334418, 1231349801, 266334419, 3846545371, 266334420, 266334421, 266334422, 266334423, 266334424, 266334425, 266334417]",park,,Rezvan Garden,,,,,,,,,,,,
way,24694267,,"POLYGON ((59.6344607 36.338681, 59.6353404 36.3381246, 59.6356543 36.3384466, 59.6347746 36.339003, 59.6344607 36.338681))",,,,"[268420900, 268420901, 268420902, 268420903, 268420900]",park,,,,,,,,,,,,,,
way,24694271,,"POLYGON ((59.6348192 36.3395378, 59.6349675 36.3394435, 59.635487 36.3399738, 59.6353386 36.3400681, 59.6348192 36.3395378))",,,بوستان نگین,"[268420952, 268420953, 268420955, 268420956, 268420952]",park,,Negin park,,,,,,,,,,,,
way,24694274,,"POLYGON ((59.6338799 36.3382721, 59.6340016 36.3381956, 59.6341072 36.3383046, 59.6339854 36.3383811, 59.6338799 36.3382721))",,,,"[268420980, 268420981, 268420982, 268420983, 268420980]",park,,,,,,,,,,,,,,
way,24745070,,"POLYGON ((59.5462731 36.328821, 59.546684 36.32875, 59.5469778 36.3298537, 59.5465669 36.3299247, 59.5462731 36.328821))",,,بوستان زیبا,"[268926541, 268926542, 268926543, 268926544, 268926541]",park,,Ziba Park,,,,,,,,,,,,
way,24745467,,"POLYGON ((59.5858921 36.3470495, 59.5879892 36.3480001, 59.5872792 36.3473358, 59.5865558 36.346659, 59.5858921 36.3470495))",,,,"[268929266, 268929267, 268930983, 268929268, 268929266]",park,,,,,,,,,,,,,,
way,24804681,,"POLYGON ((59.6146418 36.3248448, 59.6150881 36.3246719, 59.6152769 36.3250038, 59.6148134 36.3251975, 59.6146418 36.3248448))",,,,"[269490806, 269490807, 269490808, 269490809, 269490806]",park,,,,,,,,,Potlatch 0.9c,,,,,
way,24804683,,"POLYGON ((59.6165363 36.3266419, 59.6162667 36.3261967, 59.6167102 36.3260224, 59.6169437 36.3259306, 59.617191 36.3258334, 59.6173449 36.325773, 59.6174923 36.3260164, 59.6176144 36.3262181, 59.617451 36.3262843, 59.6172084 36.3263777, 59.6169748 36.3264695, 59.6165363 36.3266419))",,,بوستان پونه,"[269490910, 269490912, 724396265, 724396217, 724396187, 269490914, 724396250, 269490916, 724396334, 724396201, 724396321, 269490910]",park,,Pooneh Park,,,,,,,,,,,,
way,24823360,,"POLYGON ((59.6375432 36.3344424, 59.6379808 36.3341634, 59.6384757 36.3346669, 59.6380381 36.334946, 59.6375432 36.3344424))",,,بوستان نگین,"[8928815094, 8928815093, 8928815096, 8928815095, 8928815094]",park,,Negin Park,,,,,,,,,,,,
way,25409529,,"POLYGON ((59.5491829 36.32135, 59.5479069 36.3214228, 59.5479391 36.3217897, 59.5492152 36.3217169, 59.5491829 36.32135))",,,پارک نیلوفر,"[276923062, 276923063, 276923064, 276923065, 276923062]",park,,Niloufar Park,,,,,,,,,,,,
way,25409565,,"POLYGON ((59.55258 36.3211081, 59.5540476 36.3210273, 59.5540802 36.3214112, 59.5526126 36.321492, 59.55258 36.3211081))",,,پارک مینا,"[276923248, 276923249, 276923250, 276923251, 276923248]",park,,Mina Park,,,,,,,,,,,,
way,25409571,,"POLYGON ((59.5589858 36.321234, 59.5583573 36.3212758, 59.5584385 36.3220686, 59.5590669 36.3220268, 59.5589858 36.321234))",,,پارک بنفشه,"[276923320, 276923321, 276923322, 276923323, 276923320]",park,,Banafsheh Park,,,,,,,,,,Japanie's Park,,
way,25409667,,"POLYGON ((59.5506991 36.327684, 59.5505067 36.3278352, 59.549565 36.3280809, 59.5491481 36.3261822, 59.5500885 36.326117, 59.5501254 36.326576, 59.5505495 36.3265549, 59.5506991 36.327684))",,,بوستان رسالت,"[276924463, 2584915905, 276924464, 276924465, 276924466, 276924467, 276924468, 276924463]",park,,Resalat Park,,,,,,,,,,,,
way,25409730,,"POLYGON ((59.5532282 36.3281928, 59.553921 36.3281521, 59.5539556 36.3285348, 59.5533911 36.328568, 59.5533859 36.3285107, 59.5532577 36.3285182, 59.5532282 36.3281928))",,,بوستان سمیه,"[276925147, 276925148, 276925149, 276925150, 276925152, 276925153, 276925147]",park,,,,,,,,,,,,,,
way,25409738,,"POLYGON ((59.5524737 36.3282492, 59.5530771 36.3282071, 59.5531201 36.3286074, 59.55279 36.3286304, 59.5527785 36.3285235, 59.5525053 36.3285425, 59.5524737 36.3282492))",,,بوستان سمیه,"[276925237, 276925238, 276925239, 276925240, 276925241, 276925242, 276925237]",park,,,,,,,,,,,,,,
way,25409908,,"POLYGON ((59.5944669 36.3210394, 59.5947845 36.3209495, 59.5949562 36.321316, 59.5946386 36.3213783, 59.5944669 36.3210394))",,,بوستان امج و کماج,"[276928237, 276928238, 276928239, 276928240, 276928237]",park,,Omaj & Komaj Park,,,,,,,,,,,,
way,25409914,,"POLYGON ((59.5946717 36.321485, 59.5949964 36.3214016, 59.5952063 36.3219319, 59.5948816 36.3220153, 59.5946717 36.321485))",,,بوستان امج و کماج,"[276928285, 276928286, 276928287, 276928288, 276928285]",park,,Omaj & Komaj Park,,,,,,,,,,,,
way,25453437,,"POLYGON ((59.5854142 36.3428995, 59.5850961 36.3427069, 59.5849701 36.342631, 59.5845087 36.3423527, 59.584344 36.3422534, 59.584404 36.3421888, 59.5844779 36.3421093, 59.5846461 36.3422108, 59.5847482 36.3422724, 59.5850184 36.3419817, 59.5851445 36.341846, 59.5852949 36.3419381, 59.5855167 36.3420705, 59.5856652 36.34216, 59.585947 36.34233, 59.5857401 36.3425526, 59.5857249 36.342569, 59.5855789 36.3427261, 59.5854142 36.3428995))",مشهد,ولیعصر ۲۷,بوستان امیریه,"[277377895, 710906742, 1182690716, 710906739, 277377896, 710906765, 277377897, 710906767, 277377898, 710906761, 277377899, 710906738, 710906814, 710906727, 277377904, 710906688, 710906778, 710906731, 277377895]",park,,Amiriyeh park,,,,,,,,,,,,
way,25529144,,"POLYGON ((59.5363454 36.3577188, 59.5363647 36.3577088, 59.5363812 36.3576959, 59.536394 36.3576805, 59.5364026 36.3576634, 59.5364067 36.3576452, 59.5364061 36.3576267, 59.5364008 36.3576087, 59.5363911 36.357592, 59.5363774 36.3575772, 59.5363601 36.3575649, 59.5363402 36.3575558, 59.5363183 36.3575501, 59.5362955 36.3575482, 59.5358594 36.3573408, 59.5360853 36.3570328, 59.5364851 36.3572229, 59.536473 36.3572398, 59.5364655 36.3572582, 59.5364628 36.3572776, 59.5364651 36.3572969, 59.5364722 36.3573155, 59.536484 36.3573325, 59.5364998 36.3573472, 59.536519 36.357359, 59.5365408 36.3573674, 59.5365643 36.357372, 59.5365884 36.3573726, 59.5366122 36.3573692, 59.5366346 36.357362, 59.5366547 36.3573512, 59.5366717 36.3573374, 59.5366847 36.357321, 59.5366934 36.3573028, 59.5366972 36.3572836, 59.536696 36.3572642, 59.5366899 36.3572453, 59.5366792 36.3572279, 59.5370756 36.3574178, 59.5370513 36.3574163, 59.5370272 36.3574188, 59.5370041 36.3574251, 59.536983 36.357435, 59.5369649 36.3574481, 59.5369504 36.3574639, 59.5369401 36.3574817, 59.5369345 36.3575008, 59.5369338 36.3575205, 59.536938 36.3575398, 59.5369469 36.3575581, 59.5369602 36.3575745, 59.5369773 36.3575885, 59.5369976 36.3575994, 59.5370201 36.3576069, 59.5370441 36.3576105, 59.5370685 36.3576101, 59.5370923 36.3576059, 59.5371145 36.3575979, 59.5371343 36.3575864, 59.5371508 36.357572, 59.537538 36.3577475, 59.5372853 36.3580839, 59.53689 36.357894, 59.5368946 36.3578765, 59.5368948 36.3578586, 59.5368905 36.357841, 59.536882 36.3578245, 59.5368695 36.3578097, 59.5368536 36.3577972, 59.5368349 36.3577875, 59.5368142 36.357781, 59.5367923 36.357778, 59.5367701 36.3577786, 59.5367485 36.3577827, 59.5367283 36.3577902, 59.5367104 36.3578009, 59.5366956 36.3578141, 59.5366843 36.3578296, 59.5366771 36.3578465, 59.5366742 36.3578642, 59.5366758 36.3578821, 59.5363454 36.3577188))",مشهد,,نغمه,"[2449870049, 2449870047, 2449870042, 2449870040, 2449870038, 2449870036, 2449870034, 2449870027, 2449870017, 2449870011, 2449870010, 2449870007, 278219001, 278219002, 278219003, 278219004, 278219005, 2449869971, 2449869972, 2449869975, 2449869977, 2449869979, 2449869982, 2449869983, 278219006, 2449869987, 2449869989, 2449869990, 2449869988, 2449869986, 2449869984, 278219007, 2449869981, 2449869978, 2449869976, 2449869974, 278219009, 2449869969, 2449869993, 2449869992, 2449869994, 278219010, 2449869995, 2449869996, 278219011, 2449869999, 2449870002, 2449870003, 2449870004, 2449870008, 278219012, 2449870015, 2449870021, 2449870025, 2449870032, 2449870030, 2449870023, 2449870019, 2449870013, 278219013, 278218997, 278218998, 2449870097, 2449870092, 278218999, 2449870083, 2449870077, 2449870073, 2449870068, 2449870064, 2449870060, 2449870055, 2449870057, 2449870062, 2449870066, 2449870070, 2449870075, 2449870079, 2449870085, 2449870088, 278219000, 2449870049]",park,,,,,,,,,,,,,,
way,25529151,,"POLYGON ((59.531031 36.3578282, 59.5314331 36.3580326, 59.5316961 36.357697, 59.531294 36.3574926, 59.531031 36.3578282))",مشهد,,,"[278219127, 278219128, 278219129, 278219130, 278219127]",park,,,,,,,,,,,,,,
way,25529154,,"POLYGON ((59.5310731 36.3536739, 59.5314511 36.3531986, 59.5329791 36.3539868, 59.5327909 36.3542234, 59.5319625 36.353796, 59.5317727 36.3540347, 59.5310731 36.3536739))",,,,"[278219169, 278219170, 278219171, 278219172, 3257494718, 3257494719, 278219169]",park,,,,,,,,,,,,,,
way,25530665,,"POLYGON ((59.5329843 36.3614871, 59.5327999 36.3617259, 59.5322277 36.3614394, 59.5324121 36.3612006, 59.5329843 36.3614871))",,,بوستان لاله,"[278235526, 278235527, 278235529, 278235531, 278235526]",park,,,,,,,,,,,,,,
way,25550442,,"POLYGON ((59.5411713 36.3640544, 59.5418547 36.3643493, 59.5414065 36.3650917, 59.5406896 36.3648015, 59.5411713 36.3640544))",,,,"[278482580, 278482582, 278482583, 278482584, 278482580]",park,,,,,,,,,,,,,,
way,26206919,,"POLYGON ((59.5828475 36.3289048, 59.582618 36.3290994, 59.5827268 36.3291851, 59.5826587 36.3293253, 59.5828513 36.3294843, 59.5830009 36.3293726, 59.583136 36.329461, 59.5833126 36.3293184, 59.5831869 36.3292179, 59.5833672 36.3290609, 59.5831507 36.3288949, 59.5830022 36.329012, 59.5828475 36.3289048))",,,,"[286960986, 286960987, 286960988, 286960989, 286960990, 286960991, 286960992, 286960993, 286960994, 286960995, 286960996, 286960997, 286960986]",park,,,,,,,,,,,,,,
way,26229770,,"POLYGON ((59.5896332 36.3056183, 59.5901307 36.3054849, 59.5903513 36.3058415, 59.5898972 36.3060399, 59.5896332 36.3056183))",,,بوستان علوی,"[4969962708, 4969962710, 4969962709, 4969962707, 4969962708]",park,,Alavi park,,,,,,,,,,,,
way,26411337,,"POLYGON ((59.6029462 36.3181814, 59.6037267 36.3179286, 59.6038605 36.3181937, 59.6030449 36.318392, 59.6029462 36.3181814))",,,,"[289363130, 289363142, 289363132, 289363144, 289363130]",park,,,,,,,,,Potlatch 0.10b,,,,,
way,30978685,,"POLYGON ((59.5644737 36.3155182, 59.5647881 36.3158205, 59.5657346 36.3151811, 59.5654202 36.3148789, 59.5644737 36.3155182))",,,بوستان پیام,"[344467937, 344467938, 344467939, 344467940, 344467937]",park,,Payam Park,,,,,,,,,,,,
way,30979159,,"POLYGON ((59.5568089 36.3147792, 59.5568378 36.315124, 59.5570429 36.315115, 59.557018 36.3147701, 59.5568089 36.3147792))",,,بوستان گلریز,"[344472383, 344472384, 344472385, 344472386, 344472383]",park,,,,,,,,,,,,,,
way,30979223,,"POLYGON ((59.5539402 36.3149433, 59.5542234 36.3149226, 59.5542616 36.3153506, 59.5543007 36.315794, 59.554026 36.3158078, 59.5539804 36.3153673, 59.5539402 36.3149433))",,,بوستان یاسمن,"[344473250, 344473251, 1034266812, 344473252, 344473253, 1034266816, 344473250]",park,,Yasaman Park,,,,,,,,,,,,
way,38001456,,"POLYGON ((59.5334234 36.3573459, 59.5343355 36.357813, 59.5350831 36.3568309, 59.5337427 36.356936, 59.5334234 36.3573459))",مشهد,,بوستان شمشاد,"[446309223, 446309225, 446309226, 446309228, 446309223]",park,,Shemshad Park,,,,,,,,,,,,
way,41814240,,"POLYGON ((59.627931 36.2835769, 59.627746 36.2834737, 59.6276023 36.2832924, 59.6263608 36.2840401, 59.6270396 36.2847321, 59.6275617 36.2851472, 59.6280854 36.2854966, 59.6286522 36.2858476, 59.6290678 36.2860863, 59.629457 36.2861634, 59.6295825 36.2861471, 59.62998 36.2859302, 59.6300959 36.285825, 59.6302678 36.2857232, 59.6303299 36.2857266, 59.6306299 36.2855456, 59.6310781 36.2852711, 59.6311373 36.2852109, 59.6312739 36.2851208, 59.6314064 36.2850657, 59.6316208 36.2849107, 59.6318855 36.2847022, 59.6321688 36.2844338, 59.6324084 36.2841679, 59.6328433 36.2835681, 59.6330294 36.2833352, 59.6331431 36.283215, 59.6330714 36.2831042, 59.632258 36.2830467, 59.6306675 36.2831361, 59.6303318 36.2831841, 59.6298954 36.2832282, 59.629691 36.2832282, 59.6295313 36.2831963, 59.6292596 36.2829899, 59.6292297 36.2829651, 59.627931 36.2835769))",مشهد,بولوار وحدت,بوستان وحدت,"[5391027157, 5391027155, 696536495, 516228629, 724158150, 516228632, 724158185, 724158245, 516228658, 516228659, 724158243, 724158089, 724158156, 724158199, 724158066, 724158133, 724158232, 724158107, 724158142, 724158094, 516228651, 516228653, 516228655, 724158208, 516228646, 724158248, 516228647, 516228649, 724158115, 516228636, 516228637, 724158101, 724158147, 516228639, 724158211, 5391027156, 5391027157]",park,,Vahdat Park,,,,,,,,,,,,
way,52156048,,"POLYGON ((59.5930164 36.2904384, 59.592711 36.2908395, 59.59267 36.2906411, 59.5927991 36.2904406, 59.5927378 36.2903924, 59.5932046 36.2896868, 59.5933148 36.2898183, 59.5930154 36.2903289, 59.5930164 36.2904384))",,,بوستان رازی,"[1052634185, 664474729, 664474730, 1052634059, 664474686, 664474687, 1052634488, 664474685, 1052634185]",park,,,,,,,,,,,,,,
way,52156050,,"POLYGON ((59.5777392 36.301417, 59.5776181 36.3012581, 59.5781986 36.301079, 59.5784197 36.300975, 59.578681 36.3008895, 59.5790372 36.3008403, 59.5791684 36.301008, 59.578767 36.3011016, 59.5782076 36.3012734, 59.5777392 36.301417))",,,پارک خطی قره خان,"[664474696, 664474697, 664474698, 664474699, 2318577390, 664474700, 664474701, 664474702, 664474703, 664474696]",park,,,,,,,,,,,,,,
way,52156051,,"POLYGON ((59.5794476 36.3010992, 59.5791774 36.300762, 59.5794836 36.300641, 59.5798729 36.3005838, 59.5800381 36.3004684, 59.5801251 36.3005047, 59.5802883 36.3004466, 59.5804734 36.3004378, 59.5805305 36.3004128, 59.5806155 36.3006402, 59.5804744 36.3006822, 59.5803213 36.3006281, 59.5796668 36.3008378, 59.5794476 36.3010992))",,,پارک خطی قره خان,"[664474704, 664474705, 664474706, 664474707, 2318577379, 2318577381, 2318577378, 2318577376, 664474708, 664474709, 2318577386, 664474710, 664474711, 664474704]",park,,,,,,,,,,,,,,
way,52156052,,"POLYGON ((59.5833413 36.3006523, 59.5834905 36.3007279, 59.5836625 36.3004927, 59.5837206 36.3004101, 59.5837718 36.3003415, 59.5838418 36.3002477, 59.5840711 36.300269, 59.584185 36.3001031, 59.5842416 36.3000206, 59.5842728 36.2999753, 59.5843454 36.2998695, 59.5843149 36.2998495, 59.5843468 36.2998061, 59.5843795 36.2997616, 59.5844194 36.2997073, 59.584473 36.2996344, 59.5845002 36.2995974, 59.5845507 36.2996226, 59.584579 36.2995829, 59.584645 36.2994902, 59.5847251 36.2993735, 59.5848027 36.2992661, 59.5848648 36.29918, 59.5849694 36.2990351, 59.5851458 36.2990668, 59.5852386 36.2989573, 59.5850247 36.2988464, 59.5848483 36.298975, 59.5846406 36.2991043, 59.584408 36.299421, 59.5843599 36.2996317, 59.5842139 36.2998282, 59.5841785 36.2998484, 59.5840026 36.299949, 59.5839212 36.2999955, 59.5837735 36.3000799, 59.5837118 36.3001152, 59.5833413 36.3006523))",,,پارک خطی قره خان,"[664474712, 664474728, 5325900546, 5325900545, 5325900554, 664474727, 664474726, 5325900569, 5325900570, 5325900573, 2318577371, 664474725, 5325900582, 5325900581, 5325900584, 5325900586, 664474724, 664474723, 5325900588, 5325900591, 5325900593, 5325900595, 5325900597, 664474722, 664474721, 664474720, 664474719, 664474718, 664474717, 664474716, 664474715, 664474714, 5325900611, 5325900603, 5325900602, 5325900599, 664474713, 664474712]",park,,Ghaem Park,,,,,,,,,,,,
way,52156054,,"POLYGON ((59.5924433 36.2908468, 59.592576 36.2909944, 59.5924056 36.2913553, 59.5922339 36.2912877, 59.5921982 36.2911634, 59.5924433 36.2908468))",,,بوستان رازی,"[664474733, 664474684, 664474680, 664474736, 664474734, 664474733]",park,,,,,,,,,,,,,,
way,52156056,,"POLYGON ((59.5712442 36.3035922, 59.5710081 36.3036701, 59.5700425 36.3043185, 59.5698602 36.3043618, 59.5698602 36.3044915, 59.5701176 36.3045174, 59.5706326 36.304137, 59.5709116 36.3039208, 59.5712442 36.3035922))",,,پارک خطی قره خان,"[664474753, 664474754, 664474755, 664474756, 664474757, 664474758, 664474759, 664474760, 664474753]",park,,,,,,,,,,,,,,
way,52156057,,"POLYGON ((59.5766293 36.3015396, 59.5765182 36.3013605, 59.5767844 36.3012927, 59.5770406 36.3012726, 59.5773329 36.3013057, 59.57745 36.3012573, 59.57756 36.3014194, 59.5771687 36.3015355, 59.5771307 36.3014815, 59.5768655 36.3014936, 59.5766293 36.3015396))",,,بوستان شهید کلاهدوز,"[664474761, 664474762, 2318577398, 2318577397, 664474763, 2318577396, 664474764, 2318577401, 2318577399, 2318577400, 664474761]",park,,Shahid Kolahdouz park,,,,,,,,,,,,
way,52157675,,"POLYGON ((59.5466159 36.3352213, 59.5466486 36.3353458, 59.5482199 36.3350784, 59.550152 36.3347496, 59.5501193 36.3346251, 59.5481908 36.3349533, 59.5466159 36.3352213))",,,بوستان یاسمن,"[664488796, 664488795, 1842625752, 664488801, 664488802, 1842625751, 664488796]",park,,Yasaman Park,,,,,,,,,,,,
way,52157676,,"POLYGON ((59.5487107 36.3366539, 59.54845 36.336698, 59.548152 36.3355571, 59.5484127 36.3355129, 59.5487107 36.3366539))",,,بوستان یاسمین,"[664488803, 664488800, 664488799, 664488798, 664488803]",park,,Yasmin Park,,,,,,,,,,,,
way,52160054,,"POLYGON ((59.5824089 36.3008471, 59.5823476 36.3007315, 59.5820886 36.3005269, 59.5821205 36.3004654, 59.5824027 36.3005999, 59.5826492 36.3006461, 59.582496 36.3008705, 59.5824089 36.3008471))",,,بوستان قائم,"[664507177, 664507171, 664507172, 664507175, 1052484294, 664507176, 2318577389, 664507177]",park,,Ghaem Park,,,,,,,,,,,,
way,52160055,,"POLYGON ((59.5684877 36.3177222, 59.5693736 36.3175229, 59.5701671 36.3205758, 59.5687749 36.3212446, 59.5662999 36.3189791, 59.5673566 36.3182677, 59.5679561 36.3179, 59.5684877 36.3177222))",,,۵۱۲ دستگاه,"[664507179, 905826111, 905825873, 905825508, 905825193, 905826071, 905825382, 664507179]",park,,512 Apartment Complex,,,,,,,,,,,,
way,52175035,,"POLYGON ((59.5924056 36.2913553, 59.5922339 36.2912877, 59.5917802 36.2919756, 59.5915335 36.2921226, 59.591368 36.2923649, 59.5914231 36.2924127, 59.5912461 36.2927286, 59.5913519 36.2927675, 59.591608 36.2923313, 59.5918189 36.2921392, 59.5919426 36.2920841, 59.5923939 36.2914477, 59.5924056 36.2913553))",,,بوستان رازی,"[664474680, 664474736, 664474738, 664474739, 664474740, 1052634084, 664474741, 664474742, 664474743, 664474744, 1052634315, 1052634492, 664474680]",park,,,,,,,,,,,,,,
way,52301189,,"POLYGON ((59.597895 36.3338469, 59.597895 36.3340946, 59.5979884 36.3342327, 59.5997374 36.3335933, 59.5994658 36.3333235, 59.5989468 36.33356, 59.5987343 36.3333282, 59.597895 36.3338469))",,,بوستان رایا,"[665513268, 665513273, 665513274, 665513279, 665513281, 665513277, 665513278, 665513268]",park,,Raya Park,,,,,,,,,,,,
way,52301938,,"POLYGON ((59.5632268 36.3444724, 59.5634822 36.3445309, 59.563012 36.345101, 59.562727 36.345038, 59.562791 36.344767, 59.562475 36.344704, 59.562551 36.344396, 59.562601 36.344359, 59.563024 36.344429, 59.563096 36.344534, 59.563206 36.344548, 59.5632268 36.3444724))",,,بوستان فخر,"[665521705, 665521697, 665521708, 665521707, 665521684, 665521686, 665521687, 665521689, 665521695, 665521693, 665521691, 665521705]",park,,Fakhr park,,,,,,,,,,,,
way,52571999,,"POLYGON ((59.5854876 36.3341424, 59.5855387 36.3346423, 59.5855868 36.3346631, 59.5866771 36.3345949, 59.5866776 36.334037, 59.58554 36.3340956, 59.5854876 36.3341424))",,,بوستان ابریشم,"[2010637218, 2010637227, 2010637229, 667894212, 667894210, 2010637217, 2010637218]",park,,Abrisham park,,,,,,,,,,,,
way,52629098,,"POLYGON ((59.5806878 36.3004958, 59.5807791 36.3003811, 59.5810027 36.3003965, 59.5811563 36.3003429, 59.5813969 36.3003595, 59.581617 36.3004638, 59.5813042 36.3005711, 59.5811591 36.3005009, 59.5809673 36.3005197, 59.5806878 36.3004958))",,,پارک خطی قره خان,"[668387318, 668387310, 668387312, 2318577374, 668387313, 668387321, 668387315, 668387317, 2318577383, 668387318]",park,,,,,,,,,,,,,,
way,52709443,,"POLYGON ((59.5893265 36.3377507, 59.5896024 36.3377195, 59.5896901 36.3377623, 59.5906085 36.3375852, 59.5907033 36.3376199, 59.5908217 36.3375836, 59.5908815 36.3375655, 59.5909635 36.3374138, 59.5918334 36.3371335, 59.5918996 36.3371705, 59.5929429 36.3369043, 59.5930062 36.3368348, 59.5932706 36.336726, 59.5935034 36.3366056, 59.593604 36.3366264, 59.5939288 36.3364829, 59.5940265 36.3363314, 59.5941409 36.3362288, 59.5942206 36.3363293, 59.5946372 36.3360445, 59.5946616 36.3359315, 59.5947653 36.3357972, 59.5951291 36.3355746, 59.5974761 36.3380813, 59.5973815 36.338323, 59.5964906 36.3378411, 59.5962381 36.3377716, 59.595922 36.3377314, 59.5955891 36.3377402, 59.5952672 36.3378238, 59.5949937 36.3379441, 59.5947557 36.3380228, 59.5945245 36.3380213, 59.5943023 36.3380058, 59.5939591 36.3380284, 59.5936815 36.3380959, 59.5932225 36.3382887, 59.5930956 36.3383078, 59.5900884 36.338438, 59.5899741 36.3384326, 59.5897329 36.3383751, 59.5894901 36.3383736, 59.5893265 36.3377507))",مشهد,بولوار هدایت غربی,پارک بانوان حجاب,"[668994178, 668994198, 2010637400, 668994200, 2010637383, 4195579419, 2010637381, 668994201, 668994188, 668994189, 2010637327, 668994195, 668994196, 2010637298, 668994192, 2010637286, 668994193, 668994197, 2010637277, 2010637268, 2010637265, 2010637255, 668994191, 668994237, 668994239, 668994238, 668994232, 668994233, 668994235, 668994236, 668994226, 668994228, 668994229, 668994231, 668994216, 668994218, 668994220, 668994222, 668994207, 668994208, 668994180, 668994181, 668994178]",park,,Hijab Park,,,,,,,,,,,,
way,52709455,,"POLYGON ((59.583957 36.3124104, 59.584075 36.3125773, 59.5833443 36.3129141, 59.5830766 36.3125556, 59.583957 36.3124104))",,,بوستان کاج,"[668994161, 668994162, 668994163, 668994164, 668994161]",park,,Kaj Park,,,,,,,,,,,,
way,52945859,,"POLYGON ((59.6035158 36.3051444, 59.6046657 36.3047, 59.6052014 36.3052859, 59.6048759 36.3056273, 59.6046161 36.3055437, 59.6043958 36.3057859, 59.6035063 36.3051871, 59.6035158 36.3051444))",,,پارک کودک,"[670899646, 670899648, 670899649, 670899653, 670899654, 670899652, 1947151866, 670899646]",park,,Koodak Park,,,,,,,,,,,,
way,52945860,,"POLYGON ((59.6112407 36.3256818, 59.610184 36.3261254, 59.6101347 36.3260322, 59.6101898 36.3259479, 59.6110804 36.3254149, 59.6117543 36.3249974, 59.6123 36.3246737, 59.6127108 36.3243769, 59.6131604 36.3239945, 59.6135017 36.3236893, 59.6141626 36.323185, 59.6146567 36.3227556, 59.6150207 36.3224611, 59.6156819 36.3223752, 59.6158277 36.3224692, 59.6146745 36.3229754, 59.6148081 36.3231851, 59.6137071 36.3236573, 59.6138895 36.3239761, 59.6128703 36.324401, 59.612833 36.324512, 59.6129124 36.3246651, 59.6122361 36.3249336, 59.6121631 36.3250246, 59.611111 36.3254445, 59.6112407 36.3256818))",,,بوستان ربیع,"[670899684, 670899681, 7346542788, 670899680, 670899682, 670899739, 670899728, 670899730, 670899735, 670899736, 670899717, 670899723, 670899724, 670899720, 670899721, 670899726, 670899727, 670899733, 670899734, 670899729, 7346542894, 670899732, 670899737, 670899738, 670899683, 670899684]",park,,Rabi Park,,,,,,,,,,,,
way,52945862,,"POLYGON ((59.6117449 36.3285966, 59.6115133 36.3282515, 59.6116126 36.3281694, 59.6137344 36.3280066, 59.6129987 36.3283059, 59.6128729 36.3281324, 59.6117449 36.3285966))",,,,"[670899715, 670899716, 4969962691, 670899749, 670899746, 670899747, 670899715]",park,,,,,,,,,,,,,,
way,53171135,,"POLYGON ((59.6329834 36.3231816, 59.633067 36.3232792, 59.6337514 36.3241136, 59.6317633 36.3251199, 59.6317351 36.3250777, 59.6316096 36.3249296, 59.631526 36.3249642, 59.6313965 36.3247445, 59.6312028 36.3248276, 59.6309726 36.3249287, 59.6307273 36.3245995, 59.6307674 36.3245789, 59.6309524 36.3244842, 59.6310267 36.3244463, 59.6314642 36.3241462, 59.6315908 36.3240631, 59.6321426 36.3237009, 59.6329834 36.3231816))",,,پارک فجر,"[672844669, 724076978, 672844667, 672844672, 724076913, 672844680, 672844685, 672844688, 6503236694, 672844668, 672844676, 6503236696, 6503236693, 672844682, 724077133, 724076867, 724077143, 672844669]",park,,,,,,,,,,,,,,
way,53171136,,"POLYGON ((59.6292618 36.3298469, 59.6296573 36.3298055, 59.6299999 36.3297697, 59.6301452 36.3306594, 59.6293866 36.3305877, 59.6293278 36.3302386, 59.6292618 36.3298469))",,,بوستان بلال,"[672844675, 724329737, 672844670, 672844677, 672844683, 724329708, 672844675]",park,,Balal Park,,,,,,,,,,,,
way,54903025,,"POLYGON ((59.577833 36.3437904, 59.577489 36.3435604, 59.5780168 36.3429798, 59.5782438 36.3431136, 59.5789461 36.3423579, 59.5793763 36.342621, 59.577833 36.3437904))",,,بوستان رازقی,"[690985451, 690985450, 8900257944, 8900257943, 690985440, 690985441, 690985451]",park,,Razeghi park,,,,,,,,,,,,
way,54903044,,"POLYGON ((59.5975631 36.3337205, 59.5956588 36.3349218, 59.5950763 36.3343747, 59.5961523 36.3342455, 59.5961148 36.3339992, 59.5968068 36.3339257, 59.596788 36.3338285, 59.5968738 36.3338177, 59.5968416 36.333634, 59.5975122 36.3335627, 59.5975631 36.3337205))",,,,"[690985476, 690985477, 690985472, 5317032571, 5317032570, 5317032569, 5317032568, 5317032567, 5317032565, 5317032566, 690985476]",park,,,,,,,,,,,,,,
way,55512521,,"POLYGON ((59.5801896 36.3475292, 59.5800936 36.3475273, 59.5784106 36.3486113, 59.57803 36.3486945, 59.5777587 36.3489001, 59.5790426 36.3485133, 59.5804915 36.3478892, 59.5805337 36.3478119, 59.5801896 36.3475292))",مشهد,کنار گذر چراغچی,,"[697714152, 3521468591, 3521470299, 6459135047, 697714188, 697714155, 3521470294, 697714146, 697714152]",park,,,,,,,,,,,,,,
way,55512524,,"POLYGON ((59.5802129 36.3474243, 59.580523 36.3476814, 59.5846872 36.3450786, 59.5844632 36.3448539, 59.5802129 36.3474243))",مشهد,کنار گذر چراغچی,,"[697714154, 697714193, 697714187, 697714160, 697714154]",park,,,,,,,,,,,,,,
way,55512525,,"POLYGON ((59.5789522 36.3481629, 59.5795617 36.3474889, 59.5797818 36.347633, 59.5789522 36.3481629))",,,,"[697714166, 697714135, 697714194, 697714166]",park,,,,,,,,,,,,,,
way,56072735,,"POLYGON ((59.6305709 36.2912418, 59.6301427 36.2909142, 59.6300049 36.2907719, 59.629962 36.2906634, 59.629962 36.290546, 59.6300027 36.2904827, 59.6301202 36.2904082, 59.6304819 36.2903643, 59.6305709 36.2912418))",,,بوستان میرزا کوچک خان,"[703803432, 703803337, 703803357, 703803138, 703803480, 703803410, 703803321, 703803537, 703803432]",park,,Mirza Koochak Khan Park,,,,,,,,,,,,
way,56322472,,"POLYGON ((59.6180312 36.3235652, 59.6178311 36.3231422, 59.6180088 36.3230669, 59.6180907 36.3232662, 59.6182332 36.3232038, 59.6183336 36.3234378, 59.6180312 36.3235652))",,,,"[706667850, 706667884, 706667961, 706667835, 706667871, 706667875, 706667850]",park,,,,,,,,,,,,,,
way,56434174,,"POLYGON ((59.5863806 36.3279017, 59.5868904 36.3285466, 59.5863173 36.3288941, 59.586 36.32855, 59.5857947 36.3282961, 59.5863806 36.3279017))",,,بوستان ترنج,"[707238380, 707238342, 707238349, 5325431244, 707238360, 707238380]",park,,Toranj park,,,,,,,,,,,,
way,56695707,,"POLYGON ((59.5924596 36.3450642, 59.5914484 36.3440998, 59.5914781 36.343819, 59.5923223 36.3432688, 59.5923414 36.3436365, 59.5925075 36.3436256, 59.592532 36.3439579, 59.5929571 36.3436674, 59.5929462 36.3437873, 59.5929462 36.3438608, 59.5929707 36.343967, 59.5930143 36.3440623, 59.593066 36.3441277, 59.5931477 36.3442257, 59.5932346 36.344313, 59.5933454 36.3444312, 59.5924596 36.3450642))",,,شهربازی قهرمانان,"[709065924, 709065833, 709066108, 709065865, 709066072, 709065713, 709065905, 709065741, 709065974, 709066127, 709065929, 709066080, 709065884, 709066034, 709065841, 709065993, 709065924]",park,,,,,,theme_park,,,,,,,,
way,56752182,,"POLYGON ((59.5934491 36.349548, 59.5931875 36.3493049, 59.5935392 36.3490593, 59.5938008 36.3493024, 59.5934491 36.349548))",,,,"[710344763, 710344768, 710345012, 710344795, 710344763]",park,,,,,,,,,,,,,,
way,58426850,,"POLYGON ((59.6287849 36.3375899, 59.6283748 36.3371383, 59.6281278 36.3372798, 59.6279302 36.3370507, 59.6285164 36.3367117, 59.6291484 36.3374252, 59.6287849 36.3375899))",,,بوستان آزادی,"[724329687, 724329659, 724329696, 724329765, 724329688, 724329751, 724329687]",park,,Azadi Park,,,,,,,,,,,,
way,58430183,,"POLYGON ((59.6385687 36.3372724, 59.6385671 36.337658, 59.6390153 36.3372759, 59.6396095 36.3368297, 59.6399347 36.3366565, 59.6401888 36.3364278, 59.6403918 36.3360681, 59.6385687 36.3372724))",,,,"[724383794, 724383872, 9039677747, 9039692171, 724383903, 9039692170, 724383812, 724383794]",park,,,,,,,,,,,,,,
way,58430611,,"POLYGON ((59.6291228 36.2864763, 59.6275828 36.2855565, 59.6275594 36.2856088, 59.6279472 36.2862589, 59.6283361 36.2861205, 59.6285885 36.2866315, 59.6291228 36.2864763))",,,بوستان سراج,"[724396279, 724396340, 724396255, 724396297, 724396303, 724396211, 724396279]",park,,Seraj park,,,,,,,,,,,,
way,58430615,,"POLYGON ((59.619436 36.3036899, 59.6195297 36.3039121, 59.6188997 36.3041166, 59.6186255 36.3041556, 59.6184652 36.3041169, 59.619436 36.3036899))",,,پارک امیرآباد,"[724396195, 724396275, 724396207, 724396346, 724396295, 724396195]",park,,AmirAbad Park,,,,,,,,,,,,
way,58480348,,"POLYGON ((59.6401889 36.2896893, 59.6399248 36.2894601, 59.6396815 36.2891677, 59.6394819 36.2889573, 59.6392167 36.2888519, 59.6392691 36.2887714, 59.639084 36.2883528, 59.6398967 36.2881287, 59.6399577 36.2881119, 59.6412579 36.287753, 59.6410903 36.2883077, 59.6409964 36.2883221, 59.6408837 36.2888074, 59.6408186 36.2890876, 59.6406231 36.2892534, 59.6404352 36.289501, 59.6401889 36.2896893))",,,پارک رستگار مقدم,"[724960492, 724960408, 724960453, 724960510, 724960423, 1245208032, 724960477, 724960457, 724960491, 724960403, 724960443, 724960505, 724960431, 724960418, 724960465, 724960397, 724960492]",park,,Rastegar Moghaddam Park,,,,,,,,,,,,
way,58480350,,"POLYGON ((59.6306538 36.2882254, 59.6305965 36.2879012, 59.6305644 36.2877147, 59.6305223 36.2875807, 59.6304314 36.2873696, 59.630535 36.2873169, 59.6308721 36.2876247, 59.6314005 36.2877972, 59.6306538 36.2882254))",,,بوستان رضائیه,"[724960471, 724960429, 724960400, 724960438, 724960502, 724960414, 724960458, 724960515, 724960471]",park,,Rezaeih Park,,,,,,,,,,,,
way,58654680,,"POLYGON ((59.6301564 36.3430125, 59.6298604 36.3427009, 59.630211 36.3424848, 59.630507 36.3427964, 59.6301564 36.3430125))",,,,"[726730151, 726730323, 726729900, 726730231, 726730151]",park,,,,,,,,,,,,,,
way,89147431,,"POLYGON ((59.5542797 36.3434861, 59.5540949 36.3428177, 59.5540788 36.3427593, 59.5541073 36.3425199, 59.5541435 36.3420398, 59.5542604 36.3420571, 59.5542547 36.3421805, 59.5542892 36.3421859, 59.5543546 36.3421961, 59.554425 36.3421357, 59.5546497 36.3421787, 59.5545374 36.3425899, 59.5544616 36.3428471, 59.5542797 36.3434861))",,,بوستان آلاله,"[1034043664, 1842625937, 1034043709, 1034043643, 1034043594, 1034043577, 1034043743, 1034043634, 1034043638, 1034043792, 1034043779, 1034043657, 1842625938, 1034043664]",park,,Alaleh park,,,,,,,,,,,,
way,89156127,,"POLYGON ((59.576954 36.289393, 59.5762345 36.289144, 59.576301 36.2890191, 59.5770205 36.2892682, 59.576954 36.289393))",,,بوستان محتشمی,"[1034215057, 1034215133, 1034214957, 1034215197, 1034215057]",park,,Mohtashami Park,,,,,,,,,,,,
way,91074951,,"POLYGON ((59.5434568 36.2912261, 59.5433052 36.2913408, 59.5438843 36.291838, 59.5440359 36.2917232, 59.5434568 36.2912261))",,,,"[1057481067, 1057480577, 1057480620, 1057480733, 1057481067]",park,,,,,,,,,,,,,,
way,91074969,,"POLYGON ((59.5433879 36.2911662, 59.5432378 36.2912808, 59.5426513 36.290782, 59.5428014 36.2906674, 59.5433879 36.2911662))",,,,"[1057480968, 1057481215, 1057480551, 1057480676, 1057480968]",park,,,,,,,,,,,,,,
way,93754676,,"POLYGON ((59.5437055 36.2986314, 59.5427542 36.2978325, 59.5429185 36.2977054, 59.5438698 36.2985043, 59.5437055 36.2986314))",,,بوستان نوفل,"[1088765706, 1088765701, 1088765716, 1088765710, 1088765706]",park,,Neauphle Park,,,,,,,,,,,,
way,108381174,,"POLYGON ((59.6325245 36.2905386, 59.6321348 36.2903338, 59.6317134 36.2903129, 59.6313352 36.2901477, 59.6318924 36.2897359, 59.6327613 36.2902687, 59.6325245 36.2905386))",,,بوستان فروغی بسطامی,"[3030310018, 1243749220, 1243749088, 1243748952, 1243748880, 3030310013, 3030310018]",park,,Forooghi Bastami park,,,,,,,,,,,,
way,108381221,,"POLYGON ((59.637763 36.282588, 59.637488 36.2826898, 59.637035 36.2838922, 59.6371191 36.2842157, 59.637763 36.282588))",,,,"[1243749055, 1243748917, 1243748847, 1243748994, 1243749055]",park,,,,,,,,,,,,,,
way,173451035,,"POLYGON ((59.5676825 36.3438064, 59.5684147 36.3428526, 59.5646154 36.3409603, 59.5638833 36.3419142, 59.5676825 36.3438064))",مشهد,,,"[1842625949, 1842625939, 1842625927, 1842625930, 1842625949]",park,,,,,,,,,,,,,,
way,190436223,,"POLYGON ((59.6010939 36.3355625, 59.5999028 36.3363025, 59.5995146 36.3357966, 59.6006731 36.3350926, 59.6010939 36.3355625))",,,بوستان شبنم,"[2010637247, 2010637276, 2010637254, 2010637234, 2010637247]",park,,,,,,,,,,,,,,
way,190436229,,"POLYGON ((59.5996031 36.3333015, 59.5998089 36.333536, 59.6002309 36.33335, 59.6003265 36.3334448, 59.6006411 36.3332351, 59.6015969 36.3328881, 59.601394 36.3326855, 59.5996031 36.3333015))",,,,"[2010637203, 2010637209, 2010637204, 2010637206, 2010637202, 2010637199, 2010637195, 2010637203]",park,,,,,,,,,,,,,,
way,217783263,,"POLYGON ((59.6164578 36.2838092, 59.6162232 36.2835979, 59.6164534 36.2834391, 59.6166649 36.2837064, 59.6164578 36.2838092))",,,بوستان عباسقلی خان,"[2270892464, 2270892453, 2270892452, 2270892458, 2270892464]",park,,Abbas Gholi Khan Park,,,,,,,,,,,,
way,217783271,,"POLYGON ((59.6255748 36.3308207, 59.6253575 36.3308704, 59.6251993 36.3309677, 59.6250987 36.3311502, 59.6250585 36.3313058, 59.6250571 36.3315057, 59.6252704 36.3325213, 59.6254206 36.3326293, 59.6254769 36.3327114, 59.625788 36.3342391, 59.6256861 36.3345243, 59.6258048 36.3350796, 59.6258611 36.3351671, 59.6261253 36.3352919, 59.6262433 36.3353097, 59.6263062 36.3353034, 59.6265183 36.335233, 59.6275858 36.3350671, 59.6277253 36.3350671, 59.628863 36.3348613, 59.6294094 36.3348289, 59.6301287 36.3348917, 59.6307299 36.3349631, 59.6323798 36.3351829, 59.6328648 36.3352058, 59.6334502 36.3351506, 59.6338984 36.335032, 59.6344612 36.3347811, 59.6395448 36.3315209, 59.6400248 36.3312864, 59.6404412 36.3311476, 59.6408828 36.331091, 59.6411705 36.3310994, 59.6413077 36.3311034, 59.6413946 36.3311059, 59.6419599 36.3312446, 59.6421862 36.3313374, 59.6424858 36.3314953, 59.6425941 36.3315524, 59.6426163 36.3315641, 59.6428048 36.3316689, 59.642945 36.3316852, 59.6431295 36.3316834, 59.6432979 36.331634, 59.6435391 36.3314756, 59.6436219 36.3314213, 59.6445123 36.3308366, 59.6446084 36.3307735, 59.6456593 36.3300832, 59.6457837 36.3299508, 59.6458137 36.3298111, 59.645774 36.3296304, 59.6453586 36.3291116, 59.6443611 36.3280592, 59.6441982 36.3279153, 59.643396 36.3272066, 59.6433356 36.3271508, 59.6427662 36.3266252, 59.6425228 36.3264004, 59.6422372 36.3260935, 59.6416926 36.3264876, 59.6415001 36.3268069, 59.6414451 36.3269658, 59.6413433 36.3272247, 59.6404677 36.3278092, 59.6393626 36.3281334, 59.6385724 36.3285111, 59.637855 36.3285988, 59.6371074 36.3289308, 59.6362722 36.3293641, 59.6343367 36.3301806, 59.6300204 36.3310961, 59.6294083 36.3311338, 59.6284015 36.3310584, 59.6267174 36.3308704, 59.6255748 36.3308207))",,,بوستان بزرگ بهار,"[2270892657, 8746501646, 2270892660, 8746501647, 2270892688, 8746501648, 8746501657, 8746501656, 8746501655, 8746501654, 8746501653, 2270892719, 8746501652, 8746501651, 8746501650, 2270892727, 8746501649, 2270892713, 2270892716, 2270892709, 2270892703, 4346216896, 2270892706, 2270892723, 2270892725, 2270892720, 2270892712, 2270892700, 2270892691, 2270892685, 2270892681, 2270892669, 4346216866, 4346216843, 2270892675, 2270892684, 4346216693, 4346216832, 4346216698, 2270892694, 4346216692, 2270892698, 4346216691, 2270892696, 4346216699, 4346216711, 4346216710, 4346216715, 2270892645, 4346216694, 4346216695, 2270892643, 4175229589, 4346216716, 4346216822, 4346216823, 4346216826, 4346216827, 2270892614, 4175060907, 691767211, 691767213, 691767215, 691767227, 2270892616, 2270892625, 2270892628, 2270892630, 6734586072, 2270892636, 2270892647, 2270892672, 2270892678, 2270892664, 8746501645, 2270892657]",park,,Bahar grand park,,,,,,,,,,,,
way,217783276,,"POLYGON ((59.6140189 36.2832572, 59.6137926 36.2830583, 59.6140844 36.2828808, 59.6141756 36.282946, 59.6140189 36.2832572))",,,بوستان عیدگاه,"[2270892451, 2270892450, 2270892448, 2270892449, 2270892451]",park,,Eidgah park,,,,,,,,,,,,
way,217783288,,"POLYGON ((59.5863173 36.3288941, 59.585612 36.3294115, 59.5850441 36.3289816, 59.5850441 36.3288378, 59.5857947 36.3282961, 59.586 36.32855, 59.5863173 36.3288941))",,,بوستان نارنج,"[707238349, 2270892639, 2270892635, 2270892632, 707238360, 5325431244, 707238349]",park,,Naranj park,,,,,,,,,,,,
way,217783290,,"POLYGON ((59.581992 36.3310872, 59.5823763 36.33074, 59.5827966 36.3305316, 59.5827804 36.3308109, 59.5826583 36.3310337, 59.581992 36.3310872))",,,بوستان شفا,"[2270892667, 2270892653, 2270892650, 2270892655, 2270892663, 2270892667]",park,,Shafa park,,,,,,,,,,,,
way,234462102,,"POLYGON ((59.5345803 36.2993283, 59.5334273 36.2999289, 59.5336059 36.3000116, 59.533949 36.300066, 59.5343089 36.3000615, 59.5346871 36.2999912, 59.5349946 36.2998532, 59.5345803 36.2993283))",,,شکوفه ها,"[2427124182, 2427124224, 2427124232, 2427124239, 2427124237, 2427124229, 2427124211, 2427124182]",park,,Shokufeha,,,,,,,,,,,,
way,249279483,,"POLYGON ((59.5623324 36.323553, 59.5624291 36.3243139, 59.5631038 36.3239833, 59.5631974 36.3239013, 59.5631608 36.323503, 59.5623324 36.323553))",,,,"[2559089739, 2559089768, 2559089753, 2559089752, 2559089729, 2559089739]",park,,,,,,,,,,,,,,
way,257683295,,"POLYGON ((59.5391897 36.3569973, 59.5392872 36.3567485, 59.538344 36.3563556, 59.5381652 36.3563949, 59.5380351 36.3564211, 59.5391897 36.3569973))",مشهد,,بوستان رازی,"[2631646308, 2631646309, 2631646310, 2631646311, 2631646312, 2631646308]",park,,,,,,,,,,,,,,
way,257683297,,"POLYGON ((59.5329858 36.3572789, 59.5333679 36.3568402, 59.5323678 36.3569057, 59.5296277 36.3554912, 59.5295382 36.3555633, 59.5329858 36.3572789))",مشهد,,,"[2631646313, 2631646314, 2631646315, 2631646316, 2631646317, 2631646313]",park,,,,,,,,,,,,,,
way,257683298,,"POLYGON ((59.5308828 36.3535795, 59.5312173 36.3531644, 59.5311495 36.3531215, 59.5305835 36.3534171, 59.5308828 36.3535795))",,,,"[3257494717, 2631646319, 2631646320, 2631646321, 3257494717]",park,,,,,,,,,,,,,,
way,257822927,,"POLYGON ((59.5445426 36.3525101, 59.5446982 36.3525728, 59.5433866 36.3547675, 59.5435314 36.3542512, 59.5437339 36.35379, 59.5445426 36.3525101))",,,,"[2632851658, 4311823568, 4311824743, 2632851661, 2632851662, 2632851658]",park,,,,,,,,,,,,,,
way,258285489,,"POLYGON ((59.5386816 36.3683519, 59.5387433 36.3682694, 59.5388348 36.3683093, 59.5390022 36.3680715, 59.538696 36.3679323, 59.538588 36.3679606, 59.5383985 36.3682206, 59.5386816 36.3683519))",,,,"[2636688335, 2640314751, 2640314752, 2636688336, 2640314748, 2636688337, 2636688338, 2636688335]",park,,,,,,,,,,,,,,
way,258285532,,"POLYGON ((59.586549 36.3208269, 59.5876832 36.3201849, 59.5869754 36.3193428, 59.5858302 36.3200263, 59.586549 36.3208269))",,,بوستان زیتون,"[2636688575, 2636688578, 2636688581, 2636688583, 2636688575]",park,,,,,,,,,,,,,,
way,258285535,,"POLYGON ((59.5985118 36.2937893, 59.5987793 36.2935852, 59.5983845 36.2932467, 59.5981301 36.2934645, 59.5985118 36.2937893))",,,,"[2636688606, 2636688607, 2636688609, 2636688610, 2636688606]",park,,,,,,,,,,,,,,
way,258285536,,"POLYGON ((59.5856711 36.2990299, 59.5861948 36.2988601, 59.5859442 36.2985968, 59.5858876 36.2986514, 59.5858939 36.2987273, 59.5856512 36.2990097, 59.5856711 36.2990299))",,,,"[3451137471, 2636688613, 2636688614, 3451137459, 3451137460, 2636688615, 3451137471]",park,,,,,,,,,,,,,,
way,258285537,,"POLYGON ((59.5546931 36.2875187, 59.5552134 36.2870509, 59.5552906 36.2869554, 59.5553302 36.2868426, 59.5553371 36.2867581, 59.5552897 36.2866316, 59.5552529 36.2864963, 59.5552357 36.2863492, 59.5552327 36.2862443, 59.5551761 36.286135, 59.555079 36.2860204, 59.5549402 36.2859286, 59.5547746 36.2858714, 59.5544594 36.2857917, 59.5547679 36.2859421, 59.5549194 36.2860194, 59.5550495 36.2861184, 59.5551602 36.2862963, 59.5552011 36.2864742, 59.5552346 36.2866743, 59.5551532 36.2869624, 59.5546082 36.2874531, 59.5546931 36.2875187))",,,,"[2636688616, 2636688617, 4189063035, 2636688618, 4189063033, 4189063034, 4189063021, 4189063022, 4189063024, 4189063023, 2636688619, 4189063028, 4189063027, 4189063025, 4189063029, 4189063030, 4189063026, 4189063032, 4189063031, 2636688620, 2636688621, 2636688622, 2636688616]",park,,,,,,,,,,,,,,
way,258285538,,"POLYGON ((59.5339782 36.2883239, 59.5340605 36.2882378, 59.5340685 36.2881038, 59.5340189 36.2880357, 59.5339827 36.2880659, 59.5339948 36.2881157, 59.5339679 36.2881557, 59.533925 36.2881675, 59.5338647 36.2881438, 59.5301864 36.2900498, 59.530182 36.2900766, 59.5302852 36.290189, 59.5303376 36.2902019, 59.5303973 36.2901903, 59.5339782 36.2883239))",,,,"[2636688623, 6419593257, 2636688624, 6419593256, 6419593255, 6419593254, 6419593253, 6419593252, 6419593251, 2636688625, 6419593258, 6419593259, 6419593260, 2636688626, 2636688623]",park,,,,,,,,,,,,,,
way,295468723,,"POLYGON ((59.5931595 36.2887566, 59.5930529 36.2888454, 59.5929163 36.2889016, 59.5927645 36.2889189, 59.5926139 36.2888956, 59.5924809 36.2888341, 59.5923798 36.2887411, 59.5923217 36.2886268, 59.5923128 36.2885034, 59.5923541 36.2883843, 59.5924411 36.2882826, 59.5925644 36.2882091, 59.5927106 36.2881718, 59.5928639 36.2881749, 59.5930076 36.2882179, 59.5931263 36.2882962, 59.593207 36.2884013, 59.5932409 36.2885218, 59.5932245 36.2886447, 59.5931595 36.2887566))",,,,"[2992046121, 2992046122, 2992046123, 2992046124, 2992046125, 2992046126, 2992046108, 2992046109, 2992046110, 2992046111, 2992046112, 2992046119, 2992046120, 2992046113, 2992046114, 2992046115, 2992046116, 2992046117, 2992046118, 2992046121]",park,,,,,,,,,,,,,,
way,311219971,,"POLYGON ((59.6374271 36.3244011, 59.6375505 36.3246258, 59.6374592 36.3246556, 59.6373975 36.3247133, 59.6373777 36.3247928, 59.6368594 36.3247928, 59.6364423 36.3249499, 59.6363362 36.3249459, 59.6361799 36.324742, 59.6363944 36.3247982, 59.6364964 36.3247614, 59.6364818 36.3246993, 59.6370297 36.3245482, 59.6374271 36.3244011))",,,,"[3168066498, 3168070442, 3168070443, 3168070444, 3168070445, 3168070446, 3168070448, 3168070449, 3607641903, 3607641904, 3607641905, 3168066488, 3168066489, 3168066498]",park,,,,,,,,,,,,,,
way,311219972,,"POLYGON ((59.6360573 36.3248544, 59.6360153 36.3248704, 59.6359511 36.3250215, 59.6350774 36.3253933, 59.6348331 36.3253774, 59.6349392 36.3255285, 59.635028 36.3255385, 59.6361313 36.3250911, 59.6361807 36.3250294, 59.6360573 36.3248544))",,,,"[3168070455, 3168070456, 3168070457, 3168070458, 3168070459, 3168070460, 3168070461, 3168070462, 3168070463, 3168070455]",park,,,,,,,,,,,,,,
way,311219975,,"POLYGON ((59.6346702 36.325453, 59.6346159 36.3255942, 59.6344431 36.3256677, 59.6343839 36.3255902, 59.6323427 36.3264592, 59.6323945 36.3265427, 59.6320194 36.3267117, 59.6320786 36.3267892, 59.6321798 36.3268091, 59.6347763 36.3256777, 59.6347962 36.3256196, 59.6346702 36.325453))",,,,"[3168070465, 3168070466, 3168070467, 3168070468, 3168070469, 3168070470, 3168070471, 3168070472, 3168070473, 3168070475, 3168070476, 3168070465]",park,,,,,,,,,,,,,,
way,311220040,,"POLYGON ((59.6273805 36.3274074, 59.627379 36.327481, 59.6277896 36.3274641, 59.627842 36.3274376, 59.627845 36.3272432, 59.6277761 36.3272227, 59.6273805 36.3274074))",,,,"[3168068188, 3168068189, 3168068190, 3168068191, 3168068192, 3168068193, 3168068188]",park,,,,,,,,,,,,,,
way,317148960,,"POLYGON ((59.6103848 36.3164808, 59.6104537 36.3166474, 59.6110261 36.3164759, 59.6109632 36.316348, 59.6103848 36.3164808))",,,,"[3233872602, 3233872603, 3233872604, 3233872605, 3233872602]",park,,,,,,,,,,,,,,
way,334242610,,"POLYGON ((59.5408644 36.3143347, 59.5407714 36.3142779, 59.5406958 36.3142062, 59.5406412 36.3141231, 59.54061 36.3140325, 59.5401918 36.3124585, 59.5398468 36.310588, 59.5398138 36.3104456, 59.5398879 36.3104327, 59.5408423 36.3140554, 59.5409195 36.3141729, 59.5410053 36.3142213, 59.5408644 36.3143347))",,,,"[3413461542, 3413461541, 3413461540, 3413461538, 3413461536, 3413461531, 3413461517, 3413461515, 3413461514, 260219148, 260219147, 260219146, 3413461542]",park,,,,,,,,,,,,,,
way,334242612,,"POLYGON ((59.5378323 36.3027558, 59.5377868 36.30274, 59.5377414 36.3028626, 59.5377313 36.3030362, 59.5377618 36.3032442, 59.537898 36.3037193, 59.5379648 36.3037068, 59.5380498 36.3040037, 59.537983 36.3040161, 59.5385443 36.3065417, 59.5393046 36.3093099, 59.5393899 36.3095638, 59.5394936 36.3097718, 59.5397111 36.3100617, 59.5397782 36.3103402, 59.5398598 36.3103262, 59.5383397 36.3046506, 59.5378323 36.3027558))",,,,"[260219152, 3413453531, 3413453532, 3413453535, 3413453541, 3413453561, 3413453560, 3413453572, 3413453573, 3413461437, 3413461502, 3413461506, 3413461508, 3413461509, 3413461512, 3413461511, 8795657830, 260219152]",park,,,,,,,,,,,,,,
way,334242613,,"POLYGON ((59.5390107 36.3106241, 59.5386405 36.3091449, 59.5386887 36.3088699, 59.5386945 36.3087161, 59.5391823 36.3105728, 59.539111 36.3106148, 59.5390107 36.3106241))",,,,"[3413461520, 3413461500, 3413461496, 3413461491, 3413461516, 3413461519, 3413461520]",park,,,,,,,,,,,,,,
way,334242614,,"POLYGON ((59.539742 36.3130579, 59.5395414 36.3127285, 59.5391095 36.3110551, 59.539204 36.3110411, 59.5392773 36.3112493, 59.5393872 36.3114529, 59.5394759 36.3117372, 59.5395916 36.3125172, 59.539742 36.3130579))",,,,"[3413461534, 3413461533, 3413461524, 3413461523, 3413461527, 3413461528, 3413461529, 3413461532, 3413461534]",park,,,,,,,,,,,,,,
way,334242616,,"POLYGON ((59.538576 36.3091394, 59.537278 36.3042061, 59.5373326 36.3041358, 59.5373996 36.3042173, 59.5374771 36.3043116, 59.537578 36.304516, 59.5381397 36.3066805, 59.538606 36.308511, 59.5386142 36.3088516, 59.538576 36.3091394))",,,,"[3413461499, 3413453577, 3413453575, 3413453578, 3413453580, 3413453584, 3413461445, 3413461486, 3413461494, 3413461499]",park,,,,,,,,,,,,,,
way,406172821,,"POLYGON ((59.6369432 36.3284555, 59.6369788 36.3285341, 59.636884 36.3285895, 59.6370097 36.3286985, 59.6378631 36.3282652, 59.638605 36.3281876, 59.6392176 36.3278862, 59.6402341 36.3276064, 59.6411114 36.3271166, 59.6413224 36.3266084, 59.6415958 36.3262145, 59.6419692 36.3259251, 59.6419452 36.3258789, 59.6416844 36.3259644, 59.6413753 36.3262401, 59.6412447 36.3263823, 59.6410855 36.3266799, 59.6409142 36.3270554, 59.6401661 36.3274661, 59.6399004 36.3275711, 59.639299 36.3277391, 59.6384767 36.3279261, 59.6380613 36.3280544, 59.6379583 36.3281646, 59.6377297 36.3281774, 59.6369432 36.3284555))",,,,"[4082729496, 4082729597, 4082729691, 4082759090, 4082729497, 4082729692, 4082729498, 4082729598, 4082729499, 4082729599, 4082729600, 4082729500, 4082729892, 4082729501, 4082729502, 4082729893, 4082729894, 4082783089, 4082783090, 4082783389, 4082729601, 4082783390, 4082729895, 4082729503, 4082729896, 4082729496]",park,,,,,,,,,,,,,,
way,407537407,,"POLYGON ((59.5343438 36.3643441, 59.5343001 36.3643602, 59.5342555 36.3643341, 59.5342663 36.3642976, 59.5350865 36.3634734, 59.5351589 36.3635144, 59.5343438 36.3643441))",,,بوستان نعناع,"[4095899523, 4095899527, 4095899528, 4095899524, 4095899525, 4095899526, 4095899523]",park,,,,,,,,,,,,,,
way,407537536,,"POLYGON ((59.5348275 36.3640577, 59.5352297 36.3642439, 59.5353632 36.3640276, 59.5350147 36.3638794, 59.5349431 36.3639135, 59.5348275 36.3640577))",,,بوستان شقایق,"[4095901559, 4095901560, 4095901561, 4095901562, 4063611778, 4095901559]",park,,,,,,,,,,,,,,
way,444014630,,"POLYGON ((59.6258846 36.2907749, 59.6259623 36.2908832, 59.6256114 36.2910469, 59.6255336 36.2909387, 59.6258846 36.2907749))",,,,"[5322771010, 5322771009, 5322771008, 5322771011, 5322771010]",park,,,,,,,,,,,,,,
way,445072942,,"POLYGON ((59.5495558 36.2827147, 59.5498938 36.2824706, 59.5503286 36.282862, 59.5499907 36.283106, 59.5495558 36.2827147))",,,,"[4425287573, 4425287574, 4425287575, 4425287576, 4425287573]",park,,,,,,,,,,,,,,
way,445074909,,"POLYGON ((59.5460465 36.2833088, 59.5461076 36.2831482, 59.5468933 36.2833194, 59.547647 36.28277, 59.5487944 36.2837916, 59.5487064 36.2839235, 59.5460465 36.2833088))",,,فضای سبز,"[4425305256, 4425305257, 4425305258, 4425305259, 9215717562, 4425305260, 4425305256]",park,,,,,,,,,,,,,,
way,465248319,,"POLYGON ((59.6322421 36.3018966, 59.6320557 36.3019593, 59.6318948 36.3019972, 59.6317589 36.301991, 59.6316265 36.3019658, 59.6314683 36.3019107, 59.6313369 36.301835, 59.6312832 36.3017886, 59.6314763 36.3016405, 59.6315608 36.301554, 59.6322421 36.3018966))",,,,"[4602398044, 4602398043, 4602398042, 4602398041, 4602398040, 4602398039, 4602398038, 4602398037, 4602398036, 4602398035, 4602398044]",park,,,,,,,,,,,,,,
way,465248322,,"POLYGON ((59.6330589 36.3016643, 59.6330884 36.3016243, 59.632674 36.3014071, 59.6322542 36.3018945, 59.6328617 36.301647, 59.6329703 36.3016362, 59.6330589 36.3016643))",,,بوستان گل گندم,"[4602398050, 4602398049, 4602398048, 4602398047, 4602398046, 4602398045, 4602398050]",park,,Gol-e Gandom park,,,,,,,,,,,,
way,507511931,,"POLYGON ((59.6128205 36.3270584, 59.6123089 36.3272583, 59.6120998 36.3269109, 59.6126114 36.326711, 59.6128205 36.3270584))",,,,"[4969962697, 4969962696, 4969962695, 4969962694, 4969962697]",park,,,,,,,,,,,,,,
way,514332009,,"POLYGON ((59.6240607 36.3306414, 59.6224058 36.3308142, 59.6202734 36.3314971, 59.619981 36.3316332, 59.6187848 36.3329016, 59.6178246 36.3339582, 59.6174356 36.3342736, 59.6166147 36.334628, 59.6158399 36.3348793, 59.6155456 36.3348793, 59.6163114 36.3344238, 59.6168345 36.3343608, 59.6169206 36.3343082, 59.6170614 36.3341295, 59.6172452 36.3340986, 59.6174319 36.3339552, 59.6175161 36.3338436, 59.6176127 36.3337053, 59.6177629 36.3336362, 59.6178308 36.3335238, 59.6179238 36.3333099, 59.618066 36.3331565, 59.6184871 36.3329167, 59.619104 36.3323203, 59.6191254 36.3320005, 59.6190181 36.3316872, 59.6198657 36.3312313, 59.6203002 36.3310433, 59.6215019 36.3307192, 59.6226096 36.330663, 59.6240473 36.3305204, 59.6240607 36.3306414))",مشهد,,,"[5025133745, 5025133744, 5025133743, 5025133742, 5025133741, 5025133740, 5025133739, 5025133738, 5025133737, 5025133736, 5025133735, 5025133734, 5025133733, 5025133732, 5025133731, 5025133730, 5025133729, 5025133728, 5025133727, 5025133726, 5025133725, 5025133724, 5025133723, 5025133722, 5025133721, 5025132720, 5025132719, 5025132718, 5025132717, 5025132716, 5025132715, 5025133745]",park,,,,,,,,,,,,,,
way,536846541,,"POLYGON ((59.5304914 36.3145672, 59.5311337 36.31422, 59.5314102 36.3140234, 59.5317354 36.3141151, 59.5322639 36.3150946, 59.5320972 36.315147, 59.5322488 36.3155563, 59.5319955 36.3156312, 59.5317775 36.3155518, 59.5316506 36.3154696, 59.5315278 36.315429, 59.5314508 36.3155696, 59.5315178 36.3156581, 59.5319195 36.3158022, 59.5320146 36.3159965, 59.5318052 36.3163825, 59.5320442 36.3164699, 59.5321092 36.3163576, 59.5320877 36.3163118, 59.5321481 36.3162082, 59.5322114 36.3160869, 59.5323179 36.3160507, 59.5324439 36.3160098, 59.5326867 36.316407, 59.5315077 36.3168144, 59.5307719 36.3153043, 59.5305483 36.3148587, 59.5305285 36.3147052, 59.5304914 36.3145672))",,,,"[5199665836, 5199665837, 5199665838, 5199665839, 5199665840, 5199665841, 5199665842, 5199665843, 5199665844, 5199665845, 5199665846, 5199665847, 5199665848, 5199665849, 5199665850, 5199665851, 5199665852, 5199665853, 8377395887, 5199665860, 8377395886, 5199665854, 5199665855, 5199665856, 5199665857, 5199665858, 5199665859, 9956111232, 5199665836]",park,,,,,,,,,,,,,,
way,536849306,,"POLYGON ((59.5634615 36.3248491, 59.5636547 36.3248231, 59.563821 36.324767, 59.5639631 36.3246913, 59.5641053 36.3246006, 59.5641616 36.3244817, 59.5641428 36.3243909, 59.5640838 36.3243045, 59.5639846 36.3242548, 59.5638424 36.3242094, 59.5636386 36.3241619, 59.5634911 36.3241489, 59.5633248 36.3241511, 59.563137 36.3241943, 59.5629519 36.3242721, 59.562783 36.3243909, 59.5627105 36.324512, 59.5627508 36.3246438, 59.562901 36.3247389, 59.5631558 36.3248167, 59.5633248 36.3248491, 59.5634615 36.3248491))",,,,"[5199681999, 5199682000, 5199682001, 5199682002, 5199682003, 5199682004, 5199682005, 5199682006, 5199682007, 5199682008, 5199682009, 5199682010, 5199682011, 5199682012, 5199682013, 5199682014, 5199682015, 5199682016, 5199682017, 5199682018, 5199682019, 5199681999]",park,,,,,,,,,,,,,,
way,537262841,,"POLYGON ((59.5378333 36.3007726, 59.5378483 36.3006205, 59.5378303 36.3005021, 59.5377844 36.3003977, 59.5378711 36.3004373, 59.5379642 36.3004644, 59.538147 36.3004694, 59.5378333 36.3007726))",,,,"[5203106136, 5203106137, 5203106138, 5203106142, 5203106141, 5203106140, 5203106139, 5203106136]",park,,,,,,,,,,,,,,
way,549554257,,"POLYGON ((59.6316487 36.312724, 59.6317479 36.3127348, 59.6322468 36.3124819, 59.6322025 36.3124008, 59.6315065 36.3126332, 59.6316487 36.312724))",,,بوستان گلها,"[4969965146, 4969965147, 4969965143, 4969965144, 4969965145, 4969965146]",park,,,,,,,,,,,,,,
way,549868382,,"POLYGON ((59.5943126 36.3313499, 59.5948064 36.3312869, 59.5947582 36.3310414, 59.5942644 36.3311044, 59.5943126 36.3313499))",مشهد,۲۲/۱,زمین بازی,"[5311668047, 5311668048, 5311668049, 5311668050, 5311668047]",park,,,,,,,,,,,,,,
way,549902747,,"POLYGON ((59.5920438 36.333157, 59.5919514 36.3330036, 59.592963 36.3328828, 59.5930072 36.3329045, 59.5929957 36.3329323, 59.5929245 36.3329695, 59.5920438 36.333157))",مشهد,موسوی قوچانی۳۳,,"[5311902984, 5311902985, 5311902986, 5311902987, 5311902988, 5311902989, 5311902984]",park,,,,,,,,,,,,,,
way,550707850,,"POLYGON ((59.6294989 36.3136944, 59.6295627 36.3136923, 59.6297287 36.313619, 59.6298148 36.313581, 59.6299088 36.3135395, 59.6300234 36.3134888, 59.6301125 36.3134495, 59.630203 36.3134096, 59.6302829 36.3133742, 59.6303825 36.3133303, 59.6305077 36.313275, 59.6306328 36.3132197, 59.6307465 36.3131695, 59.6308765 36.3131121, 59.6309981 36.3130584, 59.6310695 36.3130269, 59.6311416 36.312995, 59.6312369 36.312953, 59.631326 36.3129136, 59.631421 36.3128717, 59.6314696 36.3128502, 59.6314003 36.3127517, 59.6312053 36.312831, 59.6310748 36.312884, 59.6309227 36.3129458, 59.6307569 36.3130133, 59.6304897 36.3131219, 59.6301933 36.3132424, 59.6299906 36.3133248, 59.629837 36.3133872, 59.6297126 36.3134378, 59.6296481 36.313464, 59.6294179 36.3135576, 59.6294639 36.3136353, 59.6294989 36.3136944))",,بولوار فاطمیه,,"[4969965148, 277555808, 5318938500, 5318938501, 5318938502, 5318938503, 5318938504, 5318938505, 5318938506, 5318938507, 5318938508, 5318938509, 5318938510, 5318938511, 5318938512, 5318938513, 5318938514, 5318938515, 5318938516, 5318938517, 277555809, 277555810, 5318938518, 5318938519, 5318938520, 5318938621, 5318938622, 5318938623, 5318938624, 5318938625, 5318938626, 5318938627, 277555807, 5318938628, 4969965148]",park,,,,,,,,,,,,,,
way,554277645,,"POLYGON ((59.6280885 36.3417408, 59.6283419 36.3420037, 59.6288669 36.3416754, 59.6286134 36.3414125, 59.6280885 36.3417408))",,,,"[5349238016, 5349238017, 5349238018, 5349238019, 5349238016]",park,,,,,,,,,,,,,,
way,554277646,,"POLYGON ((59.6290142 36.3418066, 59.6291952 36.3419953, 59.6290401 36.3420919, 59.6292607 36.342322, 59.6288768 36.3425609, 59.6284751 36.3421421, 59.6290142 36.3418066))",,,,"[5349238020, 5349238521, 5349238522, 5349238523, 5349238524, 5349238525, 5349238020]",park,,,,,,,,,,,,,,
way,554278047,,"POLYGON ((59.630065 36.3421569, 59.6304509 36.3419059, 59.6303045 36.3417599, 59.6299186 36.3420109, 59.630065 36.3421569))",,,,"[5349241212, 5349241213, 5349241214, 5349241215, 5349241212]",park,,,,,,,,,,,,,,
way,554278050,,"POLYGON ((59.6293221 36.3416323, 59.6294897 36.3417998, 59.629693 36.3416678, 59.6299078 36.3418826, 59.6302285 36.3416745, 59.6298461 36.3412922, 59.6293221 36.3416323))",,,,"[5349241216, 5349241217, 5349241218, 5349241219, 5349241220, 5349241721, 5349241216]",park,,,,,,,,,,,,,,
way,554278140,,"POLYGON ((59.6289562 36.3412231, 59.6291913 36.3414555, 59.6296711 36.3411405, 59.629436 36.3409081, 59.6289562 36.3412231))",,,,"[5349242133, 5349242134, 5349242135, 5349242136, 5349242133]",park,,,,,,,,,,,,,,
way,554278303,,"POLYGON ((59.6289721 36.3426318, 59.6291101 36.3427666, 59.6294616 36.3425332, 59.6293236 36.3423984, 59.6289721 36.3426318))",,,,"[5349242912, 5349242913, 5349242914, 5349242915, 5349242912]",park,,,,,,,,,,,,,,
way,554598994,,"POLYGON ((59.5615196 36.2907066, 59.5613426 36.2910415, 59.5613426 36.2910601, 59.5613907 36.2910523, 59.5614242 36.2910494, 59.5614619 36.2910461, 59.5615023 36.2910725, 59.5614984 36.2910911, 59.5614773 36.2910957, 59.561535 36.2912058, 59.5615734 36.2911996, 59.5615196 36.2907066))",,,بوستان کوچک,"[5352114421, 5352114422, 5352114423, 5352114424, 5352114434, 5352114425, 5352114426, 5352114427, 5352114428, 5352114431, 5352114429, 5352114421]",park,,,,,,,,,,,,,,
way,554600495,,"POLYGON ((59.5611122 36.2872404, 59.5614226 36.2872914, 59.5614538 36.2869049, 59.5614141 36.2868428, 59.5613391 36.2868645, 59.5611122 36.2872404))",,,بوستان گل سوسن,"[5352126799, 5745480363, 5745480362, 5352126802, 5352126803, 5352126799]",park,,,,,,,,,,,,,,
way,554661982,,"POLYGON ((59.6400988 36.3338157, 59.6409506 36.3347112, 59.6410485 36.334749, 59.6411102 36.3347393, 59.6411638 36.3346971, 59.641365 36.3342682, 59.6413744 36.334238, 59.6414738 36.3339183, 59.642304 36.3325758, 59.6423226 36.3324328, 59.6400988 36.3338157))",,,بوستان گلایل,"[724383805, 5352706359, 724383680, 5352706360, 5352706361, 5352706364, 8928815067, 724383880, 5352706374, 724383825, 724383805]",park,,Glayol Park,,,,,,,,,,,,
way,556572284,,"POLYGON ((59.5889727 36.2963629, 59.5887568 36.2963761, 59.5885874 36.2964981, 59.5883654 36.2963464, 59.5893298 36.2954434, 59.589407 36.2955526, 59.5892653 36.2956242, 59.5891632 36.2959107, 59.5893395 36.2962379, 59.5889727 36.2963629))",,,بوستان ادب,"[5337743416, 10940502551, 10940502550, 5368952775, 5368952774, 10940502558, 10940502557, 10940502552, 5368952773, 5337743416]",park,,,,,,,,,,,,,,
way,556854405,,"POLYGON ((59.5916382 36.3396925, 59.5922135 36.3396731, 59.5922323 36.3402629, 59.592078 36.3404023, 59.5921087 36.3407523, 59.5917026 36.3407998, 59.5916382 36.3396925))",,,,"[5371214977, 5371214976, 2010637507, 2010637517, 2010637533, 5371214972, 5371214977]",park,,,,,,,,,,,,,,
way,556854407,,"POLYGON ((59.6279633 36.3303864, 59.6268421 36.3304815, 59.6251953 36.3303432, 59.6250692 36.3304015, 59.6249351 36.3305506, 59.6249673 36.3306759, 59.6250156 36.33073, 59.6266115 36.3307861, 59.62751 36.3308423, 59.6289343 36.3309763, 59.6294546 36.3309979, 59.6298167 36.3309849, 59.634347 36.3300126, 59.6342933 36.3298483, 59.633089 36.3298548, 59.6325821 36.3301811, 59.6312195 36.3304966, 59.6310452 36.3305009, 59.6309298 36.330395, 59.6305221 36.3305593, 59.6301734 36.3305506, 59.6300742 36.3297576, 59.6292642 36.3298505, 59.6293876 36.330596, 59.629114 36.330704, 59.628194 36.3304123, 59.6279633 36.3303864))",,,بوستان رز,"[5371215004, 5371215003, 5371215002, 5326285814, 5371215001, 5371215000, 5371214999, 5371214998, 5371214997, 5371214996, 5371214995, 5371214994, 5371214993, 5371214992, 5371214991, 5371214990, 5371214989, 5371214988, 5371214987, 5371214986, 5371214985, 5371214984, 5371214983, 5371214982, 5371214981, 5371214980, 5371215004]",park,,,,,,,,,,,,,,
way,558912415,,"POLYGON ((59.6292297 36.2829651, 59.6280911 36.2820226, 59.6273357 36.2819944, 59.6274998 36.2826751, 59.6273114 36.282748, 59.6275527 36.2829726, 59.6276023 36.2832924, 59.627746 36.2834737, 59.627931 36.2835769, 59.6292297 36.2829651))",,,بوستان بانوان وحدت,"[5391027156, 516228624, 516228621, 516228625, 516228626, 4454656895, 696536495, 5391027155, 5391027157, 5391027156]",park,,Vahdat ladies park,,,,,,,,,,,,
way,580885882,,"POLYGON ((59.636836 36.3202558, 59.6367717 36.3201607, 59.6366966 36.3201088, 59.6365517 36.320098, 59.6385822 36.3192768, 59.6385688 36.319346, 59.636836 36.3202558))",,,,"[5559412753, 5559412752, 5559412751, 5559412750, 5559412749, 5559412748, 5559412753]",park,,,,,,,,,,,,,,
way,611773727,,"POLYGON ((59.5312764 36.3377689, 59.5313596 36.3378624, 59.537241 36.3368024, 59.5372876 36.3367004, 59.5312764 36.3377689))",,,,"[5791889164, 5791889166, 5791889173, 5791889174, 5791889164]",park,,,,,,,,,,,,,,
way,685116843,,"POLYGON ((59.530457 36.2905673, 59.5304516 36.2904927, 59.5304946 36.2904074, 59.5322863 36.2894712, 59.5323895 36.2894485, 59.5326283 36.2893307, 59.532694 36.2892539, 59.5328227 36.289188, 59.5329501 36.2891621, 59.5332599 36.2889988, 59.5333672 36.2889059, 59.5340834 36.2885318, 59.5343355 36.2885189, 59.5344723 36.2885178, 59.5345608 36.2885286, 59.5345514 36.2885783, 59.5342564 36.2885448, 59.5333243 36.2890161, 59.5333618 36.2890626, 59.532926 36.2892896, 59.5330212 36.2894215, 59.5328133 36.2895631, 59.5326859 36.2896885, 59.5325907 36.2895631, 59.5325786 36.2895199, 59.5325129 36.2894874, 59.5324231 36.2895145, 59.530457 36.2905673))",,,,"[6419593240, 6419593239, 6419595959, 6419595958, 6419595957, 6419595956, 6419595955, 6419595954, 6419595953, 6419595952, 6419595951, 6419595950, 6419595949, 6419595948, 6419595947, 6419595946, 6419595945, 6419595944, 6419595943, 6419595942, 6419595941, 6419595940, 6419595939, 6419595938, 6419595937, 6419595936, 6419595935, 6419593240]",park,,,,,,,,,,,,,,
way,685116852,,"POLYGON ((59.5294257 36.2956369, 59.5291675 36.2956028, 59.5290676 36.2954531, 59.5291883 36.2953299, 59.5287994 36.2950381, 59.5287618 36.2948803, 59.5284533 36.2946835, 59.5283139 36.2947981, 59.52811 36.2946468, 59.5279652 36.2947808, 59.5276594 36.2945906, 59.5275924 36.2944782, 59.5276165 36.2944025, 59.527764 36.2942209, 59.5277882 36.294128, 59.5277989 36.2939918, 59.5276809 36.2937431, 59.5275977 36.2936048, 59.5274529 36.2934729, 59.5276245 36.2932697, 59.5272759 36.2930622, 59.5273617 36.2929605, 59.5272866 36.2929086, 59.527359 36.2928147, 59.5280027 36.2931562, 59.5286612 36.292913, 59.5291936 36.2928038, 59.5294224 36.2924454, 59.5296053 36.2924712, 59.5311983 36.2916909, 59.5329055 36.2935231, 59.5295343 36.2954964, 59.5295718 36.2955396, 59.5294257 36.2956369))",,,بوستان وفا,"[6419596028, 6419596027, 6419596026, 6419596025, 6419596024, 6419596023, 6419596022, 6419596021, 6419596020, 6419596019, 6419596018, 6419596017, 6419596016, 6419596015, 6419596014, 6419596013, 6419596012, 6419596011, 6419596010, 6419596009, 6419596008, 6419596007, 6419596006, 6419596005, 6419596004, 6419596003, 9216989380, 8322780768, 8322780767, 8322780766, 6419595994, 6419595993, 6419595992, 6419596028]",park,,Vafa park,,,,,,,,,,,,
way,686024424,,"POLYGON ((59.6348056 36.3219998, 59.6347721 36.3220506, 59.6347413 36.3221813, 59.6347573 36.3222159, 59.6348136 36.3223012, 59.6351516 36.3222094, 59.6351865 36.3221532, 59.6350712 36.3219242, 59.634811 36.3220733, 59.6348056 36.3219998))",,,,"[6429896007, 6429896003, 6429896002, 6429896001, 6429896000, 6429895999, 6429895998, 6429896009, 6429896008, 6429896007]",park,,,,,,,,,,,,,,
way,702963618,,"POLYGON ((59.6075441 36.3351185, 59.6087312 36.3345185, 59.608777 36.3344834, 59.6087976 36.3344428, 59.6087976 36.334404, 59.6087793 36.3343634, 59.6087541 36.3343339, 59.6074547 36.3349856, 59.6075441 36.3351185))",,,,"[6601663510, 6601663511, 6601663512, 6601663513, 6601663514, 6601663515, 6601663516, 6601663517, 6601663510]",park,,,,,,,,,,,,,,
way,702963619,,"POLYGON ((59.6088185 36.3343115, 59.6088444 36.3343512, 59.6088781 36.3343742, 59.6089171 36.3343909, 59.6089742 36.3343909, 59.6090157 36.3343721, 59.6097474 36.3340201, 59.6101237 36.333839, 59.6101522 36.333816, 59.61016 36.3337951, 59.61016 36.3337763, 59.6101237 36.3336885, 59.6088185 36.3343115))",,,,"[6601663518, 6601663519, 6601663520, 6601663521, 6601663522, 6601663523, 6601663548, 6601663524, 6601663525, 6601663526, 6601663527, 6601663528, 6601663518]",park,,,,,,,,,,,,,,
way,702963621,,"POLYGON ((59.6136799 36.3319143, 59.6137396 36.3319937, 59.6147724 36.3314669, 59.614736 36.3314502, 59.6146971 36.3314418, 59.6146426 36.3314377, 59.6145725 36.3314669, 59.6136799 36.3319143))",,,,"[6601663550, 6601663551, 6601663552, 6601663553, 6601663554, 6601663555, 6601663556, 6601663550]",park,,,,,,,,,,,,,,
way,704002199,,"POLYGON ((59.6005672 36.3526419, 59.6013477 36.3523157, 59.6010098 36.3518037, 59.6006584 36.3519636, 59.6004197 36.3520392, 59.6001381 36.3520305, 59.60002 36.3520932, 59.6005672 36.3526419))",,,,"[6610564595, 6610564594, 6610564593, 6610564592, 6610564591, 6610564590, 6610564589, 6610564595]",park,,,,,,,,,,,,,,
way,762954611,,"POLYGON ((59.6094842 36.3423035, 59.6102849 36.3437348, 59.6104673 36.3438666, 59.6106631 36.3439239, 59.6109071 36.3439401, 59.6111364 36.3439141, 59.6115495 36.3437532, 59.6112145 36.3433818, 59.6100944 36.3420972, 59.6094842 36.3423035))",,,,"[7129304341, 7129304342, 7778183636, 7778183635, 7129304343, 7778183634, 7129304344, 7129304369, 7129304346, 7129304341]",park,,,,,,,,,,,,,,
way,843498556,,"POLYGON ((59.5645331 36.3557505, 59.5647723 36.3560018, 59.5645432 36.3561433, 59.5643039 36.3558921, 59.5645331 36.3557505))",,,,"[7868190714, 7868190713, 7868190712, 7868190711, 7868190714]",park,,,,,,,,,,,,,,
way,865267500,,"POLYGON ((59.5704706 36.3278012, 59.5714653 36.3277107, 59.5726148 36.3276218, 59.5730475 36.3275842, 59.5733401 36.3275705, 59.5730347 36.3273006, 59.5726381 36.3269264, 59.5726127 36.3269093, 59.5725681 36.326923, 59.5725003 36.3269947, 59.572337 36.327181, 59.5721885 36.3272955, 59.5719149 36.3274116, 59.5715904 36.3275107, 59.5713614 36.3275518, 59.5709075 36.3276013, 59.5705915 36.3276355, 59.5704706 36.3277055, 59.5704706 36.3278012))",,,,"[8064979671, 8064979672, 8064979673, 8064979674, 8064979675, 8064979676, 8064979677, 8064979678, 8064979679, 8064979680, 8064979681, 8064979682, 8064979683, 8064979684, 8064980585, 8064980586, 8064980587, 8064980588, 8064979671]",park,,,,,,,,,,,,,,
way,865267501,,"POLYGON ((59.5702691 36.3278046, 59.5675883 36.3279875, 59.5670666 36.3281532, 59.5669266 36.328225, 59.5668608 36.3281412, 59.5669033 36.3280592, 59.5669775 36.3279704, 59.567039 36.327926, 59.5671366 36.3279003, 59.567618 36.327873, 59.568144 36.3278439, 59.5683921 36.3278251, 59.5701291 36.3276645, 59.5702606 36.3277124, 59.5702691 36.3278046))",,,,"[8064980589, 8064980590, 8064980591, 8064980592, 8064980593, 8064980594, 8064980595, 8064980596, 8064980597, 8064980598, 8064980599, 8064980600, 8064980601, 8064980602, 8064980589]",park,,,,,,,,,,,,,,
way,865273152,,"POLYGON ((59.5747446 36.3475693, 59.5749265 36.3476786, 59.5750545 36.3475405, 59.5748725 36.3474311, 59.5747446 36.3475693))",,,,"[8065036440, 8065036441, 8065036442, 8065036443, 8065036440]",park,,,,,,,,,,,,,,
way,865273153,,"POLYGON ((59.5744094 36.3473651, 59.5746384 36.3475064, 59.5747744 36.3473634, 59.5745454 36.3472222, 59.5744094 36.3473651))",,,,"[8065036444, 8065036445, 8065036446, 8065036447, 8065036444]",park,,,,,,,,,,,,,,
way,867332078,,"POLYGON ((59.6253428 36.3352881, 59.6253441 36.3353486, 59.6252784 36.3354339, 59.6251604 36.3354577, 59.624286 36.3316688, 59.624231 36.3309363, 59.6243611 36.330999, 59.624404 36.3310552, 59.6245408 36.3316764, 59.6247822 36.3321626, 59.6249042 36.3326779, 59.624809 36.3328421, 59.6249592 36.3335098, 59.6251282 36.333674, 59.6252704 36.3343655, 59.62521 36.3344692, 59.62521 36.3345653, 59.6253428 36.3352881))",,,,"[8084875148, 8084875139, 8084875154, 8084875151, 8084875152, 8084875140, 8084875149, 8084875150, 8746449983, 8084875145, 8746501631, 8746501630, 8746501629, 8746501628, 8084875146, 8746449982, 8084875143, 8084875148]",park,,,,,,,,,,,,,,
way,867334546,,"POLYGON ((59.6254072 36.3358012, 59.6256137 36.3368394, 59.6256244 36.3369647, 59.6258457 36.3369334, 59.6256325 36.3360281, 59.6255386 36.3358758, 59.6254072 36.3358012))",,,,"[8084864992, 8987180321, 8084864995, 8084864989, 8987180320, 8084865000, 8084864992]",park,,,,,,,,,,,,,,
way,869768605,,"POLYGON ((59.571961 36.3175252, 59.5720233 36.3177583, 59.5724393 36.3177857, 59.5728371 36.3180416, 59.5731085 36.3186615, 59.5730542 36.3189675, 59.5728633 36.3192946, 59.5724634 36.3194905, 59.5723508 36.319824, 59.5724809 36.320125, 59.5716252 36.3202834, 59.5715471 36.3200409, 59.5715633 36.3193156, 59.571503 36.3190906, 59.5712839 36.3190922, 59.5710328 36.3189287, 59.5708157 36.3187926, 59.5706791 36.3183667, 59.5706666 36.318229, 59.5706449 36.3179895, 59.5710186 36.3175231, 59.5713361 36.3173174, 59.5715149 36.3173853, 59.571961 36.3175252))",,,پارک‌ ششصد دستگاه,"[8104250118, 8104250168, 8104250151, 8104238300, 8104250140, 8104250134, 8104250160, 8104250152, 8104238308, 3030310234, 8104250144, 8104250132, 8104250172, 8104250156, 8104238312, 8104250171, 8104250125, 8104250149, 10245608173, 8104238304, 8104250142, 8104250164, 8104238305, 8104250118]",park,,,,,,,,,,,,,,
way,913476694,,"POLYGON ((59.5675257 36.305107, 59.5675017 36.3050283, 59.5676265 36.3050013, 59.5677049 36.3051083, 59.5676793 36.3051096, 59.5675257 36.305107))",,,بوستان صفا,"[8485579012, 8485579013, 8485579014, 8485579015, 8485579016, 8485579012]",park,,Safa Park,,,,,,,,,,,,
way,936409354,,"POLYGON ((59.6001059 36.3369043, 59.5997371 36.3371138, 59.5995507 36.3371678, 59.598231 36.3373126, 59.5978059 36.337574, 59.5981707 36.3375924, 59.5985207 36.3375751, 59.5985904 36.3374585, 59.5986722 36.3374228, 59.5995668 36.3372921, 59.6002427 36.3371074, 59.6001059 36.3369043))",,,,"[8676887238, 8676887237, 8676887236, 8676887235, 8676887234, 8676887233, 8676887232, 8676887231, 8676887230, 8676887229, 8676887228, 8676887238]",park,,,,,,,,,,,,,,
way,949665482,,"POLYGON ((59.6247621 36.3123306, 59.624117 36.3118022, 59.6243598 36.3116908, 59.6242538 36.3115396, 59.6244013 36.3114909, 59.6248841 36.3122852, 59.6247621 36.3123306))",,,بوستان ستاره,"[8791530728, 8791423355, 8791530727, 8791530726, 8791530725, 8791530724, 8791530728]",park,,Setareh park,,,,,,,,,,,,
way,949669308,,"POLYGON ((59.5385666 36.2918711, 59.5381204 36.291486, 59.5376461 36.2918431, 59.5378903 36.2920538, 59.5376204 36.292257, 59.5378224 36.2924314, 59.5385666 36.2918711))",,,بوستان نسیم,"[8791581235, 8791581234, 8788753996, 8788745658, 8791581233, 8791581232, 8791581235]",park,,Nasim park,,,,,,,,,,,,
way,955800213,,"POLYGON ((59.6317888 36.3267969, 59.6318532 36.3268769, 59.6318237 36.3269374, 59.6313791 36.3271594, 59.6302747 36.3277661, 59.629466 36.328249, 59.6294617 36.3281114, 59.6301703 36.3276541, 59.6303243 36.3275684, 59.6312604 36.3270411, 59.6317888 36.3267969))",,,,"[8845994536, 8845994537, 8845994538, 8845994543, 8845994542, 8845994539, 3734606636, 3734606637, 8845994540, 8845994541, 8845994536]",park,,,,,,,,,,,,,,
way,956316963,,"POLYGON ((59.5400378 36.3366082, 59.5391849 36.3367357, 59.539496 36.3367595, 59.5398648 36.336807, 59.5400834 36.3368708, 59.5402068 36.3368556, 59.5405407 36.3369745, 59.5406011 36.3370469, 59.5410262 36.3372716, 59.5413937 36.3375352, 59.5420267 36.3380181, 59.5421058 36.3380537, 59.5421621 36.3380699, 59.5422694 36.3380526, 59.5423284 36.3380343, 59.5411509 36.3371538, 59.5406829 36.3368999, 59.5402551 36.3367282, 59.5400365 36.3366601, 59.5400378 36.3366082))",,,,"[8850550313, 8850550312, 8850550311, 8850550310, 8850550309, 8850550308, 8850550307, 8850550306, 8850550305, 8850550304, 8850550303, 8850550302, 8850550301, 8850550300, 8850550299, 8850550298, 8850550297, 8850550296, 8850550295, 8850550313]",park,,,,,,,,,,,,,,
way,956316964,,"POLYGON ((59.537762 36.3366158, 59.5378089 36.3367001, 59.5454358 36.3354058, 59.5453995 36.3352838, 59.537762 36.3366158))",,,بوستان شبرنگ,"[8850558828, 8850558827, 8850558826, 8850558825, 8850558828]",park,,Shabrang park,,,,,,,,,,,,
way,965367707,,"POLYGON ((59.5398353 36.344209, 59.5396221 36.3434378, 59.5412046 36.3431818, 59.5410544 36.3426719, 59.5410758 36.3426027, 59.5415854 36.3425055, 59.5415318 36.3423046, 59.5444071 36.3417969, 59.5448175 36.3432639, 59.540129 36.3441259, 59.5401478 36.3442058, 59.5398353 36.344209))",,,بوستان مادر وکودک,"[750574902, 8930585284, 8930585283, 8930585282, 8930585281, 8930585280, 8930585279, 8930585278, 8930585277, 8930585276, 8930585275, 750574902]",park,,Mother and child park,,,,theme_park,,,,,,,,
way,971061644,,"POLYGON ((59.624836 36.3496088, 59.6244461 36.3500239, 59.6244845 36.3501014, 59.6243625 36.3502261, 59.6239132 36.3498012, 59.6245702 36.3493504, 59.6247902 36.3495643, 59.624836 36.3496088))",,,,"[8987180328, 8987180325, 8987180326, 8987180327, 8987180329, 8987180331, 8987180330, 8987180328]",park,,,,,,,,,,,,,,
way,976866672,,"POLYGON ((59.6388853 36.3420756, 59.6382415 36.3416219, 59.6394646 36.3404206, 59.6401888 36.3409694, 59.6388853 36.3420756))",,,,"[9039692117, 9039678716, 9039678715, 9039678714, 9039692117]",park,,,,,,,,,,,,,,
way,976866683,,"POLYGON ((59.6361816 36.3405459, 59.6361387 36.3405157, 59.6373886 36.3395586, 59.6376488 36.339094, 59.6376729 36.3389903, 59.6376541 36.3389125, 59.6375898 36.3388607, 59.6375039 36.3388283, 59.637402 36.3388304, 59.6373242 36.3388456, 59.6372947 36.3388175, 59.6378472 36.3384502, 59.6377641 36.3383724, 59.6378794 36.3383119, 59.6382228 36.3384459, 59.6380913 36.338703, 59.6380457 36.3389579, 59.6379814 36.3391761, 59.6378607 36.339403, 59.6372706 36.3400166, 59.6370238 36.3400144, 59.6366858 36.3402737, 59.6361816 36.3405459))",,,,"[9039677777, 9039677776, 9039677775, 9039677774, 9039677773, 9039677772, 9039677771, 9039677770, 9039677769, 9039677768, 9039677767, 9039677766, 9039677765, 9039677764, 9039677763, 9039677762, 9039677761, 9039677760, 9039677759, 9039677758, 9039677757, 9039677756, 9039677777]",park,,,,,,,,,,,,,,
way,983196269,,"POLYGON ((59.569945 36.322405, 59.5708136 36.3222407, 59.5704393 36.3206563, 59.5689994 36.3214596, 59.569945 36.322405))",,,512 Dastgah,"[9090969198, 9090969199, 9090969200, 8334066758, 9090969198]",park,,,,,,,,,,,,,,
way,987460870,,"POLYGON ((59.5357649 36.304142, 59.5358269 36.303919, 59.5351978 36.3038215, 59.5351403 36.3040542, 59.5354436 36.3040968, 59.5357649 36.304142))",,,,"[9127290115, 9127290116, 9127301417, 9127301418, 9127301426, 9127290115]",park,,,,,,,,,,,,,,
way,1052227973,,"POLYGON ((59.6162874 36.2907714, 59.6161332 36.2905099, 59.6161448 36.2901499, 59.6172275 36.2898541, 59.6181612 36.2905158, 59.6176726 36.2908524, 59.6173346 36.2910102, 59.6169063 36.2906707, 59.6162874 36.2907714))",,,باغ رضوان,"[266334417, 266334418, 266334419, 266334420, 266334421, 266334422, 266334423, 266334424, 266334417]",park,,,,,,,,,,,,,,
way,1092521463,,"POLYGON ((59.552211 36.359888, 59.5530385 36.3606882, 59.5527743 36.3609356, 59.5519482 36.3604182, 59.552211 36.359888))",مشهد,,,"[10005628256, 10005628255, 10005628254, 10005628253, 10005628256]",park,,,,,,,,,,,,,,
way,1123732851,,"POLYGON ((59.6018996 36.3508507, 59.6014986 36.3511201, 59.6016197 36.3512799, 59.6018642 36.3510467, 59.601965 36.3511987, 59.6021438 36.3510763, 59.6018996 36.3508507))",,,,"[10276649935, 10276649931, 10276649936, 10276649950, 10276649955, 10276649951, 10276649935]",park,,,,,,,,,,,,,,
way,1156148973,,"POLYGON ((59.5866894 36.3438206, 59.5865017 36.3436305, 59.5852303 36.3444083, 59.5853859 36.3445941, 59.5866894 36.3438206))",مشهد,,,"[10751712370, 10751712371, 10751712372, 10751712373, 10751712370]",park,,,,,,,,,,,,,,
way,1159584901,,"POLYGON ((59.5628299 36.3299951, 59.5629256 36.3297703, 59.5626481 36.3296276, 59.5625146 36.3298553, 59.5625753 36.3298869, 59.5628299 36.3299951))",,جانباز۵,هلیوم پارک helium park,"[10783732894, 10783732895, 5669124306, 10783732896, 10783732897, 10783732894]",park,,,,,,,,,,,Mo-Sa 09:00-23:00,,,
relation,4183941,,"POLYGON ((59.5938024 36.2885567, 59.5933409 36.2893778, 59.593464 36.2895036, 59.5935084 36.2894634, 59.5935637 36.2895151, 59.5937599 36.2892742, 59.5937349 36.2891595, 59.5938569 36.2890262, 59.5939191 36.2891314, 59.594083 36.2890567, 59.5940018 36.2889295, 59.5942744 36.2887815, 59.5941134 36.2885558, 59.5947344 36.2875456, 59.5950288 36.2871313, 59.5952628 36.2867069, 59.5953448 36.286558, 59.5954582 36.2863524, 59.5953002 36.2863093, 59.5952092 36.2863949, 59.5951139 36.2864844, 59.5950585 36.2865365, 59.5951289 36.2865562, 59.5950295 36.2867129, 59.5950696 36.2867332, 59.5949943 36.2868612, 59.5945889 36.2874014, 59.5944471 36.2875526, 59.5942923 36.2877832, 59.5942331 36.2879564, 59.5938024 36.2885567))",,,بوستان رازی,"[[[670899499, 670899518, 670899495, 670899496, 670899492, 670899485, 670899484, 2318577182, 2318577179, 670899483, 3316836039, 3316836036, 670899479, 670899497, 3316836037, 3316836038, 2318577184, 2318577248, 670899536, 670899500, 2318577320, 2318577337, 2318577338, 664474693, 670899502, 3180247180, 664474694, 664474695, 664474689, 664474690, 670899499]]]",park,,,,,,,,,,,,,[312179140],multipolygon
relation,12884063,,"POLYGON ((59.5394951 36.3150729, 59.5394894 36.3150646, 59.5394986 36.3150562, 59.5395295 36.3150544, 59.5395479 36.3150415, 59.5395582 36.3150212, 59.5395616 36.3150018, 59.5395674 36.314962, 59.5395845 36.3149029, 59.5396086 36.3148355, 59.5396304 36.3147801, 59.5396636 36.3147266, 59.5396854 36.3146961, 59.539706 36.3146795, 59.5397118 36.3146684, 59.5396992 36.314661, 59.5397072 36.3146471, 59.5397186 36.3146185, 59.5397129 36.3146019, 59.5397014 36.3145936, 59.5396464 36.3145973, 59.5395926 36.3145945, 59.5395777 36.3145963, 59.5395685 36.3146056, 59.5395525 36.3146065, 59.5395376 36.3145982, 59.5395169 36.3145954, 59.5394963 36.3146074, 59.5394734 36.3146268, 59.5394482 36.3146758, 59.5394241 36.3147229, 59.5393977 36.3147921, 59.5393794 36.314842, 59.5393656 36.3148909, 59.5393645 36.3149297, 59.5393622 36.3149565, 59.5393588 36.3149676, 59.539345 36.3150027, 59.5393324 36.3151255, 59.539329 36.3151551, 59.5393335 36.3151745, 59.5393484 36.3151874, 59.5393714 36.3151892, 59.5393863 36.31518, 59.5393989 36.3151597, 59.5394057 36.3151431, 59.5394378 36.3151301, 59.5394676 36.3151135, 59.5394997 36.315083, 59.5394951 36.3150729), (59.5394797 36.314742, 59.5395043 36.3147371, 59.5395352 36.3147408, 59.5395567 36.3147507, 59.5395737 36.3147694, 59.5395845 36.314788, 59.5395906 36.3148078, 59.539586 36.3148314, 59.5395675 36.3148488, 59.5395429 36.3148612, 59.5395167 36.3148674, 59.5394936 36.3148687, 59.5394658 36.3148587, 59.5394458 36.3148401, 59.5394797 36.314742))",,,پارک خطی آزادی,"[[[8863140091, 8863140092, 8863140093, 8863140094, 8863140095, 8863140096, 8863140097, 8863140098, 8863140099, 8863140100, 8863140101, 8863140102, 8863140103, 8863140104, 8863140105, 8863140106, 8863140107, 8863140108, 8863140109, 8863140110, 8863140111, 8863140112, 8863140113, 8863140114, 8863140115, 8863140116, 8863157517, 8863157518, 8863157519, 8863157520, 8863157521, 8863157522, 8863157523, 8863157524, 8863157525, 8863157526, 8863157527, 8863157528, 8863157529, 8863157530, 8863157531, 8863157532, 8863157533, 8863157534, 8863157535, 8863157536, 8863157537, 8863157538, 8863157539, 8863140091], [8863157540, 8863157541, 8863157542, 8863157543, 8863157544, 8863157545, 8863157546, 8863157547, 8863157548, 8863157549, 8863157550, 8863157551, 8863157552, 8863157553, 8863157540]]]",park,,Azadi Linear Park,,,,,,,,,,,"[957867414, 957867415]",multipolygon
