highway,count,length
bus_guideway,2,213.496
construction,8,338.456
cycleway,18,12082.887
emergency_access_point,1,274.382
footway,1256,117275.45
living_street,169,21895.345
motorway,8,43972.984
motorway_link,51,19883.834
path,4,558.479
pedestrian,77,8230.974
primary,174,163274.003
primary_link,95,14384.691
raceway,28,6779.683
residential,4064,513940.233
secondary,408,159979.582
secondary_link,137,7244.795
service,1739,409505.802
steps,148,1766.959
tertiary,805,252235.881
tertiary_link,124,4730.589
track,39,18407.007
trunk,159,189112.661
trunk_link,220,47763.366
unclassified,286,89917.419
