amenity,count
animal_boarding,1
arts_centre,2
atm,346
bank,393
bench,13
bicycle_parking,1
bicycle_repair_station,1
bureau_de_change,21
bus_station,6
cafe,145
car_rental,1
car_wash,10
childcare,1
cinema,4
clinic,116
clock,1
college,4
community_centre,14
conference_centre,1
courthouse,4
dentist,51
disused,4
doctors,210
drinking_water,49
driving_school,4
events_venue,4
fast_food,119
fire_station,3
food_court,4
fountain,2
fuel,2
hospital,6
ice_cream,15
internet_cafe,2
kindergarten,6
laboratory,1
language_school,14
library,15
marketplace,3
motorcycle_parking,4
music_school,9
no,1
nursing_home,4
parking,21
parking_entrance,21
pharmacy,197
place_of_worship,37
police,19
post_box,1
post_office,9
research_institute,2
restaurant,158
school,50
shelter,5
social_facility,3
studio,2
taxi,17
telephone,26
theatre,2
toilets,78
townhall,9
training,2
university,8
vehicle_inspection,1
vending_machine,1
veterinary,17
waste_basket,8
waste_disposal,6
