amenity,count
arts_centre,1
atm,37
bank,87
bench,8
bicycle_parking,1
bus_station,2
cafe,8
car_rental,1
car_wash,4
cinema,3
clinic,28
clock,1
college,2
community_centre,2
courthouse,2
dentist,4
disused,2
doctors,7
drinking_water,3
driving_school,2
events_venue,3
fast_food,17
fire_station,3
fountain,5
fuel,5
grave_yard,1
internet_cafe,2
language_school,3
library,6
lounger,1
nursing_home,1
parking,2
pharmacy,51
place_of_worship,37
planetarium,1
police,6
post_office,3
restaurant,18
school,42
social_centre,1
taxi,4
theatre,2
toilets,25
townhall,3
university,3
vehicle_inspection,1
vending_machine,1
waste_disposal,6
