,type,id,lat,lon,tags
0,node,27585464,35.6925932,51.3212831,"{'amenity': 'parking', 'surface': 'asphalt'}"
1,node,2078326176,35.6966567,51.3398457,"{'amenity': 'community_centre', 'name': 'خانه فرهنگ پرواز'}"
2,node,2131769034,35.7003995,51.3530903,"{'amenity': 'bank', 'atm': 'yes', 'brand': 'بانک ملت', 'brand:en': 'Bank Mellat', 'brand:wikidata': 'Q4855944', 'brand:wikipedia': 'en:Bank Mellat', 'name': 'بانک ملت', 'name:en': 'Bank Mellat'}"
3,node,2281960519,35.6982109,51.3519662,"{'amenity': 'school', 'name': 'مدرسه متین'}"
4,node,2281960524,35.6984849,51.3523238,"{'amenity': 'school', 'name': 'دبیرستان بهشتی'}"
5,node,2485469285,35.6687037,51.3472294,"{'amenity': 'bus_station', 'bus': 'yes', 'name': 'پایانه بوتان', 'public_transport': 'station', 'shelter': 'yes', 'tactile_paving': 'no', 'wheelchair': 'yes'}"
6,node,2505906110,35.6683568,51.3468576,"{'amenity': 'clinic', 'healthcare': 'clinic', 'level': '2', 'name': 'درمانگاه شبانه\u200cروزی مشیری', 'name:en': 'Moshiri Clinic', 'opening_hours': '24/7', 'wheelchair': 'no'}"
7,node,2505906117,35.6703522,51.3524395,"{'amenity': 'pharmacy', 'healthcare': 'pharmacy', 'name': 'داروخانه مقدم'}"
8,node,3276390189,35.7005608,51.3475181,"{'amenity': 'restaurant', 'cuisine': 'regional', 'name': 'تهیه غذای افق'}"
9,node,3276390190,35.6997734,51.3493394,"{'amenity': 'fast_food', 'name': 'پیتزا دلفین'}"
10,node,3518243087,35.6936134,51.3244106,"{'amenity': 'police', 'name': 'پاسگاه راهنمایی و رانندگی'}"
11,node,3805714710,35.7002665,51.3500291,"{'amenity': 'bank', 'brand': 'بانک اقتصاد نوین', 'brand:en': 'EN Bank', 'brand:wikidata': 'Q5323768', 'brand:wikipedia': 'en:EN Bank', 'name': 'بانک اقتصاد نوین', 'name:en': 'EN Bank'}"
12,node,3805717836,35.6998863,51.354229,"{'amenity': 'bank', 'atm': 'yes', 'branch': 'آزادی', 'brand': 'بانک ملت', 'brand:en': 'Bank Mellat', 'brand:wikidata': 'Q4855944', 'brand:wikipedia': 'en:Bank Mellat', 'name': 'بانک ملت', 'name:en': 'Bank Mellat'}"
13,node,4282184689,35.7002764,51.3476249,"{'amenity': 'toilets', 'fixme': 'به نظر نمی\u200cرسد اینجا دستشویی عمومی باشد'}"
14,node,4304542830,35.682005,51.3562524,"{'access': 'yes', 'amenity': 'parking', 'fee': 'no', 'parking': 'surface'}"
15,node,4304575756,35.6830741,51.3556661,"{'amenity': 'bus_station', 'bus': 'yes', 'name': 'پایانه مالک اشتر', 'public_transport': 'station'}"
16,node,4336557598,35.6769213,51.327891,"{'amenity': 'clinic', 'healthcare': 'clinic', 'name': 'درمانگاه خانواده'}"
17,node,4357876197,35.7008511,51.3226576,"{'addr:street': 'شهید ریاحی', 'amenity': 'school', 'name': 'مدرسه زبان کیش', 'name:en': 'Kish Language School'}"
18,node,4397594343,35.7005646,51.3131533,"{'amenity': 'bank', 'brand': 'بانک رفاه', 'brand:en': 'Refah Bank', 'brand:wikidata': 'Q7307083', 'brand:wikipedia': 'en:Refah Bank', 'name': 'بانک رفاه', 'name:en': 'Refah Bank'}"
19,node,4406682796,35.7003598,51.3540308,"{'alt_name': 'بانک صادرات کد ۱۶۵۲', 'amenity': 'bank', 'branch': 'دانشگاه صنعتی شریف', 'brand': 'بانک صادرات', 'brand:en': 'Bank Saderat Iran', 'brand:fa': 'بانک صادرات', 'brand:wikidata': 'Q2882608', 'brand:wikipedia': 'en:Bank Saderat Iran', 'name': 'بانک صادرات', 'name:en': 'Bank Saderat Iran', 'name:fa': 'بانک صادرات'}"
20,node,4407841116,35.6947491,51.3464845,"{'amenity': 'pharmacy', 'healthcare': 'pharmacy', 'name': 'داروخانه شبانه\u200c روزی', 'opening_hours': '24/7'}"
21,node,4416541300,35.7014199,51.3557492,"{'amenity': 'place_of_worship', 'name': 'مسجد حجت الله', 'religion': 'muslim'}"
22,node,4419899324,35.699866,51.3559676,"{'addr:street': 'آزادی', 'amenity': 'bank', 'atm': 'yes', 'brand': 'بانک ملی', 'brand:en': 'Bank Melli Iran', 'brand:wikidata': 'Q806640', 'brand:wikipedia': 'en:Bank Melli Iran', 'name': 'بانک ملی', 'name:en': 'Bank Melli Iran'}"
23,node,4474699614,35.6760357,51.3072714,"{'amenity': 'bank', 'brand': 'بانک شهر', 'brand:en': 'Shahr Bank', 'brand:fa': 'بانک شهر', 'brand:wikidata': 'Q5941033', 'name': 'بانک شهر', 'name:en': 'Shahr Bank', 'name:fa': 'بانک شهر'}"
24,node,4505906589,35.6968718,51.3430172,"{'addr:housenumber': '13', 'addr:street': 'رضا میرقاسمی', 'amenity': 'school', 'name': 'آموزشگاه زبان انعکاس', 'name:en': 'Enekas language school', 'opening_hours': 'Mo-Su 14:00-20:00', 'phone': '+98 21 6600 3656', 'website': 'http://www.انعكاس.com'}"
25,node,4511636676,35.6715802,51.3131112,"{'amenity': 'bank', 'atm': 'yes', 'branch': 'صنعتی', 'brand': 'بانک سپه', 'brand:en': 'Bank Sepah', 'brand:wikidata': 'Q2882624', 'name': 'بانک سپه', 'name:en': 'Bank Sepah'}"
26,node,4537698669,35.6698168,51.2998075,"{'amenity': 'bank', 'brand': 'بانک تجارت', 'brand:wikidata': 'Q7695198', 'name': 'بانک تجارت'}"
27,node,4537698670,35.6697907,51.3000435,"{'amenity': 'bank', 'brand': 'بانک صادرات', 'brand:en': 'Bank Saderat Iran', 'brand:fa': 'بانک صادرات', 'brand:wikidata': 'Q2882608', 'name': 'بانک صادرات', 'name:en': 'Bank Saderat Iran', 'name:fa': 'بانک صادرات'}"
28,node,4540177489,35.6754168,51.3007273,"{'amenity': 'bank', 'brand': 'بانک صادرات', 'brand:en': 'Bank Saderat Iran', 'brand:wikidata': 'Q2882608', 'brand:wikipedia': 'en:Bank Saderat Iran', 'name': 'بانک صادرات', 'name:en': 'Bank Saderat Iran'}"
29,node,4540177490,35.675446,51.2997105,"{'amenity': 'bank', 'brand': 'بانک پارسیان', 'brand:en': 'Parsian Bank', 'brand:wikidata': 'Q2410404', 'brand:wikipedia': 'en:Parsian Bank', 'name': 'بانک پارسیان', 'name:en': 'Parsian Bank'}"
30,node,4540177491,35.6754995,51.2995587,"{'amenity': 'bank', 'brand': 'بانک رفاه', 'brand:en': 'Refah Bank', 'brand:wikidata': 'Q7307083', 'brand:wikipedia': 'en:Refah Bank', 'name': 'بانک رفاه', 'name:en': 'Refah Bank'}"
31,node,4540177492,35.6754349,51.3004288,"{'amenity': 'bank', 'brand': 'بانک اقتصاد نوین', 'brand:en': 'EN Bank', 'brand:wikidata': 'Q5323768', 'brand:wikipedia': 'en:EN Bank', 'name': 'بانک اقتصاد نوین', 'name:en': 'EN Bank'}"
32,node,4540177493,35.6754031,51.3008995,"{'amenity': 'bank', 'brand': 'بانک پاسارگاد', 'brand:en': 'Bank Pasargad', 'brand:wikidata': 'Q4855962', 'brand:wikipedia': 'en:Bank Pasargad', 'name': 'بانک پاسارگاد', 'name:en': 'Bank Pasargad'}"
33,node,4546686139,35.6997385,51.3205377,"{'amenity': 'atm', 'name': 'بانک رفاه کارگران', 'operator': 'بانک رفاه کارگران'}"
34,node,4581059093,35.6942354,51.355288,"{'addr:street': 'توس', 'amenity': 'fast_food', 'cuisine': 'pizza;sandwich', 'name': 'پیتزا ساندویچ سعید', 'name:ar': 'مطعم سندويش سعد', 'name:en': 'Saeid Sandwich'}"
35,node,4581059094,35.6923324,51.3490788,"{'amenity': 'restaurant', 'name': 'گلپایگانی', 'name:en': 'Golpayegani'}"
36,node,4581059095,35.6919162,51.3519522,"{'amenity': 'pharmacy', 'healthcare': 'pharmacy'}"
37,node,4581059194,35.6919011,51.3517236,"{'amenity': 'clinic', 'healthcare': 'clinic', 'name': 'درمانگاه هاشمی', 'name:en': 'hashemi clinic'}"
38,node,4581072491,35.6919354,51.3494011,"{'amenity': 'bank', 'brand': 'بانک صادرات', 'brand:en': 'Bank Saderat Iran', 'brand:fa': 'بانک صادرات', 'brand:wikidata': 'Q2882608', 'brand:wikipedia': 'en:Bank Saderat Iran', 'name': 'بانک صادرات', 'name:en': 'Bank Saderat Iran', 'name:fa': 'بانک صادرات', 'opening_hours': 'Sa-Th 08:00-14:00'}"
39,node,4581072492,35.691958,51.3493831,"{'amenity': 'atm', 'brand': 'بانک صادرات', 'brand:en': 'Bank Saderat Iran', 'brand:fa': 'بانک صادرات', 'brand:wikidata': 'Q2882608', 'brand:wikipedia': 'en:Bank Saderat Iran', 'name': 'بانک صادرات', 'name:en': 'Bank Saderat Iran', 'name:fa': 'بانک صادرات', 'opening_hours': '24/7', 'operator': 'بانک صادرات', 'operator:wikidata': 'Q2882608', 'operator:wikipedia': 'en:Bank Saderat Iran'}"
40,node,4699612483,35.6744689,51.3428599,"{'amenity': 'place_of_worship', 'name': 'مسجد امام جعفر صادق ع', 'religion': 'muslim'}"
41,node,4701956148,35.6743427,51.3395797,"{'amenity': 'bank', 'atm': 'yes', 'brand': 'بانک سپه', 'brand:en': 'Bank Sepah', 'brand:wikidata': 'Q2882624', 'brand:wikipedia': 'en:Bank Sepah', 'name': 'بانک سپه', 'name:en': 'Bank Sepah'}"
42,node,4701956150,35.674326,51.3408088,"{'amenity': 'bank', 'atm': 'yes', 'brand': 'بانک سپه', 'brand:en': 'Bank Sepah', 'brand:wikidata': 'Q2882624', 'brand:wikipedia': 'en:Bank Sepah', 'name': 'بانک سپه', 'name:en': 'Bank Sepah'}"
43,node,4717642314,35.7019924,51.3485442,{'amenity': 'waste_disposal'}
44,node,4717642315,35.7006359,51.3479082,{'amenity': 'waste_disposal'}
45,node,4731478322,35.6983653,51.3554982,"{'amenity': 'pharmacy', 'healthcare': 'pharmacy', 'name': 'داروخانه یادگار'}"
46,node,4731480122,35.6985467,51.3556031,"{'amenity': 'clinic', 'healthcare': 'clinic', 'name': 'درمانگاه یادگار'}"
47,node,4738225623,35.6891726,51.3539707,"{'amenity': 'bank', 'brand': 'بانک ملی', 'brand:en': 'Bank Melli Iran', 'brand:wikidata': 'Q806640', 'brand:wikipedia': 'en:Bank Melli Iran', 'name': 'بانک ملی', 'name:en': 'Bank Melli Iran'}"
48,node,4829003104,35.6773797,51.3523373,"{'amenity': 'place_of_worship', 'building': 'mosque', 'denomination': 'shia', 'name': 'مسجد صاحب الزمان', 'religion': 'muslim'}"
49,node,4831055216,35.6890767,51.35269,"{'amenity': 'place_of_worship', 'name': 'مسجد حضرت علی اکبر', 'religion': 'muslim'}"
50,node,4889124622,35.6722574,51.3249416,"{'addr:housenumber': '22', 'addr:postcode': '42376543', 'addr:street': 'بلوار طالقانی', 'amenity': 'bank', 'name': 'بانک پارسیان', 'name:en': 'Parsiyan'}"
51,node,4903411821,35.6697923,51.3513304,"{'amenity': 'bank', 'brand': 'بانک سپه', 'brand:en': 'Bank Sepah', 'brand:wikidata': 'Q2882624', 'brand:wikipedia': 'en:Bank Sepah', 'name': 'بانک سپه', 'name:en': 'Bank Sepah'}"
52,node,4970240058,35.6996723,51.3169458,"{'addr:city': 'تهران', 'addr:street': 'کنارگذر لشکری', 'amenity': 'bank', 'brand': 'بانک ملی', 'brand:en': 'Bank Melli Iran', 'brand:wikidata': 'Q806640', 'brand:wikipedia': 'en:Bank Melli Iran', 'name': 'بانک ملی', 'name:en': 'Bank Melli Iran'}"
53,node,4995627121,35.6998585,51.3122582,{'amenity': 'nursing_home'}
54,node,5012881923,35.6891864,51.3542178,"{'amenity': 'disused', 'branch': 'هاشمی', 'brand': 'بانک مهر اقتصاد', 'brand:wikidata': 'Q5942921', 'brand:wikipedia': 'fa:بانک مهر اقتصاد', 'disused:amenity': 'bank', 'name': 'بانک مهر اقتصاد', 'name:en': 'Mehr Eqtesad Bank'}"
55,node,5035535380,35.6767847,51.3289828,"{'amenity': 'bank', 'atm': 'yes', 'brand': 'بانک ملت', 'brand:en': 'Bank Mellat', 'brand:wikidata': 'Q4855944', 'brand:wikipedia': 'en:Bank Mellat', 'level': '0', 'name': 'بانک ملت', 'name:en': 'Bank Mellat'}"
56,node,5150613348,35.695059,51.3306585,{'amenity': 'parking'}
57,node,5150614454,35.6774873,51.3179759,{'amenity': 'parking'}
58,node,5150614456,35.67738,51.3186099,{'amenity': 'parking'}
59,node,5150678195,35.6774224,51.3223192,"{'amenity': 'place_of_worship', 'name': 'مسجد الزهرا', 'religion': 'muslim'}"
60,node,5150678206,35.6756424,51.3164862,{'amenity': 'parking'}
61,node,5161087924,35.6737581,51.3360368,"{'addr:street': 'دانشگاه هوایی جنوبی', 'amenity': 'restaurant', 'name': 'تالار آفتاب'}"
62,node,5161145821,35.670892,51.3361256,"{'addr:street': 'تفرش شرقی', 'amenity': 'pharmacy', 'healthcare': 'pharmacy', 'name': 'داروخانه نجات'}"
63,node,5213467427,35.7008553,51.2884298,{'amenity': 'car_wash'}
64,node,5275050223,35.6814602,51.2846802,{'amenity': 'atm'}
65,node,5281530844,35.6740001,51.3242848,"{'addr:city': 'تهران', 'addr:postcode': '42376543', 'addr:street': 'واری زاده', 'amenity': 'culture_center', 'name': 'فرهنگ سرای رویش'}"
66,node,5281534137,35.6739685,51.3247985,"{'addr:city': 'تهران', 'addr:postcode': '42376543', 'addr:street': 'حسین واشقانی فراهانی', 'amenity': 'townhall', 'contact:email': 'samjam3459@gmail.com', 'name': 'شهرداری منطقه نه ناحیه دو', 'nat_name': 'شهرداری منطقه 9 ناحیه 2'}"
67,node,5281540242,35.6695816,51.3275215,"{'addr:street': 'چهل و پنج متری زرند', 'amenity': 'arts_centre', 'contact:email': 'samjam3459@gmail.com', 'name': 'خانه فرهنگ مهرآباد و کتابخانه قیصر امین پور'}"
68,node,5281543022,35.6742745,51.3393412,"{'addr:street': 'شمشیری', 'amenity': 'community_centre', 'contact:email': 'samjam3459@gmail.com', 'name': 'خانه فرهنگ شمشیری'}"
69,node,5281553794,35.688636,51.3531813,"{'addr:city': 'تهران', 'addr:street': 'هاشمی', 'amenity': 'library', 'name': 'کتابخانه امیر کاشانی'}"
70,node,5281558541,35.6886699,51.3547404,"{'addr:city': 'تهران', 'addr:street': 'هاشمی', 'amenity': 'culture_center', 'name': 'فرهنگسرای کار و تعاون'}"
71,node,5293327358,35.6788394,51.3375115,"{'amenity': 'fire_station', 'name': 'ایستگاه ۳۳ آتش نشانی'}"
72,node,5380950604,35.6997712,51.3202396,{'amenity': 'taxi'}
73,node,5529832945,35.6859457,51.3462666,"{'amenity': 'library', 'name': 'کتابخانه استاد معین'}"
74,node,5529847021,35.6995988,51.3476667,"{'amenity': 'pharmacy', 'dispensing': 'yes', 'healthcare': 'pharmacy', 'name': 'داروخانه استاد معین'}"
75,node,5538073931,35.697443,51.3407778,"{'amenity': 'toilets', 'name': 'Public Toilet', 'unisex': 'yes', 'wheelchair': 'yes'}"
76,node,5566458351,35.6901102,51.3409178,"{'amenity': 'marketplace', 'name': 'مرکز خرید شهرداری', 'name:en': 'Fruit market'}"
77,node,5594116321,35.6912941,51.3303441,"{'amenity': 'restaurant', 'name': 'مطعم بشهآد'}"
78,node,5599021920,35.6767737,51.2906746,"{'amenity': 'fuel', 'name': 'جایگاه بنزین ۱۶۵'}"
79,node,5607703821,35.6683928,51.3564521,"{'amenity': 'atm', 'operator': 'g'}"
80,node,5622643622,35.6910088,51.3515888,"{'addr:street': 'تهران خيابان دامپزشكى نرسيده به ٢١ مترى جى كوچه محمدى مخبر كوچه على بيگى پلاك ٨ واحد ٢', 'amenity': 'bank'}"
81,node,5656935823,35.6995879,51.3466579,"{'addr:street': 'کنارگذر آزادی', 'amenity': 'bank', 'brand': 'بانک شهر', 'brand:en': 'Shahr Bank', 'brand:fa': 'بانک شهر', 'brand:wikidata': 'Q5941033', 'brand:wikipedia': 'fa:بانک شهر', 'name': 'بانک شهر', 'name:en': 'Shahr Bank', 'name:fa': 'بانک شهر'}"
82,node,5704602259,35.6934327,51.3218741,"{'addr:street': 'ترمینال 1-2 فرودگاه مهرآباد', 'amenity': 'courthouse', 'name': 'دادسرای ناحیه سی', 'name_ref': 'داد', 'nat_name': 'دادسرای ناحیه 30'}"
83,node,5761982753,35.6981138,51.3327792,"{'amenity': 'atm', 'brand': 'بانک سپه', 'brand:en': 'Bank Sepah', 'brand:wikidata': 'Q2882624', 'name': 'بانک سپه', 'name:en': 'Bank Sepah', 'operator': 'بانک سپه', 'operator:wikidata': 'Q2882624'}"
84,node,5822870659,35.6701052,51.3519044,"{'amenity': 'bank', 'atm': 'yes', 'brand': 'بانک پارسیان', 'brand:en': 'Parsian Bank', 'brand:wikidata': 'Q2410404', 'brand:wikipedia': 'en:Parsian Bank', 'name': 'بانک پارسیان', 'name:en': 'Parsian Bank'}"
85,node,5822870661,35.6688575,51.3492069,"{'amenity': 'bank', 'atm': 'yes', 'branch': 'شعبه ۱۲۲', 'brand': 'بانک تجارت', 'brand:wikidata': 'Q7695198', 'brand:wikipedia': 'en:Tejarat Bank', 'name': 'بانک تجارت'}"
86,node,5903320385,35.7018743,51.3525004,{'amenity': 'drinking_water'}
87,node,5903320485,35.700736,51.3514374,{'amenity': 'drinking_water'}
88,node,5903320486,35.7015393,51.3514398,{'amenity': 'atm'}
89,node,5904296720,35.6973767,51.3430373,"{'amenity': 'language_school', 'name': 'کلاس زبان انعکاس'}"
90,node,5915040643,35.6745425,51.3388197,"{'amenity': 'bank', 'atm': 'yes', 'brand': 'بانک مسکن', 'brand:en': 'Bank Maskan', 'brand:wikidata': 'Q4855942', 'brand:wikipedia': 'en:Bank Maskan', 'name': 'بانک مسکن', 'name:en': 'Bank Maskan'}"
91,node,5915043433,35.6744134,51.3361666,"{'amenity': 'atm', 'not:brand:wikidata': 'Q2882624', 'operator': 'بانک سپه'}"
92,node,5915044237,35.6741525,51.3361259,"{'amenity': 'bank', 'atm': 'yes', 'brand': 'بانک سپه', 'brand:en': 'Bank Sepah', 'brand:wikidata': 'Q2882624', 'name': 'بانک سپه', 'name:en': 'Bank Sepah'}"
93,node,5915045268,35.6715068,51.3314465,"{'amenity': 'atm', 'not:brand:wikidata': 'Q2882624', 'operator': 'بانک سپه'}"
94,node,5915047427,35.6700234,51.3301202,"{'amenity': 'place_of_worship', 'name': 'مسجد حضرت ابوالفضل (ع)', 'religion': 'muslim'}"
95,node,5915050789,35.6700738,51.3335595,"{'amenity': 'place_of_worship', 'name': 'مسجد علی ابن موسی الرضا', 'religion': 'muslim'}"
96,node,5915055143,35.6743129,51.3410528,"{'amenity': 'bank', 'atm': 'yes', 'brand': 'بانک ملی', 'brand:en': 'Bank Melli Iran', 'brand:wikidata': 'Q806640', 'brand:wikipedia': 'en:Bank Melli Iran', 'name': 'بانک ملی', 'name:en': 'Bank Melli Iran'}"
97,node,5915055881,35.6743534,51.3394728,"{'amenity': 'bank', 'atm': 'yes', 'brand': 'بانک اقتصاد نوین', 'brand:en': 'EN Bank', 'brand:wikidata': 'Q5323768', 'brand:wikipedia': 'en:EN Bank', 'name': 'بانک اقتصاد نوین', 'name:en': 'EN Bank'}"
98,node,5915056036,35.6744973,51.3399208,"{'amenity': 'bank', 'brand': 'بانک تجارت', 'brand:wikidata': 'Q7695198', 'brand:wikipedia': 'en:Tejarat Bank', 'name': 'بانک تجارت'}"
99,node,5915056639,35.6744815,51.3407711,"{'amenity': 'bank', 'atm': 'yes', 'brand': 'بانک صادرات', 'brand:en': 'Bank Saderat Iran', 'brand:fa': 'بانک صادرات', 'brand:wikidata': 'Q2882608', 'brand:wikipedia': 'en:Bank Saderat Iran', 'name': 'بانک صادرات', 'name:en': 'Bank Saderat Iran', 'name:fa': 'بانک صادرات'}"
100,node,5915091668,35.700144,51.3331586,{'amenity': 'taxi'}
101,node,5919941439,35.6686678,51.3476093,"{'amenity': 'fuel', 'name': 'جایگاه ۱۲۰', 'opening_hours': '24/7'}"
102,node,6034444589,35.6707401,51.3524232,{'amenity': 'police'}
103,node,6034444591,35.6762755,51.3016824,"{'amenity': 'bank', 'brand': 'بانک ملی', 'brand:en': 'Bank Melli Iran', 'brand:wikidata': 'Q806640', 'name': 'بانک ملی', 'name:en': 'Bank Melli Iran'}"
104,node,6034475286,35.6696115,51.3564475,"{'amenity': 'bank', 'brand': 'بانک صادرات', 'brand:en': 'Bank Saderat Iran', 'brand:fa': 'بانک صادرات', 'brand:wikidata': 'Q2882608', 'brand:wikipedia': 'en:Bank Saderat Iran', 'name': 'بانک صادرات', 'name:en': 'Bank Saderat Iran', 'name:fa': 'بانک صادرات'}"
105,node,6034475287,35.670685,51.3535965,"{'amenity': 'bus_station', 'bus': 'yes', 'name': 'پایانه شمشیری', 'public_transport': 'station'}"
106,node,6034847903,35.6755458,51.3039885,"{'amenity': 'bank', 'atm': 'yes', 'brand': 'بانک کشاورزی', 'brand:en': 'Bank Keshavarzi Iran', 'brand:wikidata': 'Q6395007', 'name': 'بانک کشاورزی', 'name:en': 'Bank Keshavarzi Iran'}"
107,node,6039868285,35.6751152,51.3467956,"{'amenity': 'place_of_worship', 'name': 'مسجد حضرت ابوالفضل', 'religion': 'muslim'}"
108,node,6039868286,35.6765521,51.291864,"{'amenity': 'bank', 'brand': 'بانک ملت', 'brand:en': 'Bank Mellat', 'brand:wikidata': 'Q4855944', 'name': 'بانک ملت', 'name:en': 'Bank Mellat'}"
109,node,6167600887,35.7009887,51.3372218,"{'amenity': 'police', 'name': 'کانکس پلیس', 'name:tk': 'Polis', 'name:tr': 'Polis'}"
110,node,6167603485,35.699556,51.3427583,"{'amenity': 'bank', 'branch': 'میدان آزادی', 'brand': 'بانک پارسیان', 'brand:en': 'Parsian Bank', 'brand:wikidata': 'Q2410404', 'brand:wikipedia': 'en:Parsian Bank', 'name': 'بانک پارسیان', 'name:en': 'Parsian Bank'}"
111,node,6167603685,35.6995536,51.3429879,"{'amenity': 'bank', 'brand': 'بانک ملی', 'brand:en': 'Bank Melli Iran', 'brand:wikidata': 'Q806640', 'brand:wikipedia': 'en:Bank Melli Iran', 'name': 'بانک ملی', 'name:en': 'Bank Melli Iran'}"
112,node,6378809385,35.6803964,51.3187955,"{'amenity': 'bicycle_parking', 'operator': 'hadi'}"
113,node,6403338292,35.6696789,51.3013878,"{'amenity': 'bank', 'name': 'بانک سپه - bank sepah', 'not:brand:wikidata': 'Q2882624'}"
114,node,6461132885,35.679379,51.3368341,{'amenity': 'toilets'}
115,node,6586340289,35.6995825,51.3413726,{'amenity': 'taxi'}
116,node,6653522969,35.7001012,51.3225272,{'amenity': 'parking'}
117,node,7025388939,35.6757385,51.336337,"{'addr:city': 'تهران', 'addr:housenumber': '210', 'addr:postcode': '1385884411', 'addr:street': 'دانشگاه هوایی شمالی', 'amenity': 'internet_cafe', 'brand': 'RGJ', 'email': 'rayangostarjavan@gmail.com', 'fax': '+982166655238', 'name': 'کافی نت رایان گستر جوان', 'opening_hours': 'Mo-Su 07:00-23:00', 'operator': 'سید مهدی حسینی', 'payment:telephone_cards': 'yes', 'phone': '+989109129507'}"
118,node,7062824202,35.6986186,51.3554554,"{'amenity': 'pharmacy', 'healthcare': 'pharmacy', 'name': 'داروخانه شهیدان'}"
119,node,7785421385,35.670059,51.3043007,"{'amenity': 'theatre', 'name': 'شهر کتاب شادآباد'}"
120,node,7850614409,35.6716942,51.32729,"{'amenity': 'school', 'name': 'مدرسه آوینی'}"
121,node,7850620712,35.6891728,51.3529039,"{'amenity': 'townhall', 'name': 'شهرداری منطقه نه ناحیه یک', 'nat_name': 'شهرداری منطقه 9 ناحیه 1'}"
122,node,7852846197,35.6716298,51.3546862,"{'addr:street': 'نعمت الله شاه پروری', 'amenity': 'courthouse', 'name': 'دادسرای ناحیه بیست هفت ۲۷ جنایی', 'nat_name': 'دادسرای ناحیه 27'}"
123,node,7853293841,35.671304,51.3545401,"{'addr:street': 'نعمت الله شاه پروری', 'amenity': 'courthouse', 'name': 'دادسرای ناحیه سی چهار', 'nat_name': 'دادسرای ناحیه 34'}"
124,node,7980860957,35.6775694,51.3321287,"{'amenity': 'place_of_worship', 'name': 'مسجد امیر مومنین', 'religion': 'muslim'}"
125,node,7980885011,35.6697111,51.3237462,"{'amenity': 'car_wash', 'name': 'کارواش مهر آباد'}"
126,node,7980885012,35.6736935,51.3248235,{'amenity': 'atm'}
127,node,7980885014,35.6770675,51.329257,"{'amenity': 'pharmacy', 'healthcare': 'pharmacy', 'name': 'داروخانه مهرآباد'}"
128,node,7980885015,35.6743954,51.3251373,"{'amenity': 'restaurant', 'name': 'تالار آرامیس'}"
129,node,7980885016,35.6710257,51.3251555,"{'amenity': 'pharmacy', 'healthcare': 'pharmacy', 'name': 'داروخانه اسماعیلی'}"
130,node,8033130705,35.6679161,51.3339373,"{'addr:housenumber': '118', 'addr:street': 'پاسداران', 'amenity': 'clinic', 'contact:instagram': 'https://www.instagram.com/dr.barikbin_behroozclinic', 'healthcare': 'clinic', 'healthcare:speciality': 'dermatology', 'name': 'درمانگاه تخصصی پوست و مو بهروز', 'name:en': 'Behrooz Dermatology and Hair Clinic', 'phone': '+98 212 257 5757', 'website': 'https://www.behroozclinic.com'}"
131,node,8208802522,35.7001965,51.3453559,"{'amenity': 'bank', 'brand': 'بانک تجارت', 'brand:wikidata': 'Q7695198', 'brand:wikipedia': 'en:Tejarat Bank', 'name': 'بانک تجارت'}"
132,node,8208806332,35.7001952,51.345401,"{'amenity': 'bank', 'brand': 'بانک سپه', 'brand:en': 'Bank Sepah', 'brand:wikidata': 'Q2882624', 'brand:wikipedia': 'en:Bank Sepah', 'name': 'بانک سپه', 'name:en': 'Bank Sepah'}"
133,node,8223818010,35.6686791,51.3356247,"{'amenity': 'place_of_worship', 'name': 'مسجد مسلم بن عقیل', 'religion': 'muslim', 'wheelchair': 'limited'}"
134,node,8223938599,35.6767162,51.328872,"{'amenity': 'bank', 'atm': 'yes', 'branch': 'مهرآباد', 'brand': 'بانک ملی', 'brand:en': 'Bank Melli Iran', 'brand:wikidata': 'Q806640', 'brand:wikipedia': 'en:Bank Melli Iran', 'name': 'بانک ملی', 'name:en': 'Bank Melli Iran', 'phone': '+982166620112'}"
135,node,8223996308,35.6664119,51.3447708,"{'addr:housenumber': '687', 'addr:street': 'بزرگراه آیت\u200cالله سعیدی', 'amenity': 'fast_food', 'branch': 'یافت\u200cآباد', 'contact:phone': '+982166289577, +982166288318', 'cuisine': 'burger, pizza', 'name': 'سیب'}"
136,node,8254098856,35.6680283,51.3475721,"{'amenity': 'bank', 'atm': 'yes', 'brand': 'بانک ملی', 'brand:en': 'Bank Melli Iran', 'brand:wikidata': 'Q806640', 'brand:wikipedia': 'en:Bank Melli Iran', 'name': 'بانک ملی', 'name:en': 'Bank Melli Iran'}"
137,node,8257522023,35.7008067,51.3130658,"{'air_conditioning': 'yes', 'amenity': 'cafe', 'cuisine': 'burger', 'internet_access': 'yes', 'internet_access:fee': 'no', 'name': 'کافه کرفت', 'opening_hours': 'Mo-Su 10:00-22:00', 'outdoor_seating': 'yes', 'phone': '+98 9128948318'}"
138,node,8280537624,35.6920819,51.3268509,"{'amenity': 'place_of_worship', 'name': 'مسجد قدس', 'religion': 'muslim'}"
139,node,8641062217,35.6917034,51.3233098,"{'amenity': 'bank', 'atm': 'yes', 'brand': 'بانک سپه', 'brand:en': 'Bank Sepah', 'brand:wikidata': 'Q2882624', 'brand:wikipedia': 'en:Bank Sepah', 'name': 'بانک سپه', 'name:en': 'Bank Sepah'}"
140,node,8641062317,35.6918733,51.3233379,"{'amenity': 'cafe', 'name': 'کافه میتا'}"
141,node,8641062318,35.6921227,51.3233157,"{'amenity': 'bank', 'atm': 'yes', 'brand': 'بانک سامان', 'brand:en': 'Saman Bank', 'brand:wikidata': 'Q4117676', 'brand:wikipedia': 'en:Saman Bank', 'name': 'بانک سامان', 'name:en': 'Saman Bank'}"
142,node,8641064121,35.6924061,51.3231833,"{'amenity': 'post_office', 'name': 'خدمات بار هوایی بار آسا'}"
143,node,8641064122,35.6922363,51.3232747,"{'amenity': 'post_office', 'name': 'خدمات بار سریع ترابر ماهان', 'name:en': 'mahex'}"
144,node,8685130174,35.7000923,51.317159,"{'addr:city': 'تهران', 'addr:street': 'یکم', 'amenity': 'school', 'name': 'مرکز آموزش تهران ایر'}"
145,node,8685130175,35.6996747,51.3177436,"{'addr:city': 'تهران', 'addr:street': 'کنارگذر لشکری', 'amenity': 'bank', 'brand': 'بانک آینده', 'brand:en': 'Ayandeh Bank', 'brand:wikidata': 'Q5938144', 'brand:wikipedia': 'en:Ayandeh Bank', 'name': 'بانک آینده', 'name:en': 'Ayandeh Bank'}"
146,node,8756206490,35.6735598,51.3460175,"{'addr:city': 'تهران', 'addr:street': 'شمشیری', 'amenity': 'pharmacy', 'contact:phone': '+982166690890', 'dispensing': 'yes', 'healthcare': 'pharmacy', 'name': 'داروخانه دکتر علوی شمشیری', 'opening_hours': 'Sa-Th 07:30-21:30', 'operator': 'دکتر علوی'}"
147,node,8758232527,35.6738053,51.3506126,"{'amenity': 'clinic', 'healthcare': 'clinic', 'name': 'مرکز بهداشت تقی نیا'}"
148,node,8779279476,35.6746855,51.3363969,"{'addr:city': 'تهران', 'addr:street': 'شمشیری', 'amenity': 'dentist', 'contact:email': 'dr.ahmadnamvar@gmail.com', 'contact:phone': '+982166632905', 'healthcare': 'dentist', 'healthcare:speciality': 'ایمپلنتولوژیست;جراح_دندانپزشک', 'name': 'دندانپزشکی دکتر احمد نامور', 'opening_hours': 'Mo-Su 14:00-21:00', 'operator': 'دکتر احمد نامور', 'source': 'note'}"
149,node,8862000595,35.6890006,51.3502373,"{'amenity': 'bank', 'brand': 'بانک صادرات', 'brand:en': 'Bank Saderat Iran', 'brand:fa': 'بانک صادرات', 'brand:wikidata': 'Q2882608', 'brand:wikipedia': 'en:Bank Saderat Iran', 'name': 'بانک صادرات', 'name:en': 'Bank Saderat Iran', 'name:fa': 'بانک صادرات'}"
150,node,8893131617,35.6999401,51.3190376,"{'amenity': 'coworking_space', 'name': 'فضای کار اشتراکی زاویه'}"
151,node,8963067320,35.7002997,51.3495831,"{'amenity': 'bank', 'brand': 'بانک مسکن', 'brand:en': 'Bank Maskan', 'brand:wikidata': 'Q4855942', 'brand:wikipedia': 'en:Bank Maskan', 'name': 'بانک مسکن', 'name:en': 'Bank Maskan'}"
152,node,8995235847,35.6762897,51.3454271,"{'amenity': 'fast_food', 'name': 'جگرسرای وحید پاشا'}"
153,node,8997097032,35.6699051,51.3357554,"{'amenity': 'restaurant', 'contact:email': 'Ghaemcatering98@gmail.com', 'contact:mobile': '+982166101700', 'name': 'قائم', 'opening_hours': '12:00-16:00;19:00-23:00', 'source': 'note 2751374'}"
154,node,8998173137,35.6996283,51.3418119,"{'amenity': 'atm', 'name': 'شهرنت بانک شهر'}"
155,node,8998892092,35.7002811,51.3479349,"{'amenity': 'bank', 'atm': 'yes', 'brand': 'بانک سپه', 'brand:en': 'Bank Sepah', 'brand:wikidata': 'Q2882624', 'brand:wikipedia': 'en:Bank Sepah', 'name': 'بانک سپه', 'name:en': 'Bank Sepah'}"
156,node,8998913768,35.7018344,51.3341973,"{'amenity': 'restaurant', 'shop': 'cafe'}"
157,node,9013014550,35.678556,51.3555829,"{'amenity': 'bank', 'brand': 'بانک ملی', 'brand:en': 'Bank Melli Iran', 'brand:wikidata': 'Q806640', 'brand:wikipedia': 'en:Bank Melli Iran', 'name': 'بانک ملی', 'name:en': 'Bank Melli Iran'}"
158,node,9013017006,35.6777521,51.3466722,"{'amenity': 'pharmacy', 'healthcare': 'pharmacy', 'name': 'داروخانه کمیل'}"
159,node,9013146246,35.6995667,51.34258,"{'amenity': 'bank', 'brand': 'بانک سپه', 'brand:en': 'Bank Sepah', 'brand:wikidata': 'Q2882624', 'brand:wikipedia': 'en:Bank Sepah', 'name': 'بانک سپه', 'name:en': 'Bank Sepah'}"
160,node,9013152935,35.6987555,51.3409042,{'amenity': 'telephone'}
161,node,9014666475,35.7002623,51.3475737,{'amenity': 'telephone'}
162,node,9014690394,35.7012416,51.3340306,{'amenity': 'telephone'}
163,node,9014693986,35.7012258,51.3340248,{'amenity': 'telephone'}
164,node,9014707418,35.7012107,51.334021,{'amenity': 'telephone'}
165,node,9021252230,35.6745252,51.3384018,"{'addr:street': 'شمشیری', 'amenity': 'school', 'denomination': 'shia', 'grades': '1-7', 'name': 'دبستان دخترانه', 'religion': 'muslim'}"
166,node,9069228992,35.6750155,51.3454839,"{'amenity': 'school', 'male': 'yes', 'name': 'مدرسه راهنمایی پسرانه شهید نورایی'}"
167,node,9069311623,35.6974579,51.3406882,{'amenity': 'drinking_water'}
168,node,9069342099,35.6980653,51.3406054,{'amenity': 'fast_food'}
169,node,9069353092,35.6974514,51.3397776,{'amenity': 'drinking_water'}
170,node,9069355842,35.6980063,51.3405308,{'amenity': 'telephone'}
171,node,9127056917,35.667466,51.3475682,"{'amenity': 'kindergarten', 'name': 'فومن لودر', 'name:en': 'Fouman Loader'}"
172,node,9202656067,35.6698368,51.3359109,"{'amenity': 'bank', 'atm': 'yes', 'branch': '۲۰ متری پادگان', 'brand': 'بانک صادرات', 'brand:en': 'Bank Saderat Iran', 'brand:fa': 'بانک صادرات', 'brand:wikidata': 'Q2882608', 'brand:wikipedia': 'en:Bank Saderat Iran', 'name': 'بانک صادرات', 'name:en': 'Bank Saderat Iran', 'name:fa': 'بانک صادرات', 'ref': '2674'}"
173,node,9202659439,35.6710198,51.3361134,"{'amenity': 'dentist', 'healthcare': 'dentist', 'name': 'دندانپزشکی دکتر طاهره توکلی'}"
174,node,9202666550,35.6700301,51.3359448,{'amenity': 'ice_cream'}
175,node,9202670246,35.6698761,51.3359115,"{'amenity': 'restaurant', 'name': 'کبابی میزبان'}"
176,node,9202670734,35.669984,51.3359416,{'amenity': 'cafe'}
177,node,9202691803,35.6709323,51.3360222,"{'amenity': 'atm', 'not:brand:wikidata': 'Q5323768', 'operator': 'بانک اقتصاد نوین'}"
178,node,9202728859,35.6675311,51.3355437,{'amenity': 'telephone'}
179,node,9202752900,35.6675852,51.3354147,"{'amenity': 'restaurant', 'name': 'طباخی سفید برفی'}"
180,node,9202755326,35.6687276,51.3358409,{'amenity': 'telephone'}
181,node,9202758243,35.667553,51.3355265,"{'amenity': 'restaurant', 'name': 'طباخی بره سفید'}"
182,node,9208470861,35.6787333,51.3328875,"{'amenity': 'school', 'name': 'دبیرستان شهدای معلم'}"
183,node,9349976015,35.7000583,51.3245731,"{'amenity': 'police', 'name': 'قرارگاه گشت غرب'}"
184,node,9353138815,35.6899506,51.341363,"{'amenity': 'townhall', 'name': 'شهرداری ناحیه یک منطقه نه'}"
185,node,9385281824,35.6962692,51.346463,"{'addr:city': 'شهر تهران', 'addr:housenumber': '176', 'addr:street': 'بلوار استاد معین', 'amenity': 'restaurant', 'name': 'pizza sib 360-پیتزا سیب 360 استاد معین', 'opening_hours': 'all day 11:30 until 23:30', 'phone': '+98216600585', 'website': 'https://www.sib360.com/'}"
186,node,9450786981,35.7004703,51.320568,"{'amenity': 'clinic', 'healthcare': 'clinic', 'name': 'درمانگاه آزادی'}"
187,node,9815237071,35.6697604,51.3306981,"{'amenity': 'payment_terminal', 'brand': 'بهزاد و امیرحسین', 'name': 'خدمات مالی بهزاد', 'opening_hours': '24/7', 'operator': 'بهزاد و امیرحسین', 'operator:type': 'public', 'payment:cash': 'yes', 'social_facility': 'mone'}"
188,node,9845958207,35.6710603,51.3358849,"{'amenity': 'school', 'name': 'آموزشگاه اسپیگان'}"
189,node,9855930462,35.6798706,51.3137763,"{'amenity': 'college', 'name': 'هنرستان هوانوردی فراصوت'}"
190,node,9855930469,35.6781866,51.3188256,"{'amenity': 'fuel', 'fuel:gasoline': 'yes', 'name': 'پمپ بنزين پايگاه يكم'}"
191,node,9855930475,35.67772,51.3209273,"{'amenity': 'restaurant', 'name': 'como resturant'}"
192,node,9923844871,35.6747468,51.318142,"{'amenity': 'restaurant', 'name': 'مطبخ عمارت', 'opening_hours': 'Mo-Su 08:00-20:00', 'phone': '+98 912 954 4218'}"
193,node,9993439073,35.6760073,51.3321474,"{'amenity': 'school', 'name': 'مجتمع آموزش عالی شهید فرخی'}"
194,node,9993439080,35.6716654,51.3293229,"{'amenity': 'police', 'name': 'کیوسک پلیس'}"
195,node,9993439106,35.6716301,51.328882,{'amenity': 'toilets'}
196,node,9993452952,35.6731342,51.3389241,{'amenity': 'toilets'}
197,node,10046700973,35.6830083,51.3545331,{'amenity': 'toilets'}
198,node,10100740890,35.7015904,51.3285693,"{'amenity': 'atm', 'brand': 'بانک سپه', 'brand:en': 'Bank Sepah', 'brand:wikidata': 'Q2882624', 'name': 'بانک سپه', 'name:en': 'Bank Sepah', 'operator': 'بانک سپه', 'operator:wikidata': 'Q2882624'}"
199,node,10133005569,35.7003692,51.3528207,"{'amenity': 'university', 'barrier': 'gate', 'name': 'درب آزادی دانشگاه شریف'}"
200,node,10154299330,35.7003293,51.3327044,{'amenity': 'bicycle_rental'}
201,node,10154304719,35.7005419,51.3454453,"{'amenity': 'school', 'name': 'دبستان دخترانه غیردولتی فرزانگان ايران'}"
202,node,10253625780,35.6742674,51.3468924,"{'amenity': 'restaurant', 'name': 'کباب ذغالی مهرآباد', 'phone': '+982166648968'}"
203,node,10253639674,35.6721591,51.347488,"{'amenity': 'atm', 'cash_in': 'no', 'not:brand:wikidata': 'Q2882624', 'operator': 'بانک سپه'}"
204,node,10253647774,35.6768638,51.344424,{'amenity': 'telephone'}
205,node,10253651817,35.6738899,51.3471832,"{'amenity': 'fast_food', 'name': 'فست\u200cفود ماهلین', 'wheelchair': 'no'}"
206,node,10253654279,35.6737892,51.3472447,"{'amenity': 'restaurant', 'name': 'جگرسرای علی بابا', 'wheelchair': 'no'}"
207,node,10257833451,35.6992731,51.3472488,{'amenity': 'taxi'}
208,node,10257833452,35.6987701,51.3464693,{'amenity': 'parking'}
209,node,10257833453,35.7001475,51.3427399,{'amenity': 'fast_food'}
210,node,10257833454,35.6950148,51.346217,{'amenity': 'fast_food'}
211,node,10257833455,35.6891106,51.3460443,{'amenity': 'restaurant'}
212,node,10257833458,35.6885187,51.3531534,{'amenity': 'library'}
213,node,10264591835,35.673592,51.3466458,"{'amenity': 'car_wash', 'name': 'کارواش مدرن', 'name:en': 'Modern Carwash'}"
214,node,10302568855,35.7019113,51.3519068,"{'amenity': 'library', 'loc_name': 'عبدس', 'name': 'کتابخانه عبدالسلام'}"
215,node,10572267635,35.6750385,51.3143277,"{'amenity': 'parking', 'name': 'پارکینگ ساها'}"
216,node,10578294519,35.6781253,51.3471517,"{'amenity': 'bus_station', 'bench': 'yes', 'name': 'پرستش', 'shelter': 'yes', 'wheelchair': 'yes'}"
217,node,10578306467,35.6780101,51.3453072,"{'amenity': 'place_of_worship', 'name': 'مسجد امام موسی بن جعفر', 'religion': 'muslim'}"
218,node,10688939040,35.6762802,51.3053881,"{'amenity': 'restaurant', 'name': 'تهیه غذا برکت'}"
219,node,10689011610,35.6762928,51.3020591,"{'amenity': 'bank', 'brand': 'بانک تجارت', 'brand:wikidata': 'Q7695198', 'name': 'بانک تجارت'}"
220,node,10689011611,35.6763431,51.3010472,"{'amenity': 'bank', 'brand': 'بانک سپه', 'brand:en': 'Bank Sepah', 'brand:wikidata': 'Q2882624', 'name': 'بانک سپه', 'name:en': 'Bank Sepah'}"
221,node,10689049190,35.680377,51.2926966,"{'amenity': 'university', 'name': 'دانشگاه علمی کاربردی خانه کارگر'}"
222,node,10690261869,35.6835996,51.3501413,"{'amenity': 'school', 'name': 'مدرسه پویندگان'}"
223,node,10694800825,35.6732382,51.3467729,{'amenity': 'telephone'}
224,node,10704094032,35.6699185,51.2982999,"{'amenity': 'restaurant', 'name': 'رستوران مهن', 'opening_hours': 'Mo-Su 11:30-22:00', 'phone': '+98 21 6678 1000'}"
225,node,10732419480,35.6998901,51.3558431,"{'amenity': 'veterinary', 'name': 'کلینیک دامپزشکی راد'}"
226,node,10733416107,35.6673236,51.346052,"{'amenity': 'car_wash', 'name': 'کارواش بخار بوتان'}"
227,node,10815722374,35.6669583,51.356222,"{'amenity': 'dentist', 'healthcare': 'dentist', 'name': 'دندانپزشکی نسیم', 'phone': '+982155768460'}"
228,node,10815765559,35.6695069,51.3553493,{'amenity': 'telephone'}
229,node,10815777397,35.667145,51.356003,"{'amenity': 'pharmacy', 'healthcare': 'pharmacy', 'name': 'داروخانه مرکزی اقبال'}"
230,node,10822618753,35.6778402,51.3441916,"{'amenity': 'atm', 'cash_in': 'no', 'not:brand:wikidata': 'Q5942230', 'operator': 'بانک دی'}"
231,node,10870143637,35.6821848,51.3436711,"{'amenity': 'car_wash', 'automated': 'no', 'name': 'کارواش زیتون', 'self_service': 'no'}"
232,node,10873719759,35.6739593,51.3471722,"{'amenity': 'car_wash', 'name': 'کارواش ممتاز'}"
233,node,10873730574,35.66703,51.3453359,"{'amenity': 'ice_cream', 'name': 'آبمیوه بستنی کولاک'}"
234,node,10974103509,35.6915417,51.3220391,"{'amenity': 'chair', 'level': '0'}"
235,node,10974103510,35.6914959,51.3222939,"{'amenity': 'chair', 'level': '0'}"
236,node,10974103511,35.6914698,51.322436,"{'amenity': 'chair', 'level': '0'}"
237,node,10974103512,35.691448,51.3225782,"{'amenity': 'chair', 'level': '0'}"
238,node,10974103513,35.6907051,51.321626,"{'amenity': 'chair', 'level': '0'}"
239,node,10974103515,35.6913195,51.3225192,"{'amenity': 'charging_station', 'level': '0'}"
240,node,10974114307,35.6913761,51.3225675,"{'amenity': 'chair', 'level': '0'}"
241,node,10974114308,35.6908075,51.321339,"{'amenity': 'chair', 'level': '0'}"
242,node,10974114309,35.6908533,51.3213041,"{'amenity': 'chair', 'level': '0'}"
243,node,10974114310,35.6905853,51.3217306,"{'amenity': 'chair', 'level': '0'}"
244,node,10974114311,35.6913391,51.3223851,"{'amenity': 'charging_station', 'level': '0'}"
245,node,10974114312,35.6900952,51.3219479,"{'amenity': 'charging_station', 'level': '0'}"
246,node,10974114405,35.6915176,51.3221624,"{'amenity': 'chair', 'level': '0'}"
247,node,10974114406,35.6914262,51.3222805,"{'amenity': 'chair', 'level': '0'}"
248,node,10974114407,35.6913935,51.3224709,"{'amenity': 'chair', 'level': '0'}"
249,node,10974114408,35.6907008,51.3214302,"{'amenity': 'chair', 'level': '0'}"
250,node,10974114605,35.6914698,51.3220283,"{'amenity': 'chair', 'level': '0'}"
251,node,10974114705,35.6914458,51.322149,"{'amenity': 'chair', 'level': '0'}"
252,node,10974114805,35.6907444,51.3213846,"{'amenity': 'chair', 'level': '0'}"
253,node,10974114905,35.690472,51.3218272,"{'amenity': 'chair', 'level': '0'}"
254,node,10974114906,35.6903609,51.3219184,"{'amenity': 'chair', 'level': '0'}"
255,node,10974114907,35.6902411,51.3220149,"{'amenity': 'chair', 'level': '0'}"
256,node,10974114908,35.6914088,51.3220283,"{'amenity': 'charging_station', 'level': '0'}"
257,node,10974114909,35.6913826,51.3221732,"{'amenity': 'charging_station', 'level': '0'}"
258,node,10974114910,35.6905047,51.3216126,"{'amenity': 'charging_station', 'level': '0'}"
259,node,10974114911,35.6903479,51.3217306,"{'amenity': 'charging_station', 'level': '0'}"
260,node,10974114912,35.6902411,51.3218218,"{'amenity': 'charging_station', 'level': '0'}"
261,node,10980062933,35.6980471,51.3363201,"{'amenity': 'toilets', 'gender_segregated': 'yes'}"
262,node,11006935598,35.698434,51.3397384,"{'amenity': 'toilets', 'gender_segregated': 'yes'}"
263,node,11020804296,35.6697923,51.3357643,"{'addr:housenumber': '108', 'addr:street': 'دانشگاه هوایی جنوبی', 'amenity': 'fast_food', 'contact:email': 'yekehtaz1351@gmail.com', 'contact:instagram': 'https://instagram.com/fastfoodafra', 'contact:mobile': '+989121461700;+989197721354;+989352773036', 'contact:phone': '+982166100926;+982166100929;+982166694039', 'name': 'فست فود افرا', 'opening_hours': '11:00-23:30', 'operator': 'محمد یکه\u200cتاز', 'website': 'https://fastfoodafra.ir'}"
264,node,11063126267,35.6745865,51.3382792,"{'amenity': 'bank', 'atm': 'yes', 'brand': 'بانک سینا', 'brand:en': 'Sina Bank', 'brand:wikidata': 'Q10860246', 'name': 'بانک سینا', 'name:en': 'Sina Bank'}"
265,node,11063209588,35.6744061,51.3383526,"{'amenity': 'pharmacy', 'healthcare': 'pharmacy'}"
266,node,11063212332,35.6745523,51.3396553,"{'amenity': 'pharmacy', 'healthcare': 'pharmacy', 'opening_hours': '24/7'}"
267,node,11073427362,35.6700378,51.3019717,"{'amenity': 'pharmacy', 'healthcare': 'pharmacy', 'name': 'داروخانه شبانه روزی ۱۷ شهریور', 'opening_hours': '24/7'}"
268,node,11073427382,35.6703141,51.2983919,"{'amenity': 'place_of_worship', 'name': 'مسجد حضرت ابوالفضل', 'religion': 'muslim'}"
269,node,11073427391,35.6700989,51.3017566,"{'amenity': 'clinic', 'healthcare': 'clinic', 'name': 'درمانگاه رضوان'}"
270,node,11073427394,35.6702658,51.2991807,"{'amenity': 'clinic', 'healthcare': 'clinic', 'name': 'درمانگاه شبانه روزی امام رضا', 'opening_hours': '24/7'}"
271,node,11118242050,35.67476,51.3297365,"{'amenity': 'atm', 'not:brand:wikidata': 'Q2882608', 'operator': 'بانک صادرات'}"
272,node,11118255519,35.6746983,51.3297261,"{'amenity': 'pharmacy', 'healthcare': 'pharmacy'}"
273,node,11118263725,35.6749976,51.3297389,"{'amenity': 'pharmacy', 'healthcare': 'pharmacy', 'name': 'داروخانه دکتر سجادی', 'phone': '+982166639622'}"
274,node,11197561226,35.676025,51.3547189,{'amenity': 'pharmacy'}
275,node,11197707282,35.6667118,51.3386939,"{'amenity': 'bus_station', 'name': 'ایستگاه وحید'}"
276,node,11197716099,35.6712552,51.336242,"{'amenity': 'doctors', 'healthcare': 'doctor', 'healthcare:speciality': 'radiology', 'name': 'رادیولوژی و سونوگرافی سبز'}"
277,node,11197716512,35.6753875,51.3362593,"{'amenity': 'cafe', 'name': 'قهوه مونرو'}"
278,node,11197736898,35.6738838,51.3383506,"{'amenity': 'ice_cream', 'name': 'بستنی، فالوده، ویتامینه حاج صمد'}"
279,node,11197739978,35.6712006,51.337158,"{'amenity': 'school', 'name': 'پیش\u200cدبستانی و دبستان دخترانه هوشمند رایحه علم'}"
280,node,11197774329,35.6711738,51.3368616,"{'amenity': 'fast_food', 'name': 'فلافل میخک', 'phone': '+982166100374;+989379044030'}"
281,node,11197800449,35.6744467,51.3367191,"{'amenity': 'pharmacy', 'name': 'داروخانه شبانه\u200cروزی دکتر ویسی', 'opening_hours': '24/7', 'phone': '+982166696255'}"
282,node,11204370827,35.67201,51.3109592,"{'amenity': 'ice_cream', 'name': 'بستنی نعمت مهرآباد جنوبی'}"
283,node,11304548128,35.6915751,51.3220009,"{'amenity': 'restaurant', 'name': 'فودکورت و رستوران رستاک'}"
284,node,11363851401,35.6935044,51.3462339,"{'amenity': 'restaurant', 'name': 'کبابخانه گنجی'}"
285,node,11405306569,35.6861773,51.3482072,"{'amenity': 'cafe', 'name': 'قهوه سهیل'}"
286,node,11434379663,35.6891277,51.3506529,"{'addr:city': 'تهران', 'addr:housenumber': '3', 'addr:street': 'شادمان', 'amenity': 'internet_cafe', 'internet_access': 'wlan', 'internet_access:fee': 'customers', 'name': 'کافی نت پالرمو', 'note': 'انجام تمامی امور کامپیوتری ، اینترنتی و موبایل تون\nثبت نام ثنا، سجام، سخا \nسامانه مودیان ، اظهارنامه مالیاتی و ...\nنوبت دهی تعویض پلاک ، احراز نشانی محل سکونت\nپرداخت خلافی و عوارض ماشین ، موتور\nگواهی کسر از حقوق و کارای بیمه تامین اجتماعی', 'operator': 'PalermoNet', 'operator:type': 'public', 'phone': '+989194801803', 'website': 'https://instagram.com/palermonet'}"
287,node,11471974151,35.676835,51.3363746,"{'amenity': 'restaurant', 'name': 'ferodig ( فرودیگ )'}"
288,node,11521265639,35.6834904,51.356325,"{'addr:city': 'شهر تهران', 'addr:street': 'مالک اشتر', 'amenity': 'restaurant', 'name': 'جگرسرای لقمه لذیذ', 'opening_hours': '09:00-24:00', 'phone': '۰۹۱۲۴۶۷۶۴۵۶'}"
289,node,11533449769,35.6911522,51.3223281,"{'amenity': 'college', 'name': 'مطار مهراباد داخلي'}"
290,node,11533449770,35.6911412,51.3223147,"{'amenity': 'bus_station', 'name': 'مطار مهرباد داخلي'}"
291,node,11569223190,35.6762021,51.3295867,"{'amenity': 'doctors', 'healthcare': 'doctor', 'name': 'پزشکی هسته ای خورشید'}"
292,node,11584686476,35.6702165,51.354982,"{'amenity': 'clinic', 'name': 'درمانگاه منطقه ۱۰ شهرداری تهران'}"
293,node,11597857598,35.6680332,51.3335666,"{'amenity': 'cafe', 'internet_access': 'wlan', 'name': 'Cafebal', 'website': 'https://cafebal.ir/'}"
294,node,11613574525,35.6887897,51.3501156,{'amenity': 'pharmacy'}
295,node,11613603627,35.689124,51.3528947,{'amenity': 'pharmacy'}
296,node,11634463197,35.6763933,51.3272725,"{'addr:city': 'تهران', 'addr:housenumber': '17', 'addr:street': 'کنارگذر شهید متوسلیان', 'amenity': 'restaurant', 'cuisine': 'pizza;coffee_shop;burger;sandwich;chicken;fish;turkish;hot_dog;dessert;salad;chocolate', 'internet_access': 'yes', 'name': 'رستوران یاران', 'opening_hours': '24/7', 'phone': '+98 21 92003220', 'takeaway': 'yes', 'website': 'https://yaran.co'}"
297,node,11656383760,35.6897041,51.3413901,"{'amenity': 'cinema', 'name': 'پردیس سینمایی کوثر'}"
298,node,11657121622,35.6894182,51.3411121,"{'amenity': 'atm', 'operator': 'بانک شهر'}"
