,type,id,lat,lon,tags
0,node,2484981349,35.6623604,51.343959,"{'amenity': 'bank', 'atm': 'yes', 'branch': 'جاویدالاثر عباس کهن', 'brand': 'بانک کشاورزی', 'brand:en': 'Bank Keshavarzi Iran', 'brand:wikidata': 'Q6395007', 'brand:wikipedia': 'en:Bank Keshavarzi Iran', 'name': 'بانک کشاورزی', 'name:en': 'Bank Keshavarzi Iran', 'wheelchair': 'limited'}"
1,node,2484981350,35.6617603,51.3467231,"{'amenity': 'bank', 'atm': 'yes', 'branch': 'بازار مبل ایران', 'brand': 'بانک ملت', 'brand:en': 'Bank Mellat', 'brand:wikidata': 'Q4855944', 'brand:wikipedia': 'en:Bank Mellat', 'name': 'بانک ملت', 'name:en': 'Bank Mellat', 'source': 'https://www.bankmellat.ir/3/OnePane/167/1/Mellat/2/186/1/125.aspx?itemid=125'}"
2,node,2485469285,35.6687037,51.3472294,"{'amenity': 'bus_station', 'bus': 'yes', 'name': 'پایانه بوتان', 'public_transport': 'station', 'shelter': 'yes', 'tactile_paving': 'no', 'wheelchair': 'yes'}"
3,node,2485523393,35.6650463,51.3451599,"{'amenity': 'police', 'name': 'راهنمایی و رانندگی منطقه۱۷', 'name:en': 'Traffic Police 17 District', 'name:fa': 'پلیس راهنمایی و رانندگی منطقه ۱۷'}"
4,node,2485571583,35.6655228,51.3445612,"{'amenity': 'bus_station', 'bench': 'yes', 'bus': 'yes', 'highway': 'bus_stop;platform', 'lit': 'yes', 'name': 'پل ساوه', 'public_transport': 'platform', 'shelter': 'yes', 'tactile_paving': 'no'}"
5,node,2501688079,35.6617929,51.3442048,"{'amenity': 'taxi', 'name': 'ایستگاه تاکسی', 'name:en': 'Taxi Stop'}"
6,node,2505906101,35.6633817,51.344581,"{'amenity': 'bank', 'atm': 'yes', 'brand': 'بانک آینده', 'brand:en': 'Ayandeh Bank', 'brand:wikidata': 'Q5938144', 'brand:wikipedia': 'en:Ayandeh Bank', 'name': 'بانک آینده', 'name:en': 'Ayandeh Bank', 'wheelchair': 'no'}"
7,node,2505906102,35.6615728,51.3456214,"{'amenity': 'bank', 'atm': 'yes', 'brand': 'بانک سامان', 'brand:en': 'Saman Bank', 'brand:wikidata': 'Q4117676', 'brand:wikipedia': 'en:Saman Bank', 'name': 'بانک سامان', 'name:en': 'Saman Bank'}"
8,node,2505906110,35.6683568,51.3468576,"{'amenity': 'clinic', 'healthcare': 'clinic', 'level': '2', 'name': 'درمانگاه شبانه\u200cروزی مشیری', 'name:en': 'Moshiri Clinic', 'opening_hours': '24/7', 'wheelchair': 'no'}"
9,node,2505906117,35.6703522,51.3524395,"{'amenity': 'pharmacy', 'healthcare': 'pharmacy', 'name': 'داروخانه مقدم'}"
10,node,2575325428,35.6498058,51.3441031,"{'amenity': 'police', 'name': 'کلانتری ۱۵۳ شهرک ولیعصر', 'name:en': 'Police station No 153-Valiasr suburb'}"
11,node,3926569361,35.6585018,51.3537795,"{'amenity': 'school', 'name': 'شهید سید عباس طباطبایی'}"
12,node,3926569362,35.6585054,51.3539937,"{'amenity': 'school', 'name': 'بشارت'}"
13,node,3926569363,35.6584879,51.3542633,"{'amenity': 'bank', 'atm': 'yes', 'brand': 'بانک صادرات', 'brand:en': 'Bank Saderat Iran', 'brand:fa': 'بانک صادرات', 'brand:wikidata': 'Q2882608', 'brand:wikipedia': 'en:Bank Saderat Iran', 'name': 'بانک صادرات', 'name:en': 'Bank Saderat Iran', 'name:fa': 'بانک صادرات'}"
14,node,3926570543,35.6593621,51.3601704,"{'amenity': 'library', 'name': 'کتابخانه دکتر حسابی'}"
15,node,4305862395,35.657379,51.3657037,"{'addr:street': 'ابوذر', 'amenity': 'pharmacy', 'healthcare': 'pharmacy', 'name': 'داروخانه شبانه روزی ابوذر', 'opening_hours': '24/7'}"
16,node,4315391989,35.6574635,51.3632996,"{'addr:street': 'ابوذر', 'amenity': 'bank', 'brand': 'بانک سپه', 'brand:en': 'Bank Sepah', 'brand:wikidata': 'Q2882624', 'brand:wikipedia': 'en:Bank Sepah', 'name': 'بانک سپه', 'name:en': 'Bank Sepah'}"
17,node,4315392089,35.657601,51.3731568,"{'addr:street': 'ابوذر', 'amenity': 'bank', 'brand': 'بانک ملی', 'brand:en': 'Bank Melli Iran', 'brand:wikidata': 'Q806640', 'brand:wikipedia': 'en:Bank Melli Iran', 'name': 'بانک ملی', 'name:en': 'Bank Melli Iran'}"
18,node,4318091498,35.6605889,51.3713848,"{'addr:city': 'تهران', 'addr:street': 'محمدرضا شهسوار حقیقی شمال', 'amenity': 'place_of_worship', 'denomination': 'shia', 'name': 'مسجد حضرت مهدی عج', 'religion': 'muslim'}"
19,node,4318130192,35.6575265,51.3620319,"{'addr:street': 'ابوذر', 'amenity': 'events_venue', 'name': 'تالارپذیرایی فرهنگیان'}"
20,node,4319612090,35.6650279,51.3693906,"{'addr:street': 'عبدالرسول مهدوی', 'amenity': 'post_office', 'name': 'اداره پست امامزاده معصوم دوراهی قپان'}"
21,node,4319631890,35.6578953,51.3725137,"{'addr:street': 'محمدرضا شهسوار حقیقی شمال', 'amenity': 'school', 'name': 'دبستان فاطمیه'}"
22,node,4319631990,35.6677884,51.3736298,"{'addr:street': 'قزوین', 'amenity': 'bank', 'brand': 'بانک ملت', 'brand:en': 'Bank Mellat', 'brand:wikidata': 'Q4855944', 'brand:wikipedia': 'en:Bank Mellat', 'name': 'بانک ملت', 'name:en': 'Bank Mellat'}"
23,node,4319631991,35.6574773,51.372674,"{'addr:city': 'تهران', 'addr:street': 'ابوذر', 'amenity': 'clinic', 'healthcare': 'clinic', 'healthcare:speciality': 'radiology', 'name': 'کیلینیک تخصصی تصویربرداری دلیری'}"
24,node,4320470589,35.6516558,51.3543114,"{'addr:street': 'اسلامی', 'amenity': 'place_of_worship', 'religion': 'muslim'}"
25,node,4326602992,35.6569009,51.3688862,"{'addr:street': 'ابوذر', 'amenity': 'bank', 'brand': 'بانک رفاه', 'brand:en': 'Refah Bank', 'brand:wikidata': 'Q7307083', 'brand:wikipedia': 'en:Refah Bank', 'name': 'بانک رفاه', 'name:en': 'Refah Bank'}"
26,node,4326609392,35.658276,51.3755043,"{'addr:city': 'تهران', 'addr:street': 'ابوذر', 'amenity': 'place_of_worship', 'denomination': 'shia', 'name': 'مسجد محمدی', 'religion': 'muslim'}"
27,node,4333649591,35.6578407,51.3627008,"{'addr:street': 'ابوذر', 'amenity': 'pharmacy', 'healthcare': 'pharmacy', 'name': 'داروخانه افق طلایی'}"
28,node,4333649592,35.6570329,51.3675934,"{'addr:city': 'تهران', 'addr:street': 'ابوذر', 'amenity': 'pharmacy', 'healthcare': 'pharmacy', 'name': 'داروخانه دکتر جوادی'}"
29,node,4333691789,35.6596741,51.3719086,"{'addr:street': 'محمدرضا شهسوار حقیقی شمال', 'amenity': 'parking', 'name': 'پارکینگ عمومی'}"
30,node,4335197829,35.6540289,51.3666669,"{'amenity': 'bank', 'atm': 'yes', 'brand': 'بانک ملی', 'brand:en': 'Bank Melli Iran', 'brand:wikidata': 'Q806640', 'brand:wikipedia': 'en:Bank Melli Iran', 'name': 'بانک ملی', 'name:en': 'Bank Melli Iran'}"
31,node,4336622114,35.6574967,51.3728956,"{'addr:street': 'میدان مقدم', 'amenity': 'pharmacy', 'healthcare': 'pharmacy', 'name': 'داروخانه خزانه'}"
32,node,4346872596,35.6675829,51.3664052,"{'addr:city': 'تهران', 'addr:street': 'خیابان قزوین', 'amenity': 'fuel', 'fuel:cng': 'yes', 'name': 'جایگاه گاز CNG کیان', 'surface': 'concrete'}"
33,node,4346872893,35.6668325,51.3688114,"{'addr:street': 'قزوین', 'amenity': 'bank', 'atm': 'yes', 'branch': 'عارف', 'brand': 'بانک ملی', 'brand:en': 'Bank Melli Iran', 'brand:wikidata': 'Q806640', 'brand:wikipedia': 'en:Bank Melli Iran', 'name': 'بانک ملی', 'name:en': 'Bank Melli Iran'}"
34,node,4383824478,35.6553035,51.3557526,"{'amenity': 'place_of_worship', 'name': 'مسجد چهارده معصوم', 'religion': 'muslim'}"
35,node,4393864795,35.6557356,51.35354,"{'amenity': 'clinic', 'healthcare': 'clinic', 'name': 'کلینیک سید الشهدا'}"
36,node,4393864796,35.6556005,51.3536178,"{'amenity': 'clinic', 'healthcare': 'clinic', 'name': 'کلینیک امام رضا'}"
37,node,4394921113,35.6492733,51.3561472,"{'amenity': 'cinema', 'name': 'سینما بهاران'}"
38,node,4396352626,35.6568719,51.35284,"{'amenity': 'place_of_worship', 'name': 'مسجد مسلم ابن عقیل', 'religion': 'muslim'}"
39,node,4396365593,35.6541074,51.3584379,"{'amenity': 'place_of_worship', 'name': 'مسجد باب الحوائج', 'religion': 'muslim'}"
40,node,4396365594,35.6529013,51.3540434,"{'amenity': 'bank', 'atm': 'yes', 'branch': 'وصفنارد', 'brand': 'بانک ملی', 'brand:en': 'Bank Melli Iran', 'brand:wikidata': 'Q806640', 'brand:wikipedia': 'en:Bank Melli Iran', 'name': 'بانک ملی', 'name:en': 'Bank Melli Iran'}"
41,node,4396368670,35.6555095,51.3531465,"{'amenity': 'pharmacy', 'healthcare': 'pharmacy', 'name': 'داروخانه وهاب زاده', 'name:en': 'VahhabZade Pharmacy'}"
42,node,4396368671,35.6557092,51.3536177,"{'amenity': 'pharmacy', 'healthcare': 'pharmacy', 'name': 'داروخانه سجاد'}"
43,node,4397616108,35.6588589,51.3514779,"{'amenity': 'place_of_worship', 'name': 'مسجد باب الحوائج (ع)', 'religion': 'muslim'}"
44,node,4397616109,35.6576278,51.3608285,"{'amenity': 'bank', 'atm': 'yes', 'brand': 'بانک مسکن', 'brand:en': 'Bank Maskan', 'brand:wikidata': 'Q4855942', 'brand:wikipedia': 'en:Bank Maskan', 'name': 'بانک مسکن', 'name:en': 'Bank Maskan'}"
45,node,4397616110,35.65776,51.359646,"{'amenity': 'bank', 'atm': 'yes', 'brand': 'بانک تجارت', 'brand:wikidata': 'Q7695198', 'brand:wikipedia': 'en:Tejarat Bank', 'name': 'بانک تجارت'}"
46,node,4397616111,35.657623,51.3610207,"{'amenity': 'bank', 'atm': 'yes', 'brand': 'بانک پارسیان', 'brand:en': 'Parsian Bank', 'brand:wikidata': 'Q2410404', 'brand:wikipedia': 'en:Parsian Bank', 'name': 'بانک پارسیان', 'name:en': 'Parsian Bank'}"
47,node,4397659998,35.6506533,51.355763,"{'amenity': 'pharmacy', 'healthcare': 'pharmacy', 'name': 'داروخانه شبانه روزی شفق', 'name:en': 'Shafaq Pharmacy'}"
48,node,4401309035,35.6581646,51.3558427,"{'amenity': 'restaurant', 'name': 'دنیز'}"
49,node,4401347513,35.6525139,51.356951,"{'amenity': 'school', 'name': 'شهدای گمنام'}"
50,node,4401347514,35.6525489,51.3577644,"{'amenity': 'school', 'name': 'امید انقلاب'}"
51,node,4411776406,35.6504544,51.3562798,"{'amenity': 'clinic', 'healthcare': 'clinic', 'name': 'درمانگاه بهاران'}"
52,node,4411776407,35.6525293,51.352573,"{'amenity': 'school', 'name': 'مدرسه هدایت'}"
53,node,4411776408,35.6522896,51.3535869,"{'amenity': 'school', 'name': 'مدرسه فاطمه زهرا'}"
54,node,4411776409,35.6537118,51.3541529,"{'amenity': 'place_of_worship', 'denomination': 'shia', 'name': 'حسینیه طاهری', 'religion': 'muslim'}"
55,node,4411777932,35.6582524,51.3539624,"{'amenity': 'school', 'name': 'شاهد گل نرگس'}"
56,node,4411796139,35.6609911,51.3457226,"{'amenity': 'bank', 'atm': 'yes', 'branch': 'بازار مبل ایران', 'brand': 'بانک پارسیان', 'brand:en': 'Parsian Bank', 'brand:wikidata': 'Q2410404', 'brand:wikipedia': 'en:Parsian Bank', 'drive_through': 'no', 'name': 'بانک پارسیان', 'name:en': 'Parsian Bank'}"
57,node,4411796140,35.6614838,51.3455461,"{'addr:street': 'یافت آباد', 'amenity': 'bank', 'atm': 'yes', 'branch': 'بازار مبل ایران', 'brand': 'بانک صادرات', 'brand:en': 'Bank Saderat Iran', 'brand:fa': 'بانک صادرات', 'brand:wikidata': 'Q2882608', 'brand:wikipedia': 'en:Bank Saderat Iran', 'name': 'بانک صادرات', 'name:en': 'Bank Saderat Iran', 'name:fa': 'بانک صادرات'}"
58,node,4411808800,35.6528434,51.3612336,"{'amenity': 'bank', 'atm': 'yes', 'brand': 'بانک صادرات', 'brand:en': 'Bank Saderat Iran', 'brand:fa': 'بانک صادرات', 'brand:wikidata': 'Q2882608', 'brand:wikipedia': 'en:Bank Saderat Iran', 'name': 'بانک صادرات', 'name:en': 'Bank Saderat Iran', 'name:fa': 'بانک صادرات'}"
59,node,4417963290,35.6689329,51.3820037,"{'amenity': 'atm', 'not:brand:wikidata': 'Q5941033', 'operator': 'بانک شهر'}"
60,node,4423810723,35.6579115,51.3488843,"{'amenity': 'school', 'name': 'هنرستان دخترانه'}"
61,node,4423810724,35.6613967,51.3482899,"{'amenity': 'place_of_worship', 'name': 'مسجد صاحب الزمان', 'religion': 'muslim'}"
62,node,4423810727,35.6551752,51.3532772,"{'amenity': 'place_of_worship', 'name': 'مسجد علویون', 'religion': 'muslim'}"
63,node,4432897694,35.6552051,51.3559315,{'amenity': 'atm'}
64,node,4434767056,35.6586734,51.3538291,{'amenity': 'taxi'}
65,node,4436383762,35.6436117,51.3528149,"{'addr:city': 'تهران', 'amenity': 'place_of_worship', 'denomination': 'shia', 'name': 'مسجد جامع سید الشهدا', 'religion': 'muslim'}"
66,node,4436418511,35.653702,51.3669863,"{'amenity': 'bank', 'atm': 'yes', 'brand': 'بانک صادرات', 'brand:en': 'Bank Saderat Iran', 'brand:fa': 'بانک صادرات', 'brand:wikidata': 'Q2882608', 'brand:wikipedia': 'en:Bank Saderat Iran', 'name': 'بانک صادرات', 'name:en': 'Bank Saderat Iran', 'name:fa': 'بانک صادرات'}"
67,node,4464436296,35.6469784,51.368576,"{'addr:street': 'زمزم', 'amenity': 'bank', 'branch': 'فرودگاه', 'brand': 'بانک صادرات', 'brand:en': 'Bank Saderat Iran', 'brand:fa': 'بانک صادرات', 'brand:wikidata': 'Q2882608', 'brand:wikipedia': 'en:Bank Saderat Iran', 'name': 'بانک صادرات', 'name:en': 'Bank Saderat Iran', 'name:fa': 'بانک صادرات'}"
68,node,4467506626,35.6410526,51.3608569,"{'amenity': 'place_of_worship', 'name': 'مسجد پنج تن آل عبا', 'religion': 'muslim'}"
69,node,4467520055,35.6410036,51.3578686,{'amenity': 'toilets'}
70,node,4469636961,35.6583542,51.3533966,"{'amenity': 'atm', 'level': '0'}"
71,node,4471735463,35.6536926,51.3663806,"{'addr:city': 'تهران', 'amenity': 'place_of_worship', 'denomination': 'shia', 'name': 'مسجد اعظم امام خمینی', 'religion': 'muslim'}"
72,node,4471755119,35.6533897,51.3684326,"{'addr:city': 'تهران', 'amenity': 'place_of_worship', 'denomination': 'shia', 'name': 'موسی بن جعفر', 'religion': 'muslim'}"
73,node,4475365072,35.6564587,51.3642435,"{'addr:city': 'تهران', 'amenity': 'clinic', 'healthcare': 'clinic', 'name': 'درمانگاه شهرداری منطقه ۱۷'}"
74,node,4479460868,35.6576441,51.360316,"{'amenity': 'school', 'name': 'مدرسه'}"
75,node,4479466245,35.6579514,51.3619522,"{'amenity': 'car_wash', 'name': 'داهیم'}"
76,node,4479481958,35.6573411,51.3644815,"{'amenity': 'fast_food', 'name': 'روژینو'}"
77,node,4479490318,35.6581232,51.3581127,"{'amenity': 'clinic', 'healthcare': 'clinic', 'name': 'درمانگاه افرا'}"
78,node,4481165194,35.6579803,51.3573533,"{'amenity': 'events_venue', 'name': 'تالار پارمیس'}"
79,node,4481165197,35.6568287,51.3532458,{'amenity': 'cafe'}
80,node,4481165198,35.6571622,51.3507294,"{'amenity': 'school', 'name': 'ابرار'}"
81,node,4481165199,35.6570961,51.3511576,{'amenity': 'school'}
82,node,4481165203,35.6575418,51.3467407,"{'amenity': 'events_venue', 'name': 'تالار مرندیان'}"
83,node,4481985787,35.6560495,51.353047,"{'amenity': 'toilets', 'unisex': 'yes'}"
84,node,4482031001,35.6531683,51.3543617,"{'amenity': 'fast_food', 'name': 'ترنج', 'takeaway': 'yes'}"
85,node,4482031002,35.6529709,51.3543815,"{'amenity': 'pharmacy', 'healthcare': 'pharmacy', 'operator': 'التیام'}"
86,node,4482031004,35.6522906,51.3545791,"{'amenity': 'ice_cream', 'name': 'یزدی', 'name:en': 'Yazdi', 'takeaway': 'no'}"
87,node,4482031007,35.6499537,51.3558429,{'amenity': 'police'}
88,node,4482269290,35.6501959,51.3562805,{'amenity': 'ice_cream'}
89,node,4482269294,35.6542877,51.3535864,"{'amenity': 'taxi', 'name': 'سجاد'}"
90,node,4482495577,35.6542014,51.3540182,{'amenity': 'atm'}
91,node,4482512200,35.651273,51.3549272,"{'amenity': 'restaurant', 'cuisine': 'regional', 'name': 'سالار'}"
92,node,4482524597,35.6507371,51.3623668,"{'addr:city': 'تهران', 'amenity': 'pharmacy', 'healthcare': 'pharmacy', 'name': 'داروخانه دکتر گودرزی'}"
93,node,4482524604,35.654182,51.3557302,"{'amenity': 'taxi', 'name': 'رنگین کمان'}"
94,node,4482551913,35.6567644,51.370479,"{'amenity': 'bank', 'brand': 'بانک سپه', 'brand:en': 'Bank Sepah', 'brand:wikidata': 'Q2882624', 'brand:wikipedia': 'en:Bank Sepah', 'name': 'بانک سپه', 'name:en': 'Bank Sepah'}"
95,node,4482551914,35.6574315,51.3724504,"{'amenity': 'bank', 'atm': 'yes', 'brand': 'بانک اقتصاد نوین', 'brand:en': 'EN Bank', 'brand:wikidata': 'Q5323768', 'name': 'بانک اقتصاد نوین', 'name:en': 'EN Bank'}"
96,node,4497175656,35.652161,51.3546149,{'amenity': 'restaurant'}
97,node,4497186946,35.6576941,51.3630674,{'amenity': 'fast_food'}
98,node,4498608562,35.6583496,51.3529039,{'amenity': 'restaurant'}
99,node,4498608563,35.6585197,51.3530162,"{'amenity': 'pharmacy', 'healthcare': 'pharmacy', 'name': 'احتشامی'}"
100,node,4498608565,35.6565181,51.3523157,{'amenity': 'atm'}
101,node,4498608567,35.6559774,51.3526963,{'amenity': 'drinking_water'}
102,node,4498608568,35.6562412,51.3533501,"{'amenity': 'clinic', 'healthcare': 'clinic', 'name': 'صبا'}"
103,node,4498608570,35.6556364,51.3536969,"{'amenity': 'restaurant', 'name': 'مائده'}"
104,node,4498608571,35.6542214,51.3539616,{'amenity': 'post_box'}
105,node,4504642609,35.6565195,51.3556402,{'amenity': 'drinking_water'}
106,node,4504642610,35.6563451,51.3556294,"{'amenity': 'toilets', 'unisex': 'yes'}"
107,node,4504650824,35.6523394,51.3557206,"{'amenity': 'place_of_worship', 'denomination': 'shia', 'religion': 'muslim'}"
108,node,4514034670,35.6518815,51.3543712,"{'amenity': 'recycling', 'recycling_type': 'container'}"
109,node,4519250234,35.6575858,51.3730686,{'amenity': 'restaurant'}
110,node,4519256962,35.6567455,51.3692441,"{'addr:city': 'تهران', 'amenity': 'school', 'name': 'حق شناش'}"
111,node,4519256964,35.6573189,51.3626132,"{'amenity': 'school', 'name': 'دبیرستان هیت امنایی آزادگان'}"
112,node,4530753809,35.6426163,51.3469994,"{'amenity': 'pharmacy', 'healthcare': 'pharmacy', 'name': 'داروخانه دکتر خداپور'}"
113,node,4534048914,35.662872,51.3512751,"{'addr:street': 'یافت آباد', 'amenity': 'bank', 'atm': 'yes', 'brand': 'بانک آینده', 'brand:en': 'Ayandeh Bank', 'brand:wikidata': 'Q5938144', 'brand:wikipedia': 'en:Ayandeh Bank', 'name': 'بانک آینده', 'name:en': 'Ayandeh Bank'}"
114,node,4534048923,35.6639949,51.3518078,"{'amenity': 'events_venue', 'name': 'تالار قصر پارسیان'}"
115,node,4534048951,35.6634802,51.3445408,"{'access': 'yes', 'amenity': 'parking', 'fee': 'yes', 'layer': '-1', 'parking': 'underground'}"
116,node,4534048952,35.6609483,51.3458531,"{'amenity': 'parking', 'layer': '-1', 'parking': 'underground'}"
117,node,4534049804,35.6611688,51.3491924,"{'amenity': 'parking', 'layer': '-1', 'parking': 'underground'}"
118,node,4545121577,35.6619436,51.3457581,"{'amenity': 'bank', 'atm': 'yes', 'brand': 'بانک پاسارگاد', 'brand:en': 'Bank Pasargad', 'brand:wikidata': 'Q4855962', 'brand:wikipedia': 'en:Bank Pasargad', 'name': 'بانک پاسارگاد', 'name:en': 'Bank Pasargad'}"
119,node,4545121582,35.661966,51.345998,"{'access': 'public', 'amenity': 'parking', 'layer': '-1', 'name': 'پارکینگ بازار مبل کاسپین', 'parking': 'underground'}"
120,node,4545155667,35.6619882,51.3476964,"{'amenity': 'bank', 'atm': 'yes', 'name': 'بانک گردشگری', 'name:en': 'Tourism Bank'}"
121,node,4545155673,35.6621145,51.3469197,"{'amenity': 'parking', 'layer': '-1', 'name': 'پارکینگ بازار مبل کوروش', 'parking': 'underground'}"
122,node,4545155674,35.6622706,51.3490113,"{'amenity': 'bank', 'atm': 'yes', 'name': 'بازار مبل'}"
123,node,4545155679,35.662459,51.3499229,"{'addr:housenumber': '92', 'amenity': 'bank', 'atm': 'yes', 'branch': 'قائم', 'brand': 'بانک ملی', 'brand:en': 'Bank Melli Iran', 'brand:wikidata': 'Q806640', 'brand:wikipedia': 'en:Bank Melli Iran', 'name': 'بانک ملی', 'name:en': 'Bank Melli Iran', 'ref': '746'}"
124,node,4545155681,35.6615528,51.351496,"{'amenity': 'school', 'name': 'هنرستان پسرانه قدس', 'name:en': 'Qods Technical High School'}"
125,node,4545155682,35.6620138,51.3510299,"{'amenity': 'school', 'name': 'دبیرستان وارثان حسین', 'name:en': 'Varesan Hossein High School'}"
126,node,4545155684,35.6625939,51.3511432,"{'amenity': 'school', 'name': 'دبیرستان علامه طباطبایی', 'name:en': 'Allameh Tabatabaei High School'}"
127,node,4545155685,35.6625248,51.3507339,"{'amenity': 'school', 'name': 'مدرسه تیزهوشان علامه حلی ۹', 'name:en': 'School for the Gifted'}"
128,node,4545156091,35.6627118,51.3517943,"{'amenity': 'bank', 'atm': 'yes', 'brand': 'بانک سپه', 'brand:en': 'Bank Sepah', 'brand:wikidata': 'Q2882624', 'brand:wikipedia': 'en:Bank Sepah', 'name': 'بانک سپه', 'name:en': 'Bank Sepah'}"
129,node,4557039186,35.6581724,51.352122,"{'amenity': 'restaurant', 'name': 'سعید'}"
130,node,4557039589,35.6578531,51.3579845,"{'amenity': 'place_of_worship', 'name': 'مسجد امام حسن عسگری', 'religion': 'muslim'}"
131,node,4557039592,35.6577438,51.3598724,"{'amenity': 'bank', 'atm': 'yes', 'name': 'کوثر'}"
132,node,4557039603,35.6573992,51.3639239,"{'amenity': 'clinic', 'healthcare': 'clinic', 'name': 'ساختمان پزشکان صبا'}"
133,node,4557043801,35.6573165,51.3649871,"{'addr:city': 'تهران', 'amenity': 'fast_food', 'name': 'دوقلو'}"
134,node,4557043802,35.6573302,51.3647329,{'amenity': 'restaurant'}
135,node,4557043803,35.6572751,51.3655001,"{'amenity': 'bank', 'atm': 'yes', 'brand': 'بانک ملی', 'brand:en': 'Bank Melli Iran', 'brand:wikidata': 'Q806640', 'brand:wikipedia': 'en:Bank Melli Iran', 'name': 'بانک ملی', 'name:en': 'Bank Melli Iran'}"
136,node,4557471303,35.6572375,51.3658002,"{'amenity': 'doctors', 'healthcare': 'doctor', 'name': 'ساختمان پزشکان'}"
137,node,4557471304,35.6572864,51.3653296,"{'addr:street': 'ابوذر', 'amenity': 'doctors', 'healthcare': 'doctor', 'name': 'مطب دکتر مظاهری', 'office': 'physician', 'phone': '+98 21 5570 0965'}"
138,node,4557482245,35.6573359,51.3646126,"{'amenity': 'clinic', 'healthcare': 'clinic', 'name': 'کلینیک ترک اعتیاد پردیس'}"
139,node,4557482246,35.6570176,51.3713492,"{'amenity': 'bank', 'atm': 'yes', 'brand': 'بانک صادرات', 'brand:en': 'Bank Saderat Iran', 'brand:fa': 'بانک صادرات', 'brand:wikidata': 'Q2882608', 'brand:wikipedia': 'en:Bank Saderat Iran', 'name': 'بانک صادرات', 'name:en': 'Bank Saderat Iran', 'name:fa': 'بانک صادرات'}"
140,node,4557482247,35.6573862,51.3641602,"{'amenity': 'doctors', 'healthcare': 'doctor', 'healthcare:speciality': 'radiology', 'name': 'رادیولوژی فلاح'}"
141,node,4557491057,35.6572597,51.365625,"{'amenity': 'taxi', 'name': 'آژانس پیام'}"
142,node,4560486906,35.656524,51.3643068,"{'addr:city': 'تهران', 'amenity': 'pharmacy', 'healthcare': 'pharmacy', 'name': 'داروخانه مادر', 'name:en': 'Mother Pharmacy'}"
143,node,4599460089,35.6385964,51.3752233,"{'amenity': 'place_of_worship', 'building': 'mosque', 'denomination': 'shia', 'name': 'چهارده معصوم', 'name:en': 'Chahardah Masoum', 'religion': 'muslim'}"
144,node,4607329352,35.6693301,51.3754232,{'amenity': 'toilets'}
145,node,4670243790,35.6588772,51.369222,"{'addr:city': 'تهران', 'amenity': 'place_of_worship', 'denomination': 'shia', 'name': 'مسجد امین الله', 'religion': 'muslim'}"
146,node,4737822922,35.6578653,51.3503767,"{'addr:street': 'پیغمبری', 'amenity': 'restaurant', 'name': 'جغول بغول', 'opening_hours': 'Mo-Su 08:00-22:00'}"
147,node,4799360213,35.6454507,51.3583631,"{'addr:street': 'مسجد', 'amenity': 'atm', 'not:brand:wikidata': 'Q2882624', 'operator': 'بانک سپه'}"
148,node,4810907122,35.6405799,51.3649456,"{'addr:city': 'تهران', 'addr:housenumber': '41', 'addr:street': 'بزرگراه شهید چراغی', 'amenity': 'cinema', 'description': 'سینما، شهر بازی، مرکز خرید، رستوران پردیس کیان', 'name': 'سینما پردیس کیان', 'opening_hours': 'Sa-Th 08:00-22:00; Fr 08:00-23:00', 'phone': '55451000'}"
149,node,4888604321,35.6510893,51.3659566,"{'addr:city': 'تهران', 'addr:street': 'علیرضا عیوض خانی', 'amenity': 'townhall', 'name': 'شهردای ناحیه دو منطقه هفده', 'nat_name': 'شهرداری ناحیه 2 منطقه 17', 'opening_hours': 'Sa-We 08:00-16:45'}"
150,node,4892809356,35.650743,51.3496869,{'amenity': 'car_wash'}
151,node,4892809357,35.6486725,51.3515806,"{'amenity': 'parking', 'name': 'پارکینگ سعیدی'}"
152,node,4892809362,35.6475208,51.3684674,"{'addr:street': 'خوش کردار', 'amenity': 'place_of_worship', 'name': 'مسجد', 'name:en': 'Mosque', 'religion': 'muslim'}"
153,node,4903411821,35.6697923,51.3513304,"{'amenity': 'bank', 'brand': 'بانک سپه', 'brand:en': 'Bank Sepah', 'brand:wikidata': 'Q2882624', 'brand:wikipedia': 'en:Bank Sepah', 'name': 'بانک سپه', 'name:en': 'Bank Sepah'}"
154,node,4910740822,35.6539011,51.3665074,"{'amenity': 'school', 'name': 'دبستان غبر دولتی پسرانه ایران'}"
155,node,4910742821,35.6572164,51.365549,"{'amenity': 'doctors', 'healthcare': 'doctor', 'name': 'مطب دکتر علی پناه خلج متخصص کودکان'}"
156,node,4945473754,35.6495589,51.3473082,"{'amenity': 'atm', 'not:brand:wikidata': 'Q4117676', 'operator': 'بانک سامان'}"
157,node,4971037921,35.6459792,51.3635519,"{'amenity': 'bicycle_parking', 'operator': 'خیابان حنیفه میرزایی'}"
158,node,4973855405,35.6550816,51.355684,{'amenity': 'restaurant'}
159,node,5020703022,35.666348,51.3705885,{'amenity': 'atm'}
160,node,5025393822,35.6562264,51.3641065,{'amenity': 'toilets'}
161,node,5025393921,35.6571592,51.3600436,{'amenity': 'toilets'}
162,node,5069669046,35.6570044,51.3470098,{'amenity': 'car_wash'}
163,node,5069702180,35.6655666,51.3598173,"{'amenity': 'clinic', 'healthcare': 'clinic', 'name': 'درمانگاه خیریه امامزاده حسن'}"
164,node,5069715756,35.6665733,51.3644575,"{'amenity': 'bank', 'atm': 'yes', 'brand': 'بانک مسکن', 'brand:en': 'Bank Maskan', 'brand:wikidata': 'Q4855942', 'brand:wikipedia': 'en:Bank Maskan', 'name': 'بانک مسکن', 'name:en': 'Bank Maskan'}"
165,node,5231041156,35.6446869,51.3545744,"{'amenity': 'police', 'name': 'کلانتری ۱۶۱ ابوذر'}"
166,node,5243280352,35.6647221,51.3577141,"{'amenity': 'bank', 'atm': 'yes', 'brand': 'بانک ملی', 'brand:en': 'Bank Melli Iran', 'brand:wikidata': 'Q806640', 'brand:wikipedia': 'en:Bank Melli Iran', 'description': 'بانک ملی شعبه امین الملک', 'name': 'بانک ملی', 'name:en': 'Bank Melli Iran'}"
167,node,5243282379,35.6657437,51.3622457,"{'amenity': 'bank', 'atm': 'yes', 'brand': 'بانک صادرات', 'brand:en': 'Bank Saderat Iran', 'brand:fa': 'بانک صادرات', 'brand:wikidata': 'Q2882608', 'brand:wikipedia': 'en:Bank Saderat Iran', 'name': 'بانک صادرات', 'name:en': 'Bank Saderat Iran', 'name:fa': 'بانک صادرات'}"
168,node,5310632721,35.6667491,51.3659722,"{'addr:housenumber': '66', 'addr:street': 'امین الملک', 'amenity': 'pharmacy', 'healthcare': 'pharmacy', 'name': 'داروخانه دکتر مهسا جاسمی', 'name:en': 'Dr.Naser Hadavand'}"
169,node,5385256542,35.6459386,51.3505764,"{'amenity': 'toilets', 'name': 'سرویس بهداشتی'}"
170,node,5430755903,35.6458887,51.3507213,"{'addr:city': 'تهران', 'amenity': 'place_of_worship', 'name': 'نمازخانه', 'religion': 'muslim', 'wheelchair': 'yes'}"
171,node,5484065321,35.6572922,51.3658861,"{'amenity': 'fast_food', 'name': 'مجتبی', 'name:en': 'Mojtaba'}"
172,node,5607146727,35.6656829,51.3622565,{'amenity': 'atm'}
173,node,5607703722,35.6606923,51.3746103,{'amenity': 'atm'}
174,node,5607703821,35.6683928,51.3564521,"{'amenity': 'atm', 'operator': 'g'}"
175,node,5607703822,35.6677722,51.356962,{'amenity': 'atm'}
176,node,5607703921,35.6684552,51.3567348,{'amenity': 'atm'}
177,node,5607703922,35.6588576,51.3683223,{'amenity': 'atm'}
178,node,5607703923,35.6581798,51.3680909,"{'amenity': 'atm', 'operator': 't'}"
179,node,5728673684,35.6476289,51.3508771,"{'amenity': 'car_wash', 'name': 'اتو کارواش بخار اسپشیال'}"
180,node,5743086421,35.6367584,51.359932,"{'amenity': 'bus_station', 'bus': 'yes', 'name': 'پایانه شهید سروری', 'public_transport': 'station'}"
181,node,5758690116,35.6380147,51.3539154,{'amenity': 'taxi'}
182,node,5761933969,35.649209,51.3494377,"{'amenity': 'bank', 'atm': 'yes', 'brand': 'بانک شهر', 'brand:en': 'Shahr Bank', 'brand:fa': 'بانک شهر', 'brand:wikidata': 'Q5941033', 'name': 'بانک شهر', 'name:en': 'Shahr Bank', 'name:fa': 'بانک شهر'}"
183,node,5769913746,35.6583133,51.3584098,"{'amenity': 'car_wash', 'name': 'کارواش فراهانی'}"
184,node,5769914156,35.658409,51.3587977,"{'amenity': 'bank', 'atm': 'yes', 'brand': 'بانک شهر', 'brand:en': 'Shahr Bank', 'brand:fa': 'بانک شهر', 'brand:wikidata': 'Q5941033', 'brand:wikipedia': 'fa:بانک شهر', 'name': 'بانک شهر', 'name:en': 'Shahr Bank', 'name:fa': 'بانک شهر'}"
185,node,5769920572,35.6601069,51.3588181,"{'amenity': 'place_of_worship', 'name': 'مسجد رسول اکرم (ص) اسنق', 'religion': 'muslim'}"
186,node,5769920573,35.6597363,51.3597712,"{'addr:street': 'عباس قفیلی', 'amenity': 'police', 'name': 'کلانتری ۱۴۹ امامزاده حسن'}"
187,node,5769920576,35.6592618,51.3591671,"{'amenity': 'university', 'name': 'سرای محله ابوذرغربی'}"
188,node,5822837746,35.6478561,51.3475793,"{'addr:city': 'تهران', 'amenity': 'place_of_worship', 'denomination': 'shia', 'name': 'مسجد المهدی', 'name:fa': 'Almahdi Mosque', 'religion': 'muslim'}"
189,node,5822870659,35.6701052,51.3519044,"{'amenity': 'bank', 'atm': 'yes', 'brand': 'بانک پارسیان', 'brand:en': 'Parsian Bank', 'brand:wikidata': 'Q2410404', 'brand:wikipedia': 'en:Parsian Bank', 'name': 'بانک پارسیان', 'name:en': 'Parsian Bank'}"
190,node,5822870661,35.6688575,51.3492069,"{'amenity': 'bank', 'atm': 'yes', 'branch': 'شعبه ۱۲۲', 'brand': 'بانک تجارت', 'brand:wikidata': 'Q7695198', 'brand:wikipedia': 'en:Tejarat Bank', 'name': 'بانک تجارت'}"
191,node,5833947485,35.6581271,51.3584612,"{'addr:housenumber': '02155727333', 'addr:postcode': '021', 'addr:street': 'قفیلی', 'amenity': 'car_wash', 'internet_access': 'wlan', 'name': 'کارواش', 'name:en': 'DAD'}"
192,node,5840513563,35.6699572,51.3629624,"{'amenity': 'bank', 'brand': 'بانک مسکن', 'brand:en': 'Bank Maskan', 'brand:wikidata': 'Q4855942', 'brand:wikipedia': 'en:Bank Maskan', 'name': 'بانک مسکن', 'name:en': 'Bank Maskan'}"
193,node,5859504966,35.6602993,51.3456321,"{'amenity': 'restaurant', 'name': 'ریحون', 'name:en': 'Reyhoon', 'opening_hours': 'Mo-Su 12:00-16:30, 19:30-22:45'}"
194,node,5919941439,35.6686678,51.3476093,"{'amenity': 'fuel', 'name': 'جایگاه ۱۲۰', 'opening_hours': '24/7'}"
195,node,6034444589,35.6707401,51.3524232,{'amenity': 'police'}
196,node,6034475286,35.6696115,51.3564475,"{'amenity': 'bank', 'brand': 'بانک صادرات', 'brand:en': 'Bank Saderat Iran', 'brand:fa': 'بانک صادرات', 'brand:wikidata': 'Q2882608', 'brand:wikipedia': 'en:Bank Saderat Iran', 'name': 'بانک صادرات', 'name:en': 'Bank Saderat Iran', 'name:fa': 'بانک صادرات'}"
197,node,6034475287,35.670685,51.3535965,"{'amenity': 'bus_station', 'bus': 'yes', 'name': 'پایانه شمشیری', 'public_transport': 'station'}"
198,node,6160842486,35.649367,51.3443403,"{'amenity': 'police', 'name': 'پایگاه پنجم پلیس مبارزه با موادمخدر فاتب'}"
199,node,6366933475,35.6375209,51.3706511,"{'amenity': 'place_of_worship', 'name': 'مسجد صاحب الزمان', 'religion': 'muslim'}"
200,node,6366935339,35.6415501,51.3678795,"{'amenity': 'school', 'name': 'هنرستان فنی حرفه ای پاسداران'}"
201,node,6366935476,35.6400084,51.3703881,"{'amenity': 'place_of_worship', 'name': 'مسجد باب الحوائج', 'religion': 'muslim'}"
202,node,6366947459,35.6382651,51.3645691,"{'amenity': 'place_of_worship', 'name': 'مسجد جامع حضرت علی ابن ابی طالب', 'name:en': 'Hazrat Ali ibn abi Taleb Central mosque', 'religion': 'muslim'}"
203,node,6488007566,35.6672571,51.3698206,"{'amenity': 'bank', 'atm': 'yes', 'brand': 'بانک صادرات', 'brand:en': 'Bank Saderat Iran', 'brand:fa': 'بانک صادرات', 'brand:wikidata': 'Q2882608', 'brand:wikipedia': 'en:Bank Saderat Iran', 'name': 'بانک صادرات', 'name:en': 'Bank Saderat Iran', 'name:fa': 'بانک صادرات'}"
204,node,6540155787,35.6599536,51.3690157,"{'amenity': 'water_point', 'name': 'ای', 'name:en': 'Hn'}"
205,node,6577102914,35.6459075,51.364755,"{'addr:city': 'تهران', 'addr:street': 'گل شب بو', 'amenity': 'place_of_worship', 'name': 'دارالقران نور', 'operator': 'دارالقران'}"
206,node,6578004324,35.6464604,51.3624477,"{'amenity': 'atm', 'currency:ریال': 'yes', 'operator': 'حکمت ایرانیان'}"
207,node,6578031832,35.644708,51.3672187,"{'amenity': 'atm', 'cash_in': 'yes', 'currency:ریال': 'yes', 'operator': 'بانک حکمت ایرانیان'}"
208,node,6578047610,35.6426056,51.3629133,"{'amenity': 'atm', 'not:brand:wikidata': 'Q10860253', 'operator': 'بانک قوامین'}"
209,node,6578047611,35.6507575,51.3645991,"{'amenity': 'atm', 'operator': 'خودپرداز قوامین'}"
210,node,6578047615,35.6504071,51.3715344,"{'addr:city': 'تهران', 'addr:street': 'بزرگراه چراغی', 'amenity': 'fast_food', 'cuisine': 'pizza;burger;italian;sandwich;chicken;hot_dog', 'diet:halal': 'yes', 'drive_through': 'yes', 'name': 'پیتزا سیسز', 'opening_hours': 'Mo-Su 12:00-23:30', 'operator': 'محمدی مقدم', 'phone': '+982155857004', 'website': 'https://www.instagram.com/cicipizzatehran'}"
211,node,6593432491,35.6569502,51.3684569,"{'addr:street': 'ابوذر', 'amenity': 'bank', 'atm': 'yes', 'brand': 'بانک سپه', 'brand:en': 'Bank Sepah', 'brand:wikidata': 'Q2882624', 'name': 'بانک سپه', 'name:en': 'Bank Sepah'}"
212,node,6653178577,35.6512149,51.348505,"{'amenity': 'fuel', 'compressed_air': 'no', 'name': '۱۳۵ جایگاه اختصاصی بهران شماره', 'name:en': 'Behran Gas Station No. 135', 'opening_hours': '24/7'}"
213,node,6682481785,35.6529044,51.3683777,"{'amenity': 'community_centre', 'name': 'Ghamar b h (p b h)'}"
214,node,6699915785,35.6585562,51.3549749,"{'amenity': 'drinking_water', 'name': 'اب'}"
215,node,6699915885,35.6584109,51.3550938,"{'amenity': 'drinking_water', 'name': 'اب'}"
216,node,6699915886,35.6584084,51.3550208,"{'amenity': 'drinking_water', 'name': 'اب'}"
217,node,6933252346,35.6612946,51.3459828,"{'amenity': 'cafe', 'name': 'کافی شاپ کاسیت (شعبه ۱)', 'name:en': 'Kasit Coffee Shop'}"
218,node,7015716891,35.6645597,51.3542068,"{'amenity': 'place_of_worship', 'name': 'مسجد چهارده معصوم', 'religion': 'muslim'}"
219,node,7043369893,35.661918,51.3546641,"{'amenity': 'place_of_worship', 'name': 'مسجد باب الحوائج', 'religion': 'muslim'}"
220,node,7076875250,35.6677533,51.3740339,"{'amenity': 'pharmacy', 'healthcare': 'pharmacy', 'name': 'داروخانه شریفیان'}"
221,node,7076875251,35.6618144,51.3763809,"{'amenity': 'bank', 'atm': 'yes', 'brand': 'بانک ملی', 'brand:en': 'Bank Melli Iran', 'brand:wikidata': 'Q806640', 'brand:wikipedia': 'en:Bank Melli Iran', 'name': 'بانک ملی', 'name:en': 'Bank Melli Iran'}"
222,node,7076880917,35.6604636,51.3769629,"{'addr:city': 'تهران', 'amenity': 'pharmacy', 'healthcare': 'pharmacy', 'name': 'داروخانه قلعه مرغی'}"
223,node,7076880918,35.6613483,51.3760993,"{'addr:city': 'تهران', 'amenity': 'place_of_worship', 'denomination': 'shia', 'name': 'مسجد فاطمیه', 'religion': 'muslim'}"
224,node,7086547222,35.644703,51.3550212,"{'addr:street': 'مسجد', 'amenity': 'recycling', 'description': 'بازیافت و تفکیک زباله', 'name': 'بازیافت و دفع زباله شهرداری منطقه ۱۷'}"
225,node,7089543910,35.6419771,51.3510952,{'amenity': 'toilets'}
226,node,7144893832,35.638029,51.3623343,"{'addr:city': 'منطقه ۱۷ شهر تهران', 'addr:street': 'انقلاب', 'amenity': 'school', 'name': 'Mofateh School'}"
227,node,7247711580,35.6442638,51.3541475,"{'addr:street': 'مسجد', 'amenity': 'fuel', 'description': 'تاسیس شده ولی هنوز شروع بکار نکرده است', 'name': 'جایگاه بنزین', 'status': 'inactive'}"
228,node,7287840899,35.6653298,51.3676249,"{'addr:city': 'تهران', 'amenity': 'clinic', 'healthcare': 'hospital', 'name': 'مرکز بهداشتی درمانی میثم', 'phone': '+982155717333;+982155732821', 'source': 'map.ir'}"
229,node,7321032060,35.6463277,51.3679107,"{'addr:street': 'غلامرضایی', 'amenity': 'pharmacy', 'healthcare': 'pharmacy', 'name': 'داروخانه زمزم'}"
230,node,7321055120,35.6463134,51.3647445,"{'addr:city': 'تهران', 'addr:street': 'حسین فیروزی', 'amenity': 'place_of_worship', 'denomination': 'shia', 'name': 'مسجد مهدیه', 'religion': 'muslim'}"
231,node,7389447685,35.6567075,51.3585601,{'amenity': 'atm'}
232,node,7435705920,35.6517857,51.3619372,"{'addr:city': 'تهران', 'amenity': 'doctors', 'healthcare': 'doctor', 'name': 'کلینیک دکتر محرابی', 'name:en': 'Doctor Mehrabi Clinic'}"
233,node,7447601163,35.6608684,51.3456417,{'amenity': 'parking_entrance'}
234,node,7785552505,35.6537925,51.3655556,"{'addr:city': 'تهران', 'amenity': 'school', 'name': 'دبیرستان دخترانه سمیه'}"
235,node,7785552509,35.6537409,51.3658352,"{'amenity': 'school', 'name': 'دبستان دخترانه معصومه'}"
236,node,7785559415,35.648527,51.3659652,"{'amenity': 'library', 'name': 'کتابخانه معراج'}"
237,node,7785582715,35.6685308,51.3804132,"{'amenity': 'townhall', 'name': 'شهرداری ناحیه سه منطقه هفده', 'nat_name': 'شهرداری ناحیه 3 منطقه 17'}"
238,node,7831274508,35.6682261,51.3674009,"{'amenity': 'restaurant', 'name': 'تالار ستاره شب'}"
239,node,7831274514,35.6683668,51.3646662,"{'amenity': 'toilets', 'name': 'دستشویی'}"
240,node,7831331672,35.6651851,51.3708124,"{'addr:city': 'تهران', 'amenity': 'pharmacy', 'healthcare': 'pharmacy', 'name': 'داروخانه پیام نور'}"
241,node,7831334007,35.6651829,51.3725077,"{'addr:city': 'تهران', 'amenity': 'courthouse', 'name': 'شورا حل اختلاف شماره ۱۷'}"
242,node,7831334049,35.6655904,51.3715959,"{'amenity': 'school', 'name': 'دبیرستان دخترانه برادران شهید مجید و محسن مثقالی'}"
243,node,7831334095,35.6649181,51.3691184,"{'addr:city': 'تهران', 'amenity': 'school', 'name': 'دبستان پسرانه شهید لطفعلی نظری'}"
244,node,7831334134,35.6654886,51.3702857,"{'amenity': 'school', 'name': 'هنرستان دخترانه پروین اعتصامی'}"
245,node,7831334144,35.6666958,51.3678899,"{'amenity': 'bank', 'brand': 'بانک مسکن', 'brand:en': 'Bank Maskan', 'brand:wikidata': 'Q4855942', 'brand:wikipedia': 'en:Bank Maskan', 'name': 'بانک مسکن', 'name:en': 'Bank Maskan'}"
246,node,7831334176,35.6649284,51.3688538,"{'amenity': 'school', 'name': 'دبیرستان پسرانه شهید ناظم البکاء'}"
247,node,7831334180,35.6648048,51.3682657,"{'amenity': 'school', 'name': 'مدرسه شهیدان کربلایی'}"
248,node,7831334246,35.6650128,51.3737675,"{'addr:city': 'تهران', 'amenity': 'place_of_worship', 'denomination': 'shia', 'name': 'مسجد سید الشهدا', 'religion': 'muslim'}"
249,node,7844653194,35.6448573,51.355371,"{'addr:street': 'مسجد', 'amenity': 'marketplace', 'description': 'پنج شنبه بازار وصفنارد', 'name': 'پنجشنبه بازار وصفنارد'}"
250,node,7897319661,35.6381802,51.3625428,"{'addr:street': 'گل آرا', 'amenity': 'parking', 'description': 'پارکینگ شبانه روزی مکانیزه و طبقاتی متعلق به شهرداری منطقه ۱۹', 'name': 'پارکینگ مکانیزه گل آرا'}"
251,node,7897325709,35.6381428,51.3625059,"{'addr:street': 'گل آرا', 'amenity': 'parking', 'description': 'پارکینگ شبانه روزی مکانیزه و طبقاتی گل آرا', 'name': 'پارکینگ مکانیزه گل آرا', 'opening_hours': 'Mo-Su 06:02-06:00'}"
252,node,7897361552,35.6386329,51.3621661,"{'addr:street': 'گل آرا', 'amenity': 'parking', 'description': 'پارکینگ شبانه روزی مکانیزه و طبقاتی،شامل ۱۵ دستگاه مکانیزه که هر دستگاه برای ۱۲ خودرو جای پارک دارد.', 'name': 'پارکینگ طبقاتی و مکانیزه گل آرا', 'opening_hours': 'Mo-Su 06:00-05:30'}"
253,node,7912336785,35.6568355,51.3597071,{'amenity': 'atm'}
254,node,7994864439,35.638051,51.361896,"{'addr:street': 'انقلاب', 'amenity': 'school', 'name': 'مدرسه ابن سینا'}"
255,node,8020953285,35.6396008,51.3658163,"{'amenity': 'clinic', 'healthcare': 'clinic', 'name': 'مجتمع پزشکان مهر'}"
256,node,8040629306,35.6661291,51.3498838,"{'amenity': 'place_of_worship', 'religion': 'muslim'}"
257,node,8043778988,35.6655641,51.3502307,{'amenity': 'toilets'}
258,node,8223996308,35.6664119,51.3447708,"{'addr:housenumber': '687', 'addr:street': 'بزرگراه آیت\u200cالله سعیدی', 'amenity': 'fast_food', 'branch': 'یافت\u200cآباد', 'contact:phone': '+982166289577, +982166288318', 'cuisine': 'burger, pizza', 'name': 'سیب'}"
259,node,8254098856,35.6680283,51.3475721,"{'amenity': 'bank', 'atm': 'yes', 'brand': 'بانک ملی', 'brand:en': 'Bank Melli Iran', 'brand:wikidata': 'Q806640', 'brand:wikipedia': 'en:Bank Melli Iran', 'name': 'بانک ملی', 'name:en': 'Bank Melli Iran'}"
260,node,8341407401,35.6572305,51.3654445,"{'amenity': 'bank', 'branch': '۲۰متری فلاح', 'brand': 'بانک ملی', 'brand:en': 'Bank Melli Iran', 'brand:wikidata': 'Q806640', 'brand:wikipedia': 'en:Bank Melli Iran', 'name': 'بانک ملی', 'name:en': 'Bank Melli Iran'}"
261,node,8448724817,35.6631586,51.3568466,"{'addr:housenumber': '2398', 'addr:street': 'آبدام', 'amenity': 'school', 'name': 'مدرسه نونهالان اسلام', 'name:en': 'INonhalan School of Islam', 'opening_hours': 'Sa-We 07:30-12:30', 'phone': '+98 21 6622 0294'}"
262,node,8507856817,35.6606716,51.3551873,{'amenity': 'atm'}
263,node,8507856818,35.660651,51.3552023,{'amenity': 'atm'}
264,node,8507856917,35.6627944,51.3521749,"{'amenity': 'bank', 'brand': 'بانک سرمایه', 'brand:en': 'Sarmayeh Bank', 'brand:wikidata': 'Q7424291', 'brand:wikipedia': 'en:Sarmayeh Bank', 'name': 'بانک سرمایه', 'name:en': 'Sarmayeh Bank'}"
265,node,8764622811,35.6393505,51.3698631,"{'amenity': 'clinic', 'healthcare': 'clinic', 'name': 'مرکز بهداشت شهید آیت', 'phone': '+982155844641'}"
266,node,8998121222,35.6620769,51.3439509,"{'amenity': 'driving_school', 'name': 'آموزشکاه رانندگی آرمان', 'wheelchair': 'no'}"
267,node,9012988793,35.6703204,51.3575697,"{'amenity': 'place_of_worship', 'name': 'مسجد حضرت زهرا', 'religion': 'muslim'}"
268,node,9013061852,35.6499041,51.355551,{'amenity': 'toilets'}
269,node,9029032247,35.6390407,51.3545681,"{'amenity': 'events_venue', 'name': 'تالار مینیاتور'}"
270,node,9032754339,35.6374552,51.355981,"{'amenity': 'bench', 'material': 'concrete', 'seats': '3'}"
271,node,9032754340,35.6374917,51.3559838,"{'amenity': 'bench', 'material': 'concrete', 'seats': '3'}"
272,node,9032754341,35.6375293,51.3559819,"{'amenity': 'bench', 'material': 'concrete', 'seats': '3'}"
273,node,9032754342,35.637562,51.3559762,"{'amenity': 'bench', 'material': 'concrete', 'seats': '3'}"
274,node,9041316827,35.6391829,51.3543883,{'amenity': 'restaurant'}
275,node,9041319467,35.6392191,51.3543652,{'amenity': 'restaurant'}
276,node,9041326304,35.6382736,51.3548948,{'amenity': 'ice_cream'}
277,node,9054210278,35.651145,51.3731274,"{'amenity': 'restaurant', 'name': 'تالاریاس بوستان ولایت'}"
278,node,9054986397,35.6437655,51.3686862,"{'amenity': 'pharmacy', 'healthcare': 'pharmacy', 'name': 'داروخانه لهرابیان'}"
279,node,9054986405,35.6467263,51.3671835,"{'amenity': 'school', 'name': 'هنرستان نمونه توحید'}"
280,node,9054995236,35.6418393,51.3682343,"{'amenity': 'school', 'name': 'مدرسه سید جمال\u200cالدین اسدآبادی'}"
281,node,9054995240,35.6420797,51.3676141,"{'amenity': 'school', 'name': 'دبستان دخترانه نواب صفوی'}"
282,node,9054995250,35.6463498,51.3690255,{'amenity': 'toilets'}
283,node,9054995270,35.646947,51.3674364,{'amenity': 'school'}
284,node,9054995274,35.6381022,51.3673509,"{'amenity': 'school', 'name': 'دبیرستان پسرانه سعیدی'}"
285,node,9054995282,35.642323,51.3682048,"{'amenity': 'school', 'name': 'دبیرستان دخترانه بعثت'}"
286,node,9104753858,35.6511035,51.3485739,{'amenity': 'telephone'}
287,node,9114401491,35.6395977,51.3541319,"{'amenity': 'place_of_worship', 'name': 'حسینیه متوسلین به قمر بنی\u200cهاشم', 'religion': 'muslim'}"
288,node,9114417368,35.6380029,51.3550899,"{'amenity': 'pharmacy', 'healthcare': 'pharmacy'}"
289,node,9115952780,35.637989,51.3536832,"{'amenity': 'car_wash', 'name': 'کارواش K2'}"
290,node,9121904531,35.6622917,51.3439942,{'amenity': 'telephone'}
291,node,9127056917,35.667466,51.3475682,"{'amenity': 'kindergarten', 'name': 'فومن لودر', 'name:en': 'Fouman Loader'}"
292,node,9167489272,35.6670676,51.3580856,"{'addr:city': 'شهر تهران', 'addr:housenumber': '82', 'addr:street': 'بهروز صبوری', 'amenity': 'post_office', 'branch': 'آذری', 'brand': 'تیپاکس', 'email': 'azari@tipax.ir', 'name': 'تیپاکس', 'phone': '+982155707400', 'website': 'https://tipaxco.com/branches/azari'}"
293,node,9180066577,35.6597868,51.345139,{'amenity': 'telephone'}
294,node,9201531037,35.6486259,51.350509,{'amenity': 'car_wash'}
295,node,9234712335,35.6642096,51.3561583,"{'amenity': 'fast_food', 'branch': 'امامزاده حسن', 'name': 'هایدا'}"
296,node,9256830717,35.6596599,51.3545127,"{'amenity': 'restaurant', 'name': 'سوپر تک نمونه - با مدیریت شعبانی (پخش و توزیع مستقیم گوشت،مرغ،ماهی،گوسفند و گوساله زنده)'}"
297,node,9264937470,35.6501551,51.3531137,"{'amenity': 'school', 'denomination': 'shia', 'grades': '7-9', 'internet_access': 'wlan', 'internet_access:fee': 'no', 'name': 'مدرسه شهید چمران', 'religion': 'muslim', 'website': 'https://www.chamran17.com'}"
298,node,9264937471,35.6501789,51.3533258,"{'amenity': 'school', 'name': 'مدرسه پیامبر اکرم'}"
299,node,9264937472,35.6501394,51.3528258,"{'amenity': 'school', 'name': 'مدرسه شاهد هوشمند شهید مجید محسنی'}"
300,node,9396177584,35.6373278,51.3698293,{'amenity': 'toilets'}
301,node,9396177592,35.6378511,51.3687441,{'amenity': 'toilets'}
302,node,9398501581,35.6413467,51.3590022,"{'amenity': 'school', 'name': 'دبیرستان دخترانه عترت'}"
303,node,9398501583,35.6412246,51.3586947,"{'amenity': 'school', 'name': 'دبیرستان رضوان'}"
304,node,9398501584,35.640688,51.3574531,"{'amenity': 'clinic', 'healthcare': 'clinic', 'name': 'مرکز جراحی برزویه'}"
305,node,9413870813,35.6700966,51.3727591,"{'amenity': 'clinic', 'healthcare': 'clinic', 'name': 'درمانگاه شهرداری منطقه ۱۰'}"
306,node,9413945335,35.6686134,51.366242,"{'amenity': 'school', 'name': 'دبستان کمیل'}"
307,node,9413945345,35.6688593,51.3677064,"{'amenity': 'school', 'name': 'مدرسه استاد مطهری'}"
308,node,9517281501,35.6475752,51.3555531,"{'amenity': 'library', 'name': 'کتابخانه بهاران'}"
309,node,9517315724,35.6456771,51.3553179,{'amenity': 'toilets'}
310,node,9587065764,35.6622975,51.3811044,"{'amenity': 'place_of_worship', 'name': 'مسجد چهارده معصوم', 'religion': 'muslim'}"
311,node,9587113752,35.6664564,51.3810233,{'amenity': 'toilets'}
312,node,9875702435,35.6656939,51.3474992,"{'amenity': 'school', 'name': 'دبیرستان دخترانه امام مهدی منطقه 17'}"
313,node,9997873418,35.6605598,51.3765943,{'amenity': 'restaurant'}
314,node,10244439942,35.6620616,51.3440694,"{'addr:city': 'تهران', 'addr:housenumber': '1082', 'addr:street': 'عباس کهن', 'amenity': 'restaurant', 'contact:instagram': 'https://www.instagram.com/nardino_food', 'cuisine': 'pizza;burger;sandwich;chicken;kebab;hot_dog;steak_house', 'name': 'رستوران ناردینو', 'name:en': 'Nardino', 'phone': '+982166100110;+982166681118'}"
315,node,10257702687,35.6407178,51.3597391,"{'addr:city': 'شهر تهران', 'addr:street': 'مسلم طاهری', 'amenity': 'cafe', 'cuisine': 'coffee_shop', 'internet_access': 'no', 'name': 'کافی شاپ', 'outdoor_seating': 'yes'}"
316,node,10258219109,35.6410922,51.3580708,"{'amenity': 'recycling', 'opening_hours': 'Mo-Fr 06:30-12:30,15:30-20:00; Sa 08:00-12:00; PH off', 'operator': 'ایستگاه بازیافت شهرداری', 'recycling:batteries': 'yes', 'recycling:beverage_cartons': 'yes', 'recycling:books': 'yes', 'recycling:cans': 'yes', 'recycling:glass': 'yes', 'recycling:glass_bottles': 'yes', 'recycling:green_waste': 'yes', 'recycling:magazines': 'yes', 'recycling:newspaper': 'yes', 'recycling:paper': 'yes', 'recycling:paper_packaging': 'yes', 'recycling:plastic': 'yes', 'recycling:plastic_bottles': 'yes', 'recycling:plastic_packaging': 'yes', 'recycling:scrap_metal': 'yes', 'recycling:wood': 'yes', 'recycling_type': 'container', 'wheelchair': 'no'}"
317,node,10264180341,35.6674725,51.3583591,{'amenity': 'toilets'}
318,node,10286560048,35.6577958,51.3622725,"{'addr:city': 'تهران', 'addr:street': 'میدان ابوذر', 'amenity': 'cafe', 'cuisine': 'لواشک;آلوچه;لبو;باقالی', 'name': 'دربند کوچولو رضا'}"
319,node,10610416936,35.656734,51.3693318,"{'amenity': 'school', 'name': 'مدرسه پیرنظر'}"
320,node,10678538091,35.6569922,51.3523234,"{'addr:street': 'سجاد جنوبی', 'amenity': 'clinic', 'healthcare': 'clinic', 'name': 'خدمات پرستاری ماهور', 'opening_hours': '24/7', 'operator': 'حامد کیا', 'phone': '+98 938 173 8730'}"
321,node,10683280280,35.6572352,51.3613445,"{'addr:city': 'تهران', 'addr:housenumber': '133', 'addr:street': 'غلامرضا عاشری', 'amenity': 'car_rental', 'contact:phone': '+98 21 5573 0756', 'name': 'اتوبار فلاح', 'opening_hours': 'Mo-Su 09:00-21:00', 'operator': 'اقای فلاح', 'phone:mobile': '+98 912 489 1420'}"
322,node,10692548283,35.6572073,51.3613373,"{'addr:city': 'تهران', 'addr:housenumber': '133', 'addr:street': 'غلامرضا عاشری', 'amenity': 'car_rental', 'name': 'اتوبار فلاح ابوذر', 'opening_hours': 'Mo-Su 09:00-21:00', 'operator': 'Amir Amini bornaweb'}"
323,node,10733416107,35.6673236,51.346052,"{'amenity': 'car_wash', 'name': 'کارواش بخار بوتان'}"
324,node,10741450286,35.6381402,51.3549412,"{'amenity': 'atm', 'name': 'بانک پاسارگاد'}"
325,node,10741481322,35.6440823,51.3522246,"{'amenity': 'bus_station', 'bus': 'yes', 'public_transport': 'station'}"
326,node,10790131174,35.6531569,51.3486902,"{'amenity': 'atm', 'brand': 'بانک گردشگری'}"
327,node,10813940585,35.6385821,51.3537371,"{'amenity': 'car_wash', 'name': 'کارواش K2'}"
328,node,10813944808,35.656768,51.3463759,"{'amenity': 'bus_station', 'name': 'آموزش و پرورش', 'public_transport': 'platform', 'ref': '6661'}"
329,node,10815722374,35.6669583,51.356222,"{'amenity': 'dentist', 'healthcare': 'dentist', 'name': 'دندانپزشکی نسیم', 'phone': '+982155768460'}"
330,node,10815736262,35.664643,51.3565577,"{'access': 'yes', 'amenity': 'parking', 'level': '-1', 'name': 'پارکینگ عمومی اقبال'}"
331,node,10815765559,35.6695069,51.3553493,{'amenity': 'telephone'}
332,node,10815776135,35.6642447,51.3563969,"{'addr:housenumber': '428', 'amenity': 'place_of_worship', 'name': 'مسجد موسی بن جعفر', 'religion': 'muslim'}"
333,node,10815777397,35.667145,51.356003,"{'amenity': 'pharmacy', 'healthcare': 'pharmacy', 'name': 'داروخانه مرکزی اقبال'}"
334,node,10815785318,35.6660245,51.3563256,"{'amenity': 'atm', 'brand': 'مؤسسه مالی و اعتباری کوثر'}"
335,node,10815792536,35.666144,51.3563137,"{'addr:housenumber': '87', 'amenity': 'fast_food', 'name': 'پیتزا آنا'}"
336,node,10815792537,35.6640879,51.3559501,"{'access': 'yes', 'amenity': 'parking'}"
337,node,10815817505,35.66318,51.3525415,"{'amenity': 'bank', 'atm': 'yes', 'branch': 'بازار مبل یافت\u200cآباد', 'brand': 'بانک شهر', 'brand:en': 'Shahr Bank', 'brand:fa': 'بانک شهر', 'brand:wikidata': 'Q5941033', 'name': 'بانک شهر', 'name:en': 'Shahr Bank', 'name:fa': 'بانک شهر', 'ref': '235', 'wheelchair': 'no'}"
338,node,10833777477,35.6389949,51.3545213,"{'amenity': 'events_venue', 'name': 'تالار مینیاتور'}"
339,node,10852956586,35.6689545,51.3773548,"{'amenity': 'library', 'name': 'کتابخانه عمومی باقرالعلوم'}"
340,node,10852956960,35.665455,51.3621983,"{'amenity': 'pharmacy', 'healthcare': 'pharmacy', 'name': 'داروخانه دکتر شریفیان'}"
341,node,10852970717,35.6695416,51.3786872,"{'amenity': 'bank', 'atm': 'yes', 'brand': 'بانک ملی', 'brand:en': 'Bank Melli Iran', 'brand:wikidata': 'Q806640', 'name': 'بانک ملی', 'name:en': 'Bank Melli Iran'}"
342,node,10852977346,35.6686688,51.3763038,{'amenity': 'telephone'}
343,node,10852979227,35.6668671,51.3693767,"{'amenity': 'bank', 'atm': 'yes', 'brand': 'بانک رفاه', 'brand:en': 'Refah Bank', 'brand:wikidata': 'Q7307083', 'name': 'بانک رفاه', 'name:en': 'Refah Bank'}"
344,node,10852984054,35.6634655,51.3543481,"{'amenity': 'bank', 'name': 'مؤسسه اعتباری ملل'}"
345,node,10852985315,35.6655049,51.3617255,"{'amenity': 'bank', 'atm': 'yes', 'brand': 'بانک پاسارگاد', 'brand:en': 'Bank Pasargad', 'brand:wikidata': 'Q4855962', 'name': 'بانک پاسارگاد', 'name:en': 'Bank Pasargad'}"
346,node,10852996127,35.6644672,51.3578575,"{'amenity': 'cafe', 'name': 'کافه رستوران دورهمی'}"
347,node,10870121688,35.639004,51.3746707,"{'amenity': 'cafe', 'email': 'coffeeshopdel@gmail.com', 'name': 'کافه رستوران دل', 'opening_hours': '08:00-24:00', 'phone': '+982155850001', 'source': 'Note 3190198'}"
348,node,10873730574,35.66703,51.3453359,"{'amenity': 'ice_cream', 'name': 'آبمیوه بستنی کولاک'}"
349,node,10971331017,35.6569056,51.3685735,"{'addr:city': 'تهران', 'addr:street': 'خیابان ابوذر', 'amenity': 'place_of_worship', 'name': 'مسجد ناظریه', 'religion': 'muslim'}"
350,node,11012645096,35.6694491,51.3778382,"{'amenity': 'fast_food', 'name': 'پیتزا ساندویچ تیسفون'}"
351,node,11016547426,35.6427951,51.3636293,"{'amenity': 'atm', 'cash_in': 'yes', 'not:brand:wikidata': 'Q5941033', 'operator': 'بانک شهر'}"
352,node,11050969708,35.6499946,51.3532048,"{'amenity': 'library', 'name': 'کتابخانه شهید چمران'}"
353,node,11050969716,35.6500749,51.3531105,"{'amenity': 'restaurant', 'cuisine': 'chicken;sandwich;pasta;kebab;falafel', 'name': 'ناهار خوری شهید چمران'}"
354,node,11074691539,35.6669937,51.3723743,"{'amenity': 'marketplace', 'name': 'دوشنبه بازار'}"
355,node,11074709716,35.6509525,51.3797682,"{'amenity': 'driving_school', 'name': 'آموزشگاه موتورسيكلت ولايت'}"
356,node,11201671335,35.6581508,51.351392,"{'amenity': 'place_of_worship', 'name': 'مسجد حضرت ابوالفضل العباس', 'religion': 'muslim'}"
357,node,11275982958,35.6572647,51.3680733,"{'amenity': 'doctors', 'healthcare:speciality': 'paediatrics', 'name': 'دکتر سیف الدین زاهدی'}"
358,node,11281663889,35.6406177,51.3738499,"{'addr:city': 'شهر تهران', 'addr:street': 'تهران، بزرگراه چراغی، خیابان مهران، بین لاله و مهرآرا', 'amenity': 'restaurant', 'name': 'تالار اوپال', 'opening_hours': '24/7', 'phone': '+982156803040', 'phone:mobile': '+989120168801', 'website': 'https://instagram.com/talaropal'}"
359,node,11370948920,35.6416976,51.3509814,"{'access': 'yes', 'amenity': 'toilets', 'changing_table': 'yes', 'toilets:disposal': 'flush', 'unisex': 'yes', 'wheelchair': 'yes'}"
360,node,11534781933,35.6702217,51.3751906,"{'addr:city': 'تهران', 'addr:street': 'خیابان قزوین', 'amenity': 'place_of_worship', 'denomination': 'shia', 'name': 'امامزاده معصوم', 'religion': 'muslim', 'wikipedia': 'fa:امامزاده معصوم'}"
361,node,11584686476,35.6702165,51.354982,"{'amenity': 'clinic', 'name': 'درمانگاه منطقه ۱۰ شهرداری تهران'}"
362,node,11608496758,35.665744,51.3447745,{'amenity': 'fast_food'}
363,node,11608496759,35.6658372,51.3446037,{'amenity': 'fast_food'}
364,node,11608524448,35.6657549,51.3447269,"{'amenity': 'fast_food', 'name': 'امپراطور'}"
365,node,11608565490,35.6659783,51.3448414,"{'amenity': 'toilets', 'fee': 'no'}"
366,node,11608569420,35.6657282,51.3448767,{'amenity': 'fast_food'}
367,node,11608580757,35.6658061,51.3446451,"{'amenity': 'fast_food', 'name': 'دونر سلطان'}"
368,node,11608592856,35.6657974,51.3446719,"{'amenity': 'fast_food', 'name': 'کباب ترکی سید'}"
