amenity,count
atm,43
bank,70
bench,6
bus_station,13
cafe,2
car_pooling,1
car_wash,1
childcare,1
cinema,1
clinic,28
college,1
community_centre,3
courthouse,2
dentist,1
doctors,5
drinking_water,6
driving_school,3
events_venue,4
fast_food,12
fire_station,7
fountain,1
fuel,10
hospital,1
ice_cream,1
internet_cafe,2
language_school,3
library,10
parking,2
pharmacy,35
place_of_worship,62
police,6
post_office,4
restaurant,17
school,30
shelter,3
social_facility,1
taxi,4
theatre,4
toilets,26
townhall,3
university,2
vehicle_inspection,2
waste_disposal,1
گجج,1
