,type,id,lat,lon,tags
0,node,2575325428,35.6498058,51.3441031,"{'amenity': 'police', 'name': 'کلانتری ۱۵۳ شهرک ولیعصر', 'name:en': 'Police station No 153-Valiasr suburb'}"
1,node,2575495695,35.6464555,51.3400085,"{'amenity': 'place_of_worship', 'denomination': 'shia', 'name': 'مسجد امام هادی ع', 'religion': 'muslim'}"
2,node,2575569964,35.6324888,51.3431929,"{'amenity': 'fuel', 'fuel:cng': 'yes', 'name': 'CNG', 'name:en': 'CNG Station', 'name:fa': 'پمپ گاز', 'surface': 'concrete'}"
3,node,2585452672,35.654314,51.3289444,"{'amenity': 'library', 'name': 'کتابخانه قائم'}"
4,node,3932842135,35.6185315,51.3427041,"{'amenity': 'place_of_worship', 'religion': 'muslim'}"
5,node,4245557920,35.6535453,51.3940632,"{'addr:city': 'تهران', 'amenity': 'place_of_worship', 'name': 'مسجد حضرت ابوالفضل', 'name:fa': 'Hazrat Abolfazl Mosque', 'religion': 'muslim'}"
6,node,4245606780,35.653019,51.3865034,"{'addr:city': 'تهران', 'amenity': 'place_of_worship', 'denomination': 'shia', 'name': 'مسجد قائم', 'religion': 'muslim'}"
7,node,4245734630,35.6541108,51.3886987,"{'addr:city': 'تهران', 'amenity': 'bank', 'atm': 'yes', 'brand': 'بانک صادرات', 'brand:en': 'Bank Saderat Iran', 'brand:wikidata': 'Q2882608', 'brand:wikipedia': 'en:Bank Saderat Iran', 'name': 'بانک صادرات', 'name:en': 'Bank Saderat Iran'}"
8,node,4245740615,35.6537523,51.3886819,"{'addr:city': 'تهران', 'amenity': 'pharmacy', 'healthcare': 'pharmacy', 'name': 'داروخانه جوادیه'}"
9,node,4245744331,35.6548799,51.3881122,"{'addr:city': 'تهران', 'amenity': 'pharmacy', 'healthcare': 'pharmacy', 'name': 'داروخانه فاطمی'}"
10,node,4245753517,35.6526135,51.3925108,"{'addr:city': 'تهران', 'alt_name': 'داروخانه شبانه\u200cروزی میثاق)', 'amenity': 'pharmacy', 'healthcare': 'pharmacy', 'name': 'داروخانه شبانه\u200cروزی میثاق', 'name:en': 'Misaagh Drugstore', 'opening_hours': '24/7'}"
11,node,4320470589,35.6516558,51.3543114,"{'addr:street': 'اسلامی', 'amenity': 'place_of_worship', 'religion': 'muslim'}"
12,node,4335197829,35.6540289,51.3666669,"{'amenity': 'bank', 'atm': 'yes', 'brand': 'بانک ملی', 'brand:en': 'Bank Melli Iran', 'brand:wikidata': 'Q806640', 'brand:wikipedia': 'en:Bank Melli Iran', 'name': 'بانک ملی', 'name:en': 'Bank Melli Iran'}"
13,node,4362318936,35.6341307,51.3762084,"{'addr:street': 'مرتضی اردانی', 'amenity': 'place_of_worship', 'name': 'مسجد باب\u200c الحوائج', 'religion': 'muslim'}"
14,node,4364234639,35.6477274,51.3993574,"{'amenity': 'bank', 'brand': 'بانک ملت', 'brand:en': 'Bank Mellat', 'brand:wikidata': 'Q4855944', 'brand:wikipedia': 'en:Bank Mellat', 'name': 'بانک ملت', 'name:en': 'Bank Mellat'}"
15,node,4375940091,35.624437,51.3991361,"{'amenity': 'bank', 'branch': 'دانشکده فنی و حرفه ای شریعتی', 'brand': 'بانک ملی', 'brand:en': 'Bank Melli Iran', 'brand:wikidata': 'Q806640', 'brand:wikipedia': 'en:Bank Melli Iran', 'name': 'بانک ملی', 'name:en': 'Bank Melli Iran', 'phone': '+98 21 5501 2800'}"
16,node,4383824478,35.6553035,51.3557526,"{'amenity': 'place_of_worship', 'name': 'مسجد چهارده معصوم', 'religion': 'muslim'}"
17,node,4394454566,35.6325497,51.3602504,"{'amenity': 'car_wash', 'automated': 'no', 'self_service': 'no'}"
18,node,4394921113,35.6492733,51.3561472,"{'amenity': 'cinema', 'name': 'سینما بهاران'}"
19,node,4396365593,35.6541074,51.3584379,"{'amenity': 'place_of_worship', 'name': 'مسجد باب الحوائج', 'religion': 'muslim'}"
20,node,4396365594,35.6529013,51.3540434,"{'amenity': 'bank', 'atm': 'yes', 'branch': 'وصفنارد', 'brand': 'بانک ملی', 'brand:en': 'Bank Melli Iran', 'brand:wikidata': 'Q806640', 'brand:wikipedia': 'en:Bank Melli Iran', 'name': 'بانک ملی', 'name:en': 'Bank Melli Iran'}"
21,node,4397659998,35.6506533,51.355763,"{'amenity': 'pharmacy', 'healthcare': 'pharmacy', 'name': 'داروخانه شبانه روزی شفق', 'name:en': 'Shafaq Pharmacy'}"
22,node,4401347513,35.6525139,51.356951,"{'amenity': 'school', 'name': 'شهدای گمنام'}"
23,node,4401347514,35.6525489,51.3577644,"{'amenity': 'school', 'name': 'امید انقلاب'}"
24,node,4402490462,35.654438,51.340632,"{'amenity': 'atm', 'operator': 'بانک کشاورزی'}"
25,node,4411776406,35.6504544,51.3562798,"{'amenity': 'clinic', 'healthcare': 'clinic', 'name': 'درمانگاه بهاران'}"
26,node,4411776407,35.6525293,51.352573,"{'amenity': 'school', 'name': 'مدرسه هدایت'}"
27,node,4411776408,35.6522896,51.3535869,"{'amenity': 'school', 'name': 'مدرسه فاطمه زهرا'}"
28,node,4411776409,35.6537118,51.3541529,"{'amenity': 'place_of_worship', 'denomination': 'shia', 'name': 'حسینیه طاهری', 'religion': 'muslim'}"
29,node,4411808800,35.6528434,51.3612336,"{'amenity': 'bank', 'atm': 'yes', 'brand': 'بانک صادرات', 'brand:en': 'Bank Saderat Iran', 'brand:fa': 'بانک صادرات', 'brand:wikidata': 'Q2882608', 'brand:wikipedia': 'en:Bank Saderat Iran', 'name': 'بانک صادرات', 'name:en': 'Bank Saderat Iran', 'name:fa': 'بانک صادرات'}"
30,node,4423810727,35.6551752,51.3532772,"{'amenity': 'place_of_worship', 'name': 'مسجد علویون', 'religion': 'muslim'}"
31,node,4432897694,35.6552051,51.3559315,{'amenity': 'atm'}
32,node,4436383762,35.6436117,51.3528149,"{'addr:city': 'تهران', 'amenity': 'place_of_worship', 'denomination': 'shia', 'name': 'مسجد جامع سید الشهدا', 'religion': 'muslim'}"
33,node,4436418511,35.653702,51.3669863,"{'amenity': 'bank', 'atm': 'yes', 'brand': 'بانک صادرات', 'brand:en': 'Bank Saderat Iran', 'brand:fa': 'بانک صادرات', 'brand:wikidata': 'Q2882608', 'brand:wikipedia': 'en:Bank Saderat Iran', 'name': 'بانک صادرات', 'name:en': 'Bank Saderat Iran', 'name:fa': 'بانک صادرات'}"
34,node,4444652290,35.6375318,51.3989029,"{'amenity': 'fast_food', 'name': 'فلافل سلف سرویس مامان جون', 'name:en': 'Maman Joon fast food', 'self_service': 'yes'}"
35,node,4445604528,35.6212721,51.3744024,"{'amenity': 'bank', 'atm': 'yes', 'name': 'بانک صادات'}"
36,node,4464436296,35.6469784,51.368576,"{'addr:street': 'زمزم', 'amenity': 'bank', 'branch': 'فرودگاه', 'brand': 'بانک صادرات', 'brand:en': 'Bank Saderat Iran', 'brand:fa': 'بانک صادرات', 'brand:wikidata': 'Q2882608', 'brand:wikipedia': 'en:Bank Saderat Iran', 'name': 'بانک صادرات', 'name:en': 'Bank Saderat Iran', 'name:fa': 'بانک صادرات'}"
37,node,4467506626,35.6410526,51.3608569,"{'amenity': 'place_of_worship', 'name': 'مسجد پنج تن آل عبا', 'religion': 'muslim'}"
38,node,4467520055,35.6410036,51.3578686,{'amenity': 'toilets'}
39,node,4471735463,35.6536926,51.3663806,"{'addr:city': 'تهران', 'amenity': 'place_of_worship', 'denomination': 'shia', 'name': 'مسجد اعظم امام خمینی', 'religion': 'muslim'}"
40,node,4471755119,35.6533897,51.3684326,"{'addr:city': 'تهران', 'amenity': 'place_of_worship', 'denomination': 'shia', 'name': 'موسی بن جعفر', 'religion': 'muslim'}"
41,node,4482031001,35.6531683,51.3543617,"{'amenity': 'fast_food', 'name': 'ترنج', 'takeaway': 'yes'}"
42,node,4482031002,35.6529709,51.3543815,"{'amenity': 'pharmacy', 'healthcare': 'pharmacy', 'operator': 'التیام'}"
43,node,4482031004,35.6522906,51.3545791,"{'amenity': 'ice_cream', 'name': 'یزدی', 'name:en': 'Yazdi', 'takeaway': 'no'}"
44,node,4482031007,35.6499537,51.3558429,{'amenity': 'police'}
45,node,4482269290,35.6501959,51.3562805,{'amenity': 'ice_cream'}
46,node,4482269294,35.6542877,51.3535864,"{'amenity': 'taxi', 'name': 'سجاد'}"
47,node,4482495577,35.6542014,51.3540182,{'amenity': 'atm'}
48,node,4482512200,35.651273,51.3549272,"{'amenity': 'restaurant', 'cuisine': 'regional', 'name': 'سالار'}"
49,node,4482524597,35.6507371,51.3623668,"{'addr:city': 'تهران', 'amenity': 'pharmacy', 'healthcare': 'pharmacy', 'name': 'داروخانه دکتر گودرزی'}"
50,node,4482524604,35.654182,51.3557302,"{'amenity': 'taxi', 'name': 'رنگین کمان'}"
51,node,4485601406,35.6352133,51.3870987,"{'amenity': 'bank', 'brand': 'بانک سرمایه', 'brand:en': 'Sarmayeh Bank', 'brand:wikidata': 'Q7424291', 'brand:wikipedia': 'en:Sarmayeh Bank', 'name': 'بانک سرمایه', 'name:en': 'Sarmayeh Bank'}"
52,node,4485612184,35.6348023,51.3858566,"{'amenity': 'bank', 'brand': 'بانک صادرات', 'brand:en': 'Bank Saderat Iran', 'brand:wikidata': 'Q2882608', 'brand:wikipedia': 'en:Bank Saderat Iran', 'name': 'بانک صادرات', 'name:en': 'Bank Saderat Iran'}"
53,node,4497175656,35.652161,51.3546149,{'amenity': 'restaurant'}
54,node,4498608571,35.6542214,51.3539616,{'amenity': 'post_box'}
55,node,4504650824,35.6523394,51.3557206,"{'amenity': 'place_of_worship', 'denomination': 'shia', 'religion': 'muslim'}"
56,node,4514034670,35.6518815,51.3543712,"{'amenity': 'recycling', 'recycling_type': 'container'}"
57,node,4530753809,35.6426163,51.3469994,"{'amenity': 'pharmacy', 'healthcare': 'pharmacy', 'name': 'داروخانه دکتر خداپور'}"
58,node,4530795075,35.642264,51.3400166,"{'amenity': 'pharmacy', 'healthcare': 'pharmacy', 'name': 'داروخانه شهبازی'}"
59,node,4532714481,35.6473984,51.3428132,"{'amenity': 'bank', 'name': 'بانک ملی', 'name:en': 'Melli Bank'}"
60,node,4571278644,35.6534907,51.3362381,"{'amenity': 'place_of_worship', 'name': 'مسجد امیرالمؤمنین ع', 'religion': 'muslim'}"
61,node,4571337161,35.6536336,51.3902392,"{'addr:city': 'تهران', 'amenity': 'place_of_worship', 'denomination': 'shia', 'name': 'مسجد محمدیه', 'religion': 'muslim'}"
62,node,4576323793,35.6276295,51.4000443,"{'addr:housenumber': '270', 'addr:postcode': '+98021', 'addr:street': 'بهمنیار', 'amenity': 'post_office', 'email': 'alikarimi7895278952@gmail.com', 'internet_access': 'wlan', 'name': 'قنادی نشاط', 'name:en': 'Neshat confectionary', 'opening_hours': 'Mo-Su 08:00-23:00', 'phone': '+98 21 5510 2767'}"
63,node,4582461857,35.6294029,51.3820637,"{'amenity': 'place_of_worship', 'name': 'یادمان شهدا'}"
64,node,4599460089,35.6385964,51.3752233,"{'amenity': 'place_of_worship', 'building': 'mosque', 'denomination': 'shia', 'name': 'چهارده معصوم', 'name:en': 'Chahardah Masoum', 'religion': 'muslim'}"
65,node,4599762889,35.6365559,51.3776646,"{'amenity': 'place_of_worship', 'building': 'mosque', 'denomination': 'shia', 'name': 'مسجد حضرت ابوالفضل', 'religion': 'muslim'}"
66,node,4665630589,35.6362288,51.3679338,"{'amenity': 'school', 'disused': 'school', 'name': 'مدرسه عبدالحسین زمانی (ابن سینا)', 'name:en': 'Zamani School'}"
67,node,4665630689,35.6309477,51.3764656,"{'amenity': 'school', 'name': 'مدرسه شهید سالاری', 'name:en': 'Salari school'}"
68,node,4682619190,35.6216682,51.3426045,"{'amenity': 'atm', 'opening_hours': '24/7'}"
69,node,4693535119,35.6528584,51.3895925,"{'addr:city': 'تهران', 'amenity': 'bank', 'brand': 'بانک ملی', 'brand:en': 'Bank Melli Iran', 'brand:wikidata': 'Q806640', 'brand:wikipedia': 'en:Bank Melli Iran', 'name': 'بانک ملی', 'name:en': 'Bank Melli Iran'}"
70,node,4696197891,35.6389867,51.3331683,"{'amenity': 'atm', 'operator': 'قره قره'}"
71,node,4697752249,35.6327847,51.3565008,"{'amenity': 'place_of_worship', 'building': 'mosque', 'name': 'مسجد امام زمان', 'religion': 'muslim'}"
72,node,4729881709,35.6548987,51.3297187,"{'amenity': 'toilets', 'name': 'سرویس بهداشتی'}"
73,node,4738627752,35.6337066,51.3460138,"{'amenity': 'bus_station', 'bus': 'yes', 'name': 'پایانه اتوبوسرانی نعمت آباد', 'name:en': ""Ne'mat Abad Terminal"", 'public_transport': 'station'}"
74,node,4760693634,35.6405628,51.400105,{'amenity': 'atm'}
75,node,4787869023,35.6129005,51.376139,"{'addr:street': 'صاحب الزمان(ع)', 'amenity': 'fuel', 'name': 'پمپ بنزین', 'name:en': 'Gas station', 'name:fa': 'پمپ بنزین ۲۱۷', 'surface': 'concrete'}"
76,node,4789288222,35.6368285,51.3980966,{'amenity': 'atm'}
77,node,4799360213,35.6454507,51.3583631,"{'addr:street': 'مسجد', 'amenity': 'atm', 'not:brand:wikidata': 'Q2882624', 'operator': 'بانک سپه'}"
78,node,4810907122,35.6405799,51.3649456,"{'addr:city': 'تهران', 'addr:housenumber': '41', 'addr:street': 'بزرگراه شهید چراغی', 'amenity': 'cinema', 'description': 'سینما، شهر بازی، مرکز خرید، رستوران پردیس کیان', 'name': 'سینما پردیس کیان', 'opening_hours': 'Sa-Th 08:00-22:00; Fr 08:00-23:00', 'phone': '55451000'}"
79,node,4879728452,35.64679,51.337488,"{'amenity': 'atm', 'name': 'خود پرداز شتاب'}"
80,node,4879729931,35.6467748,51.3375191,"{'addr:street': 'برادران بهرامی', 'amenity': 'police', 'name': 'دفتر پلیس+۱۰', 'name:fa': 'پلیس +۱۰'}"
81,node,4879865750,35.6478237,51.3398925,"{'amenity': 'bank', 'atm': 'yes', 'brand': 'بانک رفاه', 'brand:en': 'Refah Bank', 'brand:wikidata': 'Q7307083', 'brand:wikipedia': 'en:Refah Bank', 'name': 'بانک رفاه', 'name:en': 'Refah Bank'}"
82,node,4879865752,35.6486794,51.3421042,"{'amenity': 'bank', 'atm': 'yes', 'brand': 'بانک مسکن', 'brand:en': 'Bank Maskan', 'brand:wikidata': 'Q4855942', 'brand:wikipedia': 'en:Bank Maskan', 'name': 'بانک مسکن', 'name:en': 'Bank Maskan'}"
83,node,4879865753,35.6481778,51.3411182,"{'amenity': 'bank', 'atm': 'yes', 'brand': 'بانک صادرات', 'brand:en': 'Bank Saderat Iran', 'brand:wikidata': 'Q2882608', 'brand:wikipedia': 'en:Bank Saderat Iran', 'name': 'بانک صادرات', 'name:en': 'Bank Saderat Iran'}"
84,node,4888604221,35.648907,51.3393372,"{'amenity': 'restaurant', 'name': 'کبابی حاج ایرج', 'name:en': 'Haj Iraj Kababs'}"
85,node,4888604321,35.6510893,51.3659566,"{'addr:city': 'تهران', 'addr:street': 'علیرضا عیوض خانی', 'amenity': 'townhall', 'name': 'شهردای ناحیه دو منطقه هفده', 'nat_name': 'شهرداری ناحیه 2 منطقه 17', 'opening_hours': 'Sa-We 08:00-16:45'}"
86,node,4890772322,35.648388,51.341799,"{'amenity': 'restaurant', 'name': 'رستوران آریا', 'name:en': 'Ariya Restaurant'}"
87,node,4892809356,35.650743,51.3496869,{'amenity': 'car_wash'}
88,node,4892809357,35.6486725,51.3515806,"{'amenity': 'parking', 'name': 'پارکینگ سعیدی'}"
89,node,4892809362,35.6475208,51.3684674,"{'addr:street': 'خوش کردار', 'amenity': 'place_of_worship', 'name': 'مسجد', 'name:en': 'Mosque', 'religion': 'muslim'}"
90,node,4910740822,35.6539011,51.3665074,"{'amenity': 'school', 'name': 'دبستان غبر دولتی پسرانه ایران'}"
91,node,4922733357,35.6267585,51.3355154,{'amenity': 'taxi'}
92,node,4936071559,35.6261411,51.3373411,{'amenity': 'atm'}
93,node,4936071572,35.6249876,51.3574557,"{'amenity': 'fuel', 'name': 'پمپ بنزین'}"
94,node,4936071590,35.6324901,51.3610881,"{'amenity': 'fire_station', 'name': 'ایستگاه آتش نشانی ایستگاه ۸۱'}"
95,node,4943779124,35.6081058,51.382181,"{'addr:street': 'صاحب الزمان(ع)', 'amenity': 'pharmacy', 'name': 'داروخانه صاحب الزمان', 'name:fa': 'داروخانه  شبانه روزی'}"
96,node,4943779125,35.6076154,51.3906011,"{'amenity': 'atm', 'not:brand:wikidata': 'Q4855944', 'operator': 'بانک ملت'}"
97,node,4943779128,35.6076657,51.3758567,"{'addr:street': 'عزتی', 'amenity': 'kindergarten'}"
98,node,4943791623,35.6087069,51.3782241,"{'addr:street': 'آرایشی', 'amenity': 'car_wash'}"
99,node,4943791624,35.6122977,51.3817203,"{'addr:street': 'اناری', 'amenity': 'school', 'name': 'دبستان دخترانه کیهانی'}"
100,node,4943791625,35.6110461,51.3826978,"{'addr:street': 'اناری', 'amenity': 'car_wash'}"
101,node,4943792122,35.608426,51.3820746,"{'addr:street': 'صاحب الزمان(ع)', 'amenity': 'bank', 'name': 'بانک تجارت', 'name:en': 'Tejarat Bank', 'opening_hours': 'Sa-We 08:00-03:00; Th 08:00-02:00'}"
102,node,4943792123,35.6083035,51.3821038,"{'amenity': 'atm', 'operator': 'Tejarat ATM'}"
103,node,4943792124,35.6075579,51.3905962,"{'amenity': 'bank', 'brand': 'بانک ملت', 'brand:en': 'Bank Mellat', 'brand:wikidata': 'Q4855944', 'name': 'بانک ملت', 'name:en': 'Bank Mellat'}"
104,node,4943792127,35.6083409,51.3777273,"{'addr:street': 'مالمیر', 'amenity': 'school', 'name': 'دبیرستان پسرانه گلمحمدی'}"
105,node,4943792128,35.6081711,51.3775343,"{'addr:street': 'مالمیر', 'amenity': 'school', 'name': 'دبستان پسرانه شهید شرافتی'}"
106,node,4943794721,35.612688,51.3812426,"{'addr:street': 'اناری', 'amenity': 'school', 'name': 'دبیرستان دخترانه اناری'}"
107,node,4943794723,35.6129499,51.3798642,"{'addr:street': 'اناری', 'amenity': 'bus_station'}"
108,node,4943814322,35.6078324,51.3825958,"{'addr:street': 'صاحب الزمان(ع)', 'amenity': 'fast_food'}"
109,node,4943814522,35.6079734,51.3825075,"{'addr:street': 'صاحب الزمان(ع)', 'amenity': 'doctors'}"
110,node,4945114322,35.6154795,51.3431521,"{'amenity': 'atm', 'operator': 'بانک پاسارگاد'}"
111,node,4945471144,35.6387498,51.3364641,"{'amenity': 'bank', 'brand': 'بانک مسکن', 'brand:en': 'Bank Maskan', 'brand:wikidata': 'Q4855942', 'brand:wikipedia': 'en:Bank Maskan', 'name': 'بانک مسکن', 'name:en': 'Bank Maskan', 'opening_hours': '08:00-13:00'}"
112,node,4945473753,35.648561,51.3428301,"{'amenity': 'bank', 'atm': 'yes', 'brand': 'بانک ایران زمین', 'brand:wikidata': 'Q5934423', 'brand:wikipedia': 'en:Iran Zamin Bank', 'name': 'بانک ایران زمین', 'name:en': 'Iran Zamin Bank', 'opening_hours': '08:00-13:00'}"
113,node,4945473754,35.6495589,51.3473082,"{'amenity': 'atm', 'not:brand:wikidata': 'Q4117676', 'operator': 'بانک سامان'}"
114,node,4947105121,35.6099173,51.3794865,"{'addr:street': 'صاحب الزمان(ع)', 'amenity': 'restaurant'}"
115,node,4947105221,35.607741,51.3801318,"{'addr:street': 'طالقانی', 'amenity': 'restaurant'}"
116,node,4947954024,35.6456276,51.3318378,"{'amenity': 'bicycle_rental', 'opening_hours': 'Sa-Th'}"
117,node,4971037921,35.6459792,51.3635519,"{'amenity': 'bicycle_parking', 'operator': 'خیابان حنیفه میرزایی'}"
118,node,4973855405,35.6550816,51.355684,{'amenity': 'restaurant'}
119,node,4981028492,35.6251988,51.3351769,{'amenity': 'toilets'}
120,node,5127669321,35.6240921,51.3300503,{'amenity': 'atm'}
121,node,5136117958,35.6361857,51.399759,"{'amenity': 'place_of_worship', 'name': 'حسینیه جوانان حسین ابن علی', 'religion': 'muslim'}"
122,node,5149058945,35.6521238,51.3912194,"{'amenity': 'post_office', 'name': 'دفتر پست', 'name:en': 'Post Station'}"
123,node,5180656934,35.6207175,51.3919091,"{'amenity': 'college', 'name': 'دانشکده تربیت بدنی دانشگاه آزاد واحد جنوب تهران', 'name:en': 'Islamic Azad University South Tehran Branch Faculty of Physical and Education and Sport Sciences'}"
124,node,5231041156,35.6446869,51.3545744,"{'amenity': 'police', 'name': 'کلانتری ۱۶۱ ابوذر'}"
125,node,5294082241,35.6161359,51.3765212,"{'amenity': 'weighbridge', 'name': 'باسکول۴'}"
126,node,5294082242,35.6162351,51.3766354,"{'amenity': 'weighbridge', 'name': 'باسکول۳'}"
127,node,5294082243,35.6163158,51.3767282,"{'amenity': 'weighbridge', 'name': 'باسکول۲'}"
128,node,5294082244,35.6164055,51.3768315,"{'amenity': 'weighbridge', 'name': 'باسکول۱'}"
129,node,5300199021,35.6370436,51.401869,"{'amenity': 'bank', 'brand': 'بانک پاسارگاد', 'brand:en': 'Bank Pasargad', 'brand:wikidata': 'Q4855962', 'brand:wikipedia': 'en:Bank Pasargad', 'name': 'بانک پاسارگاد', 'name:en': 'Bank Pasargad'}"
130,node,5300201322,35.6388209,51.3986021,"{'amenity': 'bank', 'brand': 'بانک صادرات', 'brand:en': 'Bank Saderat Iran', 'brand:fa': 'بانک صادرات', 'brand:wikidata': 'Q2882608', 'brand:wikipedia': 'en:Bank Saderat Iran', 'name': 'بانک صادرات', 'name:en': 'Bank Saderat Iran', 'name:fa': 'بانک صادرات'}"
131,node,5300201323,35.6397779,51.3988026,"{'amenity': 'bank', 'brand': 'بانک ملی', 'brand:en': 'Bank Melli Iran', 'brand:wikidata': 'Q806640', 'brand:wikipedia': 'en:Bank Melli Iran', 'name': 'بانک ملی', 'name:en': 'Bank Melli Iran'}"
132,node,5320260623,35.6391814,51.395045,{'amenity': 'atm'}
133,node,5327206381,35.6246816,51.3788765,"{'amenity': 'place_of_worship', 'name': 'مسجد میدان تره بار', 'religion': 'muslim'}"
134,node,5327214779,35.625576,51.3591001,"{'amenity': 'restaurant', 'name': 'تالار پذیرایی گل یاس'}"
135,node,5327219412,35.6235959,51.3589715,"{'amenity': 'restaurant', 'name': 'سفره خانه سنتی مصطفی'}"
136,node,5327232521,35.6270246,51.3492193,"{'amenity': 'place_of_worship', 'name': 'مسجد امام رضا', 'religion': 'muslim'}"
137,node,5327235389,35.6306239,51.3421974,"{'amenity': 'fuel', 'name': 'پمپ بنزین دولتخواه ۲۲۳', 'name:en': 'Dolatkhah Gas Station'}"
138,node,5332333721,35.6376458,51.3975751,{'amenity': 'atm'}
139,node,5335674943,35.6433695,51.3329576,"{'amenity': 'bus_station', 'bus': 'yes', 'name': 'پایانه اتوبوس شهرک ولیعصر', 'public_transport': 'station'}"
140,node,5340521805,35.6535009,51.3952248,"{'addr:city': 'تهران', 'amenity': 'food_court', 'name': 'جگرسرا'}"
141,node,5340521806,35.653453,51.3952593,"{'amenity': 'food_court', 'name': 'جگرسرا'}"
142,node,5340521807,35.653415,51.3952878,"{'amenity': 'food_court', 'name': 'جگرسرا'}"
143,node,5340521808,35.6542425,51.3947169,"{'addr:city': 'تهران', 'amenity': 'food_court', 'name': 'جگرسرا'}"
144,node,5340521809,35.6541893,51.3947519,"{'amenity': 'food_court', 'name': 'جگرسرا'}"
145,node,5340521810,35.6541457,51.3947753,"{'amenity': 'food_court', 'name': 'جگرسرا'}"
146,node,5340521811,35.6549847,51.3942036,"{'addr:city': 'تهران', 'amenity': 'food_court', 'name': 'جگرسرا'}"
147,node,5340521812,35.6549106,51.3942546,"{'amenity': 'food_court', 'name': 'جگرسرا'}"
148,node,5340521813,35.6543919,51.3946221,"{'amenity': 'food_court', 'name': 'جگرسرا'}"
149,node,5340521814,35.6551918,51.3940642,"{'amenity': 'food_court', 'name': 'جگرسرا'}"
150,node,5340521816,35.654843,51.3943002,"{'amenity': 'food_court', 'name': 'جگرسرا'}"
151,node,5380948749,35.6082015,51.3388175,"{'addr:city': 'تهران', 'amenity': 'fuel', 'name': 'پمپ بنزین'}"
152,node,5382283926,35.6269321,51.3587545,{'amenity': 'toilets'}
153,node,5385256542,35.6459386,51.3505764,"{'amenity': 'toilets', 'name': 'سرویس بهداشتی'}"
154,node,5430755903,35.6458887,51.3507213,"{'addr:city': 'تهران', 'amenity': 'place_of_worship', 'name': 'نمازخانه', 'religion': 'muslim', 'wheelchair': 'yes'}"
155,node,5569083637,35.6356557,51.4011425,"{'amenity': 'toilets', 'operator': 'پارک ۱۷ شهریور'}"
156,node,5569161056,35.6309121,51.3936865,"{'amenity': 'toilets', 'unisex': 'yes'}"
157,node,5569161057,35.6373554,51.401467,"{'amenity': 'toilets', 'unisex': 'yes'}"
158,node,5582398121,35.6503866,51.3872542,"{'amenity': 'toilets', 'name': 'دستشویی پنج', 'operator': 'سرویس بهداشتی - بوستان ولایت'}"
159,node,5589335121,35.6303215,51.3937347,"{'amenity': 'toilets', 'operator': 'سرویس بهداشتی'}"
160,node,5663882898,35.6284566,51.3361544,"{'amenity': 'taxi', 'name': 'تاکسی اسلامشهر و چهاردانگه'}"
161,node,5663883997,35.6283149,51.3355965,"{'amenity': 'bus_station', 'bus': 'yes', 'highway': 'bus_stop', 'name': 'مترو آزادگان', 'public_transport': 'station', 'shelter': 'no'}"
162,node,5674418121,35.6355804,51.4005489,"{'addr:street': 'دولت آبادی', 'amenity': 'library', 'name': 'کتابخانه شهید مطهری'}"
163,node,5674459621,35.6483915,51.3988335,"{'amenity': 'bus_station', 'bus': 'yes', 'name': 'میدان بهمن', 'name:en': 'Bahman Square', 'public_transport': 'station'}"
164,node,5689792821,35.6270376,51.3851931,"{'addr:street': 'نیلوفر', 'amenity': 'school', 'name': 'مدرسه نمونه دولتی شهید همت', 'name:en': 'Hemmat Highschool', 'opening_hours': 'Sa-We 07:00-16:15', 'operator': 'محمود هاشمی', 'phone': '+982155002828'}"
165,node,5707270822,35.6251045,51.3945681,"{'amenity': 'cafe', 'name': 'خانلو'}"
166,node,5707375421,35.6191512,51.3982138,"{'amenity': 'cafe', 'name': 'خانلو'}"
167,node,5728673684,35.6476289,51.3508771,"{'amenity': 'car_wash', 'name': 'اتو کارواش بخار اسپشیال'}"
168,node,5729515521,35.6272611,51.3748064,"{'amenity': 'fuel', 'name': 'پمپ گاز شقایق', 'name:en': 'CNG'}"
169,node,5738671222,35.6402075,51.4019846,{'amenity': 'restaurant'}
170,node,5743086421,35.6367584,51.359932,"{'amenity': 'bus_station', 'bus': 'yes', 'name': 'پایانه شهید سروری', 'public_transport': 'station'}"
171,node,5743086434,35.6303346,51.362281,"{'amenity': 'vehicle_inspection', 'name': 'معاینه فنی خودرو شکوفه'}"
172,node,5758690116,35.6380147,51.3539154,{'amenity': 'taxi'}
173,node,5758690118,35.6360161,51.3517173,"{'amenity': 'place_of_worship', 'name': 'مسجد امام حسن عسگری ع', 'religion': 'muslim'}"
174,node,5758691830,35.6336648,51.3455072,{'amenity': 'toilets'}
175,node,5761933969,35.649209,51.3494377,"{'amenity': 'bank', 'atm': 'yes', 'brand': 'بانک شهر', 'brand:en': 'Shahr Bank', 'brand:fa': 'بانک شهر', 'brand:wikidata': 'Q5941033', 'name': 'بانک شهر', 'name:en': 'Shahr Bank', 'name:fa': 'بانک شهر'}"
176,node,5769775710,35.630807,51.383535,"{'amenity': 'bank', 'atm': 'yes', 'brand': 'بانک شهر', 'brand:en': 'Shahr Bank', 'brand:fa': 'بانک شهر', 'brand:wikidata': 'Q5941033', 'brand:wikipedia': 'fa:بانک شهر', 'name': 'بانک شهر', 'name:en': 'Shahr Bank', 'name:fa': 'بانک شهر'}"
177,node,5769786184,35.6325603,51.3836417,"{'amenity': 'bank', 'atm': 'yes', 'brand': 'بانک ملی', 'brand:en': 'Bank Melli Iran', 'brand:wikidata': 'Q806640', 'name': 'بانک ملی', 'name:en': 'Bank Melli Iran'}"
178,node,5769832652,35.620492,51.3829504,"{'amenity': 'bank', 'atm': 'yes', 'name': 'بانک صادرات'}"
179,node,5771577254,35.6448882,51.3983696,"{'amenity': 'toilets', 'name': 'دستشویی'}"
180,node,5771670127,35.6449623,51.3985167,"{'amenity': 'place_of_worship', 'name': 'مقبره شهدا گمنام'}"
181,node,5822837746,35.6478561,51.3475793,"{'addr:city': 'تهران', 'amenity': 'place_of_worship', 'denomination': 'shia', 'name': 'مسجد المهدی', 'name:fa': 'Almahdi Mosque', 'religion': 'muslim'}"
182,node,5860976485,35.6218616,51.3978308,"{'amenity': 'cafe', 'name': 'خانلو'}"
183,node,5894957564,35.6543346,51.3870533,"{'addr:city': 'تهران', 'amenity': 'doctors', 'healthcare': 'doctor', 'name': 'دکتر طاهره رشیدی'}"
184,node,5949865687,35.6468843,51.3944955,"{'amenity': 'bus_station', 'bus': 'yes', 'name': 'ته خط جوادیه', 'name:en': 'End line Javaadie', 'public_transport': 'station'}"
185,node,6093487398,35.6174591,51.34258,"{'amenity': 'place_of_worship', 'name': 'مسجد امیرالمومنین', 'religion': 'muslim'}"
186,node,6160842486,35.649367,51.3443403,"{'amenity': 'police', 'name': 'پایگاه پنجم پلیس مبارزه با موادمخدر فاتب'}"
187,node,6366888005,35.6169675,51.3981395,"{'amenity': 'bus_station', 'bus': 'yes', 'name': 'پایانه خانی آباد نو', 'public_transport': 'station'}"
188,node,6366905189,35.6186863,51.3966638,"{'addr:street': 'شصت وپنجم', 'amenity': 'bank', 'atm': 'yes', 'brand': 'بانک رفاه', 'brand:en': 'Refah Bank', 'brand:wikidata': 'Q7307083', 'brand:wikipedia': 'en:Refah Bank', 'name': 'بانک رفاه', 'name:en': 'Refah Bank', 'opening_hours': 'Sa-Th 07:00-17:00'}"
189,node,6366905190,35.6208581,51.3954914,"{'amenity': 'pharmacy', 'healthcare': 'pharmacy', 'name': 'داروخانه'}"
190,node,6366905192,35.6223369,51.3948779,"{'amenity': 'place_of_worship', 'name': 'مسجد حضرت زهرا', 'religion': 'muslim'}"
191,node,6366905193,35.6247677,51.3916991,"{'amenity': 'bank', 'atm': 'yes', 'brand': 'بانک مسکن', 'brand:en': 'Bank Maskan', 'brand:wikidata': 'Q4855942', 'brand:wikipedia': 'en:Bank Maskan', 'name': 'بانک مسکن', 'name:en': 'Bank Maskan'}"
192,node,6366905200,35.6250134,51.3944621,"{'amenity': 'place_of_worship', 'name': 'مسجد امام حسین', 'religion': 'muslim'}"
193,node,6366905204,35.6229941,51.3943692,"{'amenity': 'bank', 'atm': 'yes', 'brand': 'بانک ملی', 'brand:en': 'Bank Melli Iran', 'brand:wikidata': 'Q806640', 'brand:wikipedia': 'en:Bank Melli Iran', 'name': 'بانک ملی', 'name:en': 'Bank Melli Iran'}"
194,node,6366905205,35.6190027,51.3981998,"{'amenity': 'place_of_worship', 'name': 'حسینیه ائمه اطهار', 'religion': 'muslim'}"
195,node,6366905206,35.6244089,51.3933803,"{'amenity': 'pharmacy', 'healthcare': 'pharmacy', 'name': 'داروخانه بهلولی خیاوی'}"
196,node,6366933475,35.6375209,51.3706511,"{'amenity': 'place_of_worship', 'name': 'مسجد صاحب الزمان', 'religion': 'muslim'}"
197,node,6366935339,35.6415501,51.3678795,"{'amenity': 'school', 'name': 'هنرستان فنی حرفه ای پاسداران'}"
198,node,6366935476,35.6400084,51.3703881,"{'amenity': 'place_of_worship', 'name': 'مسجد باب الحوائج', 'religion': 'muslim'}"
199,node,6366947459,35.6382651,51.3645691,"{'amenity': 'place_of_worship', 'name': 'مسجد جامع حضرت علی ابن ابی طالب', 'name:en': 'Hazrat Ali ibn abi Taleb Central mosque', 'religion': 'muslim'}"
200,node,6366949508,35.6282113,51.3652071,"{'amenity': 'place_of_worship', 'name': 'مسجد حضرت ابوالفضل (ع)', 'religion': 'muslim'}"
201,node,6366961654,35.6331997,51.3702982,"{'amenity': 'bank', 'atm': 'yes', 'brand': 'بانک ملی', 'brand:en': 'Bank Melli Iran', 'brand:wikidata': 'Q806640', 'brand:wikipedia': 'en:Bank Melli Iran', 'name': 'بانک ملی', 'name:en': 'Bank Melli Iran'}"
202,node,6366961656,35.6331818,51.3741537,"{'amenity': 'bank', 'atm': 'yes', 'brand': 'بانک ملت', 'brand:en': 'Bank Mellat', 'brand:wikidata': 'Q4855944', 'name': 'بانک ملت', 'name:en': 'Bank Mellat'}"
203,node,6366961659,35.6340246,51.373362,"{'amenity': 'bank', 'atm': 'yes', 'brand': 'بانک مسکن', 'brand:en': 'Bank Maskan', 'brand:wikidata': 'Q4855942', 'name': 'بانک مسکن', 'name:en': 'Bank Maskan'}"
204,node,6366961667,35.6336589,51.3726453,"{'amenity': 'pharmacy', 'healthcare': 'pharmacy', 'name': 'داروخانه گلستانی'}"
205,node,6577102914,35.6459075,51.364755,"{'addr:city': 'تهران', 'addr:street': 'گل شب بو', 'amenity': 'place_of_worship', 'name': 'دارالقران نور', 'operator': 'دارالقران'}"
206,node,6578004324,35.6464604,51.3624477,"{'amenity': 'atm', 'currency:ریال': 'yes', 'operator': 'حکمت ایرانیان'}"
207,node,6578031832,35.644708,51.3672187,"{'amenity': 'atm', 'cash_in': 'yes', 'currency:ریال': 'yes', 'operator': 'بانک حکمت ایرانیان'}"
208,node,6578047610,35.6426056,51.3629133,"{'amenity': 'atm', 'not:brand:wikidata': 'Q10860253', 'operator': 'بانک قوامین'}"
209,node,6578047611,35.6507575,51.3645991,"{'amenity': 'atm', 'operator': 'خودپرداز قوامین'}"
210,node,6578047615,35.6504071,51.3715344,"{'addr:city': 'تهران', 'addr:street': 'بزرگراه چراغی', 'amenity': 'fast_food', 'cuisine': 'pizza;burger;italian;sandwich;chicken;hot_dog', 'diet:halal': 'yes', 'drive_through': 'yes', 'name': 'پیتزا سیسز', 'opening_hours': 'Mo-Su 12:00-23:30', 'operator': 'محمدی مقدم', 'phone': '+982155857004', 'website': 'https://www.instagram.com/cicipizzatehran'}"
211,node,6653178577,35.6512149,51.348505,"{'amenity': 'fuel', 'compressed_air': 'no', 'name': '۱۳۵ جایگاه اختصاصی بهران شماره', 'name:en': 'Behran Gas Station No. 135', 'opening_hours': '24/7'}"
212,node,6682481785,35.6529044,51.3683777,"{'amenity': 'community_centre', 'name': 'Ghamar b h (p b h)'}"
213,node,6722804623,35.6287608,51.3932706,"{'amenity': 'place_of_worship', 'name': 'مسجد امام جعفر صادق', 'religion': 'muslim'}"
214,node,7014410239,35.6440655,51.3272779,"{'amenity': 'bus_station', 'bus': 'yes', 'name': 'پایانه شهرک ولیعصر', 'public_transport': 'station'}"
215,node,7065829139,35.6311626,51.3829315,"{'amenity': 'fire_station', 'name': 'ایستگاه ۲۲ آتش نشانی'}"
216,node,7072829515,35.6468577,51.3972685,"{'addr:city': 'تهران', 'amenity': 'cinema', 'name': ""Chaplin's Cinema سینما چاپلین""}"
217,node,7072829521,35.6447808,51.395196,"{'amenity': 'toilets', 'name': 'دستشویی'}"
218,node,7072829525,35.6464696,51.3949012,"{'addr:city': 'تهران', 'amenity': 'toilets', 'name': 'دستشویی'}"
219,node,7072829562,35.6468601,51.3974888,"{'amenity': 'library', 'name': 'کتابخانه شهید فهمیده'}"
220,node,7086547222,35.644703,51.3550212,"{'addr:street': 'مسجد', 'amenity': 'recycling', 'description': 'بازیافت و تفکیک زباله', 'name': 'بازیافت و دفع زباله شهرداری منطقه ۱۷'}"
221,node,7089543910,35.6419771,51.3510952,{'amenity': 'toilets'}
222,node,7144893832,35.638029,51.3623343,"{'addr:city': 'منطقه ۱۷ شهر تهران', 'addr:street': 'انقلاب', 'amenity': 'school', 'name': 'Mofateh School'}"
223,node,7244783785,35.6344422,51.3930061,"{'addr:postcode': '021', 'addr:street': 'دوازدهم', 'amenity': 'school', 'name': 'دبیرستان دوره دوم فاطمه الزهرا', 'name:en': 'Fateme-Zahra school'}"
224,node,7247711580,35.6442638,51.3541475,"{'addr:street': 'مسجد', 'amenity': 'fuel', 'description': 'تاسیس شده ولی هنوز شروع بکار نکرده است', 'name': 'جایگاه بنزین', 'status': 'inactive'}"
225,node,7288054710,35.6274124,51.399066,"{'amenity': 'clinic', 'healthcare': 'hospital', 'name': 'مرکز بهداشتی شهید واحدی', 'phone': '55532449;55015508', 'source': 'map.ir'}"
226,node,7299085385,35.6356278,51.3940435,"{'addr:postcode': '009821', 'amenity': 'pharmacy', 'healthcare': 'pharmacy', 'name': 'داروخانه بامداد', 'name:en': 'Bamdad pharmacy'}"
227,node,7321032060,35.6463277,51.3679107,"{'addr:street': 'غلامرضایی', 'amenity': 'pharmacy', 'healthcare': 'pharmacy', 'name': 'داروخانه زمزم'}"
228,node,7321055120,35.6463134,51.3647445,"{'addr:city': 'تهران', 'addr:street': 'حسین فیروزی', 'amenity': 'place_of_worship', 'denomination': 'shia', 'name': 'مسجد مهدیه', 'religion': 'muslim'}"
229,node,7435705920,35.6517857,51.3619372,"{'addr:city': 'تهران', 'amenity': 'doctors', 'healthcare': 'doctor', 'name': 'کلینیک دکتر محرابی', 'name:en': 'Doctor Mehrabi Clinic'}"
230,node,7773105464,35.6138265,51.4043216,"{'amenity': 'place_of_worship', 'name': 'مسجد حضرت ابوالفضل', 'religion': 'muslim'}"
231,node,7773839556,35.6331219,51.3597519,"{'amenity': 'townhall', 'name': 'شهرداری ناحیه دو منطقه نوزده'}"
232,node,7773892999,35.6303204,51.3615391,{'amenity': 'toilets'}
233,node,7773893013,35.6346849,51.3606912,{'amenity': 'toilets'}
234,node,7773893032,35.6367516,51.3899374,"{'addr:street': 'خیابان لطیفی', 'amenity': 'townhall', 'name': 'شهرداری ناحیه یک منطقه نوزده'}"
235,node,7773893059,35.6366471,51.3891583,"{'amenity': 'toilets', 'name': 'دستشویی'}"
236,node,7773893076,35.6370255,51.3930095,{'amenity': 'atm'}
237,node,7773929329,35.6266807,51.3410111,"{'amenity': 'townhall', 'name': 'شهرداری ناحیه سه منطقه نوزده'}"
238,node,7773929349,35.6279861,51.3409225,"{'amenity': 'toilets', 'name': 'دستشویی'}"
239,node,7775132398,35.608921,51.3770562,"{'amenity': 'place_of_worship', 'name': 'مسجد امام جعفر صادق', 'religion': 'muslim'}"
240,node,7785552505,35.6537925,51.3655556,"{'addr:city': 'تهران', 'amenity': 'school', 'name': 'دبیرستان دخترانه سمیه'}"
241,node,7785552509,35.6537409,51.3658352,"{'amenity': 'school', 'name': 'دبستان دخترانه معصومه'}"
242,node,7785559415,35.648527,51.3659652,"{'amenity': 'library', 'name': 'کتابخانه معراج'}"
243,node,7831330913,35.6484641,51.3414176,"{'amenity': 'courthouse', 'name': 'مجتمع ۱۸ شورای حل اختلاف'}"
244,node,7844653194,35.6448573,51.355371,"{'addr:street': 'مسجد', 'amenity': 'marketplace', 'description': 'پنج شنبه بازار وصفنارد', 'name': 'پنجشنبه بازار وصفنارد'}"
245,node,7844698577,35.6327491,51.3599977,"{'addr:street': 'شهید کاظمی', 'amenity': 'atm', 'check_date': '2023-09-26', 'name': 'دستگاه خودپرداز'}"
246,node,7852253772,35.636381,51.3364644,"{'amenity': 'school', 'name': 'مدرسه قرآنی عمار'}"
247,node,7852253774,35.6362431,51.3373759,"{'amenity': 'school', 'name': 'مدرسه دخترانه موفقیان'}"
248,node,7852253777,35.6366217,51.3370999,"{'amenity': 'school', 'name': 'نهضت سواد آموزی'}"
249,node,7852253781,35.6376424,51.3336931,"{'amenity': 'school', 'name': 'مدرسه حافظ'}"
250,node,7852253782,35.6359066,51.3368124,"{'amenity': 'school', 'name': 'مدرسه پسرانه کمیل'}"
251,node,7897319661,35.6381802,51.3625428,"{'addr:street': 'گل آرا', 'amenity': 'parking', 'description': 'پارکینگ شبانه روزی مکانیزه و طبقاتی متعلق به شهرداری منطقه ۱۹', 'name': 'پارکینگ مکانیزه گل آرا'}"
252,node,7897319721,35.6350682,51.3614527,"{'addr:street': 'مکتب العباس (ورزش)', 'amenity': 'townhall', 'description': 'محل استقرار نیروهای سامانه ۱۳۷ شهرداری منطقه ۱۹', 'name': 'واحد اجرایی  و فوریت های ترافیکی شهرداری منطقه ۱۹', 'opening_hours': 'Mo-Su 06:00-06:00', 'website': 'www.teh.ir'}"
253,node,7897325709,35.6381428,51.3625059,"{'addr:street': 'گل آرا', 'amenity': 'parking', 'description': 'پارکینگ شبانه روزی مکانیزه و طبقاتی گل آرا', 'name': 'پارکینگ مکانیزه گل آرا', 'opening_hours': 'Mo-Su 06:02-06:00'}"
254,node,7897361552,35.6386329,51.3621661,"{'addr:street': 'گل آرا', 'amenity': 'parking', 'description': 'پارکینگ شبانه روزی مکانیزه و طبقاتی،شامل ۱۵ دستگاه مکانیزه که هر دستگاه برای ۱۲ خودرو جای پارک دارد.', 'name': 'پارکینگ طبقاتی و مکانیزه گل آرا', 'opening_hours': 'Mo-Su 06:00-05:30'}"
255,node,7897416524,35.6334113,51.3624727,"{'addr:street': 'نبش خیابان سبلان و پونه', 'amenity': 'police', 'description': 'ساختمان کلانتری', 'name': 'کلانتری ۱۵۲ خانی آبادنو'}"
256,node,7977772421,35.6524185,51.3955931,"{'amenity': 'school', 'name': 'مدرسه دخترانه فاطمیه'}"
257,node,7994864439,35.638051,51.361896,"{'addr:street': 'انقلاب', 'amenity': 'school', 'name': 'مدرسه ابن سینا'}"
258,node,7994876993,35.6331805,51.361745,"{'addr:street': 'پونه', 'amenity': 'atm', 'description': 'خودپرداز بانک سامان', 'name': 'دستگاه خودپرداز'}"
259,node,8018770122,35.6310515,51.3686609,"{'addr:city': 'Tehran', 'addr:housenumber': '۲۴۱', 'addr:postcode': '۱۸۹۷۶۸۷۴۵۱', 'addr:street': 'رحمان', 'amenity': 'doctors', 'emergency': 'yes', 'healthcare': 'doctors', 'healthcare:speciality': 'general;dentist;internal;surgery;neurology;cardiology;dermatology;clinic', 'internet_access': 'yes', 'internet_access:fee': 'customers', 'name': 'دکتر عبدالصمد مدرسی', 'operator': 'دکتر عبدالصمد مدرسی', 'operator:type': 'private', 'phone': '02155825074', 'start_date': '1380 -05 - 01', 'website': 'www.motaharclinic.ir'}"
260,node,8018807330,35.6310205,51.3686736,"{'addr:city': 'Tehran', 'addr:housenumber': 'پلاک ۲۴۱ طبقه اوا واحد ۲', 'addr:postcode': '۱۸۹۷۶۸۷۴۵۱', 'addr:street': 'رحمان', 'amenity': 'hospital', 'fax': '09103502553', 'healthcare': 'hospital', 'healthcare:speciality': 'dentist;dentistry;dental_oral_maxillo_facial_surgery;denturist;paediatric_dentistry', 'internet_access': 'yes', 'name': 'کلینیک دندانپزشکی مطهر', 'operator': 'دکتر عبدالصمد مدرسی', 'operator:type': 'private', 'phone': '02155825074'}"
261,node,8018818879,35.6310016,51.3686865,"{'addr:city': 'Tehran', 'addr:housenumber': 'بلوار شکوفه-خیابان رحمان-نبش فیضی-پ ۲۴۱', 'addr:postcode': '۱۸۹۷۶۸۷۴۵۱', 'addr:street': 'رحمان', 'amenity': 'hospital', 'healthcare': 'hospital', 'healthcare:speciality': 'general;internal;dentist;dermatology;surgery;clinic', 'internet_access': 'yes', 'internet_access:fee': 'customers', 'name': 'درمانگاه شبانه روزی مطهر', 'operator': 'دکتر عبدالصمد مدرسی', 'operator:type': 'private', 'phone': '۰۲۱۵۵۸۲۵۰۷۴', 'start_date': '۱۳۸۰-۰۱-۰۱', 'website': 'http://www.motaharclinic.ir'}"
262,node,8020953285,35.6396008,51.3658163,"{'amenity': 'clinic', 'healthcare': 'clinic', 'name': 'مجتمع پزشکان مهر'}"
263,node,8146708109,35.6364616,51.4012178,"{'addr:city': 'تهران', 'addr:housenumber': 'نازی آباد', 'addr:postcode': '181', 'addr:street': 'نیکنام جنوبی', 'amenity': 'kindergarten', 'name': 'آموزشگاه نقدی', 'operator': 'دیپلم رسمی', 'operator:type': 'public', 'phone': '+9855081129', 'preschool': 'yes', 'website': 'https://www.naghdiedu.ir'}"
264,node,8293397619,35.652062,51.3405365,"{'amenity': 'clinic', 'name': 'مرکز پزشکان بازرگان'}"
265,node,8293397620,35.6272283,51.3353631,"{'amenity': 'payment_terminal', 'operator': 'taxi تاکسی شهری'}"
266,node,8293397819,35.6285386,51.3363777,"{'addr:street': 'بزرگراه آیت الله سعیدی', 'amenity': 'bus_station', 'name': 'اسلامشهر (واوان)', 'name:en': 'Eslamshahr (vavan)', 'opening_hours': 'Mo-Su 06:00-21:30'}"
267,node,8442267519,35.6174692,51.3914221,{'amenity': 'toilets'}
268,node,8442267520,35.6198298,51.3910965,{'amenity': 'toilets'}
269,node,8622148851,35.6222231,51.354295,"{'addr:street': 'صبا دهم', 'amenity': 'place_of_worship', 'name': 'مسجد سیدالشهدا', 'religion': 'muslim'}"
270,node,8758158781,35.6300901,51.3511021,"{'amenity': 'clinic', 'healthcare': 'clinic', 'name': 'مرکز بهداشت امام رضا'}"
271,node,8764622811,35.6393505,51.3698631,"{'amenity': 'clinic', 'healthcare': 'clinic', 'name': 'مرکز بهداشت شهید آیت', 'phone': '+982155844641'}"
272,node,8772343002,35.648404,51.3407879,"{'amenity': 'clinic', 'healthcare': 'clinic', 'name': 'مرکز بهداشت ولیعصر'}"
273,node,8772354623,35.654578,51.3829315,"{'amenity': 'clinic', 'name': 'مرکز بهداشت جوادیه شهید شاطری'}"
274,node,8837375510,35.6332511,51.3621312,"{'amenity': 'school', 'contact:phone': '+989124481005', 'contact:website': 'http://www.hadisvareyhane.ir/', 'gender': 'female', 'name': 'پیش دبستان و دبستان غیردولتی حدیث و ریحانه', 'source': 'Note 2655411'}"
275,node,8864756565,35.6279406,51.3910856,"{'amenity': 'bank', 'brand': 'بانک پاسارگاد', 'brand:en': 'Bank Pasargad', 'brand:wikidata': 'Q4855962', 'name': 'بانک پاسارگاد', 'name:en': 'Bank Pasargad'}"
276,node,8864756566,35.6278358,51.3906096,"{'amenity': 'pharmacy', 'healthcare': 'pharmacy', 'name': 'داروخانه شبانه روزی مکاری', 'opening_hours': '24/7'}"
277,node,8864756581,35.6392546,51.4022409,"{'amenity': 'school', 'name': 'مدرسه هویزه'}"
278,node,8864756584,35.6398694,51.3955659,"{'amenity': 'school', 'name': 'دبستان کمیل'}"
279,node,8864756585,35.6283713,51.3909381,"{'amenity': 'clinic', 'healthcare': 'clinic', 'name': 'کلینیک شبانه روزی خانی آباد', 'opening_hours': '24/7'}"
280,node,8864756593,35.6370851,51.4015968,"{'amenity': 'pharmacy', 'healthcare': 'pharmacy', 'name': 'داروخانه شمس'}"
281,node,8940327685,35.6303262,51.3585741,"{'amenity': 'place_of_worship', 'name': 'مسجد جامع امام جعفر صادق (ع)', 'religion': 'muslim'}"
282,node,8940433103,35.6100604,51.3626049,"{'amenity': 'place_of_worship', 'name': 'یادمان شهدا'}"
283,node,8940433104,35.6097276,51.3630971,"{'amenity': 'toilets', 'name': 'دستشویی'}"
284,node,8940445969,35.6076325,51.3620454,"{'amenity': 'place_of_worship', 'name': 'مسجد حضرت ابوالفضل شهرک گلریز', 'religion': 'muslim'}"
285,node,8941481251,35.6182551,51.3600311,"{'amenity': 'fuel', 'name': 'پمپ بنزین ۲۷۴شقایق'}"
286,node,8985417847,35.6344618,51.3259759,"{'amenity': 'school', 'name': 'مدرسه ادب'}"
287,node,8997784576,35.6338378,51.3466561,"{'amenity': 'taxi', 'name': 'ایستگاه تاکسی'}"
288,node,8997926558,35.62005,51.3576933,"{'amenity': 'bus_station', 'name': 'شهرک احمدیه'}"
289,node,8997926560,35.6235541,51.3575532,"{'amenity': 'school', 'name': 'مدرسه میرمیران'}"
290,node,8997926564,35.6267777,51.3585441,"{'amenity': 'place_of_worship', 'name': 'حسینیه باب الحواحج'}"
291,node,9013061852,35.6499041,51.355551,{'amenity': 'toilets'}
292,node,9016156914,35.6356153,51.3502297,"{'amenity': 'bank', 'atm': 'yes', 'branch': 'نعمت\u200cآباد', 'brand': 'بانک پارسیان', 'brand:en': 'Parsian Bank', 'brand:wikidata': 'Q2410404', 'brand:wikipedia': 'en:Parsian Bank', 'name': 'بانک پارسیان', 'name:en': 'Parsian Bank'}"
293,node,9029032247,35.6390407,51.3545681,"{'amenity': 'events_venue', 'name': 'تالار مینیاتور'}"
294,node,9032754339,35.6374552,51.355981,"{'amenity': 'bench', 'material': 'concrete', 'seats': '3'}"
295,node,9032754340,35.6374917,51.3559838,"{'amenity': 'bench', 'material': 'concrete', 'seats': '3'}"
296,node,9032754341,35.6375293,51.3559819,"{'amenity': 'bench', 'material': 'concrete', 'seats': '3'}"
297,node,9032754342,35.637562,51.3559762,"{'amenity': 'bench', 'material': 'concrete', 'seats': '3'}"
298,node,9041316827,35.6391829,51.3543883,{'amenity': 'restaurant'}
299,node,9041319466,35.6357062,51.3505254,{'amenity': 'dentist'}
300,node,9041319467,35.6392191,51.3543652,{'amenity': 'restaurant'}
301,node,9041326304,35.6382736,51.3548948,{'amenity': 'ice_cream'}
302,node,9041326842,35.6357173,51.3505531,"{'amenity': 'pharmacy', 'healthcare': 'pharmacy', 'name': 'داروخانه زمزم', 'opening_hours': '24/7'}"
303,node,9043939463,35.634872,51.3812542,"{'amenity': 'internet_cafe', 'contact:email': 'mohammad_savadi@yahoo.com', 'description': 'onosm.org submitted note from a business: name: کافی نت شادمهر phone: +989122063867 website:  twitter:  facebook:  email: mohammad_savadi@yahoo.com hours: 09:30 - 23:30 category: Internet Cafes address: tehran', 'name': 'کافی\u200cنت شادمهر', 'opening_hours': 'Mo-Su 09:30-23:30'}"
304,node,9054168503,35.6501178,51.3875439,{'amenity': 'place_of_worship'}
305,node,9054210278,35.651145,51.3731274,"{'amenity': 'restaurant', 'name': 'تالاریاس بوستان ولایت'}"
306,node,9054986397,35.6437655,51.3686862,"{'amenity': 'pharmacy', 'healthcare': 'pharmacy', 'name': 'داروخانه لهرابیان'}"
307,node,9054986405,35.6467263,51.3671835,"{'amenity': 'school', 'name': 'هنرستان نمونه توحید'}"
308,node,9054995236,35.6418393,51.3682343,"{'amenity': 'school', 'name': 'مدرسه سید جمال\u200cالدین اسدآبادی'}"
309,node,9054995240,35.6420797,51.3676141,"{'amenity': 'school', 'name': 'دبستان دخترانه نواب صفوی'}"
310,node,9054995242,35.6353114,51.3680175,"{'amenity': 'place_of_worship', 'name': 'مسجد امام رضا', 'religion': 'muslim'}"
311,node,9054995250,35.6463498,51.3690255,{'amenity': 'toilets'}
312,node,9054995268,35.6336012,51.3696908,"{'amenity': 'place_of_worship', 'name': 'مسجد بنی هاشم', 'religion': 'muslim'}"
313,node,9054995270,35.646947,51.3674364,{'amenity': 'school'}
314,node,9054995274,35.6381022,51.3673509,"{'amenity': 'school', 'name': 'دبیرستان پسرانه سعیدی'}"
315,node,9054995282,35.642323,51.3682048,"{'amenity': 'school', 'name': 'دبیرستان دخترانه بعثت'}"
316,node,9055250612,35.6360424,51.3518828,{'amenity': 'telephone'}
317,node,9072727588,35.6393133,51.3379981,"{'amenity': 'pharmacy', 'healthcare': 'pharmacy'}"
318,node,9104753858,35.6511035,51.3485739,{'amenity': 'telephone'}
319,node,9114401491,35.6395977,51.3541319,"{'amenity': 'place_of_worship', 'name': 'حسینیه متوسلین به قمر بنی\u200cهاشم', 'religion': 'muslim'}"
320,node,9114417368,35.6380029,51.3550899,"{'amenity': 'pharmacy', 'healthcare': 'pharmacy'}"
321,node,9115952780,35.637989,51.3536832,"{'amenity': 'car_wash', 'name': 'کارواش K2'}"
322,node,9123056118,35.6174371,51.4039873,"{'amenity': 'restaurant', 'name': 'پخش گوشت و مرغ پدیده (وصال)'}"
323,node,9132331942,35.6335608,51.3475875,{'amenity': 'telephone'}
324,node,9174180518,35.6357506,51.3888886,"{'addr:housenumber': '347', 'addr:street': 'مهدی لطیفی', 'amenity': 'courthouse', 'name': 'جهان کابین', 'name:en': 'Jahan Kabin'}"
325,node,9201531037,35.6486259,51.350509,{'amenity': 'car_wash'}
326,node,9264937470,35.6501551,51.3531137,"{'amenity': 'school', 'denomination': 'shia', 'grades': '7-9', 'internet_access': 'wlan', 'internet_access:fee': 'no', 'name': 'مدرسه شهید چمران', 'religion': 'muslim', 'website': 'https://www.chamran17.com'}"
327,node,9264937471,35.6501789,51.3533258,"{'amenity': 'school', 'name': 'مدرسه پیامبر اکرم'}"
328,node,9264937472,35.6501394,51.3528258,"{'amenity': 'school', 'name': 'مدرسه شاهد هوشمند شهید مجید محسنی'}"
329,node,9353153317,35.6389051,51.40168,"{'amenity': 'ice_cream', 'name': 'ذرت طلایی متین'}"
330,node,9396177583,35.6340389,51.3707822,{'amenity': 'toilets'}
331,node,9396177584,35.6373278,51.3698293,{'amenity': 'toilets'}
332,node,9396177592,35.6378511,51.3687441,{'amenity': 'toilets'}
333,node,9398501581,35.6413467,51.3590022,"{'amenity': 'school', 'name': 'دبیرستان دخترانه عترت'}"
334,node,9398501583,35.6412246,51.3586947,"{'amenity': 'school', 'name': 'دبیرستان رضوان'}"
335,node,9398501584,35.640688,51.3574531,"{'amenity': 'clinic', 'healthcare': 'clinic', 'name': 'مرکز جراحی برزویه'}"
336,node,9481775561,35.6139395,51.4036386,"{'amenity': 'school', 'name': 'مدرسه ایت الله بهجت'}"
337,node,9515060157,35.6245915,51.3839342,"{'amenity': 'toilets', 'name': 'دستشویی'}"
338,node,9515060164,35.6275743,51.3848524,"{'amenity': 'school', 'name': 'دبیرستان شهید چمران'}"
339,node,9515060165,35.6194424,51.3860158,{'amenity': 'toilets'}
340,node,9515060171,35.6275072,51.384203,{'amenity': 'toilets'}
341,node,9515060173,35.6273117,51.3849828,"{'amenity': 'school', 'name': 'دبستان دستغیب'}"
342,node,9515060176,35.6205032,51.3834542,"{'amenity': 'bank', 'name': 'بانک تجارت'}"
343,node,9515060181,35.6234475,51.3789626,"{'amenity': 'car_wash', 'name': 'کارواش'}"
344,node,9515060185,35.625666,51.383954,{'amenity': 'toilets'}
345,node,9515060187,35.6244513,51.3791234,{'amenity': 'restaurant'}
346,node,9515060188,35.6206797,51.3820693,{'amenity': 'atm'}
347,node,9515060189,35.6260429,51.3856807,"{'amenity': 'school', 'name': 'مدرسه راهنمایی احمدی روشن'}"
348,node,9515060193,35.6182703,51.3834411,"{'amenity': 'bank', 'name': 'بانک رفاه'}"
349,node,9515060195,35.6255887,51.3812271,"{'amenity': 'fire_station', 'name': 'ایستگاه آتش نشانی ۳۵ میدان بار'}"
350,node,9515060197,35.6193659,51.382913,"{'amenity': 'bank', 'name': 'بانک کشاورزی'}"
351,node,9515060208,35.6193746,51.3834252,"{'amenity': 'bank', 'name': 'بانک ملت'}"
352,node,9516593860,35.6433177,51.3366522,{'amenity': 'toilets'}
353,node,9517281501,35.6475752,51.3555531,"{'amenity': 'library', 'name': 'کتابخانه بهاران'}"
354,node,9517315724,35.6456771,51.3553179,{'amenity': 'toilets'}
355,node,9517367683,35.6452213,51.33321,"{'amenity': 'school', 'name': 'دبستان پسرانه مصطفی خمینی'}"
356,node,9517868925,35.6361989,51.3359593,{'amenity': 'place_of_worship'}
357,node,9826261204,35.6438149,51.4044328,"{'amenity': 'school', 'name': 'دبیرستان نواب صفوی'}"
358,node,9826261206,35.643841,51.4039408,"{'amenity': 'school', 'name': 'مدرسه امید امام'}"
359,node,9826261208,35.6434913,51.4043886,"{'amenity': 'school', 'name': 'مدرسه جواد موفقان'}"
360,node,9867673476,35.6367877,51.4036514,"{'addr:city': 'تهران', 'addr:street': 'احمد بابایی', 'amenity': 'pharmacy', 'healthcare': 'pharmacy', 'name': 'داروخانه شبانه روزی یاسمن قنبری', 'name:en': 'Dr Qanbari pharmcay', 'opening_hours': '24/7', 'phone': '+98 21 5535 3249'}"
361,node,9891305917,35.6374116,51.3367161,"{'amenity': 'events_venue', 'name': 'تالار گلهای زندگی'}"
362,node,9950727472,35.6362868,51.3935629,"{'amenity': 'place_of_worship', 'name': 'مسجد جامع اثنی عشر', 'religion': 'muslim'}"
363,node,10011218402,35.6224561,51.3529209,"{'amenity': 'police', 'name': 'کلانتری ۱۵۵ نعمت آباد'}"
364,node,10035518957,35.6276157,51.3872892,"{'amenity': 'restaurant', 'name': 'رستوران مجلل گل نرگس'}"
365,node,10174119934,35.6079992,51.3950022,"{'amenity': 'clinic', 'healthcare': 'clinic', 'name': 'مرکز بهداشت صالح آباد'}"
366,node,10257702687,35.6407178,51.3597391,"{'addr:city': 'شهر تهران', 'addr:street': 'مسلم طاهری', 'amenity': 'cafe', 'cuisine': 'coffee_shop', 'internet_access': 'no', 'name': 'کافی شاپ', 'outdoor_seating': 'yes'}"
367,node,10258219109,35.6410922,51.3580708,"{'amenity': 'recycling', 'opening_hours': 'Mo-Fr 06:30-12:30,15:30-20:00; Sa 08:00-12:00; PH off', 'operator': 'ایستگاه بازیافت شهرداری', 'recycling:batteries': 'yes', 'recycling:beverage_cartons': 'yes', 'recycling:books': 'yes', 'recycling:cans': 'yes', 'recycling:glass': 'yes', 'recycling:glass_bottles': 'yes', 'recycling:green_waste': 'yes', 'recycling:magazines': 'yes', 'recycling:newspaper': 'yes', 'recycling:paper': 'yes', 'recycling:paper_packaging': 'yes', 'recycling:plastic': 'yes', 'recycling:plastic_bottles': 'yes', 'recycling:plastic_packaging': 'yes', 'recycling:scrap_metal': 'yes', 'recycling:wood': 'yes', 'recycling_type': 'container', 'wheelchair': 'no'}"
368,node,10282615611,35.6415247,51.4046254,"{'amenity': 'fast_food', 'name': 'هاجی برگر'}"
369,node,10586729272,35.6348565,51.3502836,"{'amenity': 'pharmacy', 'name': 'داروخانه دکتر راضیه آخوندی'}"
370,node,10741450286,35.6381402,51.3549412,"{'amenity': 'atm', 'name': 'بانک پاسارگاد'}"
371,node,10741481322,35.6440823,51.3522246,"{'amenity': 'bus_station', 'bus': 'yes', 'public_transport': 'station'}"
372,node,10790131174,35.6531569,51.3486902,"{'amenity': 'atm', 'brand': 'بانک گردشگری'}"
373,node,10813940585,35.6385821,51.3537371,"{'amenity': 'car_wash', 'name': 'کارواش K2'}"
374,node,10820083652,35.6341586,51.3646512,"{'amenity': 'internet_cafe', 'name': 'کافی نت و خدمات کامپیوتری برتر'}"
375,node,10833767825,35.6356869,51.3508936,"{'amenity': 'ice_cream', 'name': 'بستنی دایی غلام'}"
376,node,10833777477,35.6389949,51.3545213,"{'amenity': 'events_venue', 'name': 'تالار مینیاتور'}"
377,node,10870080447,35.6532927,51.3358055,"{'amenity': 'pharmacy', 'healthcare': 'pharmacy', 'name': 'داروخانه دکتر فهیمه احمدی', 'phone': '+989039001661', 'source': 'Note 3148384'}"
378,node,10870093783,35.6350148,51.3872677,"{'amenity': 'clinic', 'healthcare': 'clinic', 'name': 'درمانگاه شبانه\u200cروزی سینوهه', 'opening_hours': '24/7', 'source': 'Note 3386545'}"
379,node,10870121688,35.639004,51.3746707,"{'amenity': 'cafe', 'email': 'coffeeshopdel@gmail.com', 'name': 'کافه رستوران دل', 'opening_hours': '08:00-24:00', 'phone': '+982155850001', 'source': 'Note 3190198'}"
380,node,10873949505,35.6478007,51.3932657,"{'amenity': 'cafe', 'name': 'کافه ایلی علی', 'name:en': 'cafe ileali'}"
381,node,10977251895,35.6111087,51.3319054,"{'amenity': 'place_of_worship', 'name': 'مسجد حضرت ابوالفضل', 'religion': 'muslim'}"
382,node,11016547426,35.6427951,51.3636293,"{'amenity': 'atm', 'cash_in': 'yes', 'not:brand:wikidata': 'Q5941033', 'operator': 'بانک شهر'}"
383,node,11022672075,35.635862,51.3635235,"{'addr:city': 'تهران', 'amenity': 'internet_cafe', 'name': 'خدمات کامپیوتری و موبایل پوند'}"
384,node,11050969708,35.6499946,51.3532048,"{'amenity': 'library', 'name': 'کتابخانه شهید چمران'}"
385,node,11050969716,35.6500749,51.3531105,"{'amenity': 'restaurant', 'cuisine': 'chicken;sandwich;pasta;kebab;falafel', 'name': 'ناهار خوری شهید چمران'}"
386,node,11062782397,35.6504103,51.3363232,"{'amenity': 'cafe', 'name': 'کافه دژاوو'}"
387,node,11066938524,35.6370192,51.4045519,"{'amenity': 'language_school', 'name': 'آموزشگاه سفیر گفتمان'}"
388,node,11074709716,35.6509525,51.3797682,"{'amenity': 'driving_school', 'name': 'آموزشگاه موتورسيكلت ولايت'}"
389,node,11164912963,35.6355871,51.3431601,"{'addr:city': 'شهر تهران', 'addr:postcode': '1375673611', 'addr:street': 'مهر', 'alt_name': 'پردیس سینمایی پرده طلایی', 'amenity': 'cinema', 'contact:facebook': 'goldenscreencinemacomplex', 'email': 'goldenscreen.cc@gmail.com', 'name': 'پردیس سینمایی گلدن اسکرین', 'name:en': 'Golden Screen Cinema Complex', 'phone': '+98 21 6631 0025', 'screen': '9'}"
390,node,11230595320,35.6260601,51.3587907,"{'amenity': 'parking', 'name': 'پارکینگ تالار گل یاس'}"
391,node,11254406460,35.622164,51.3926965,"{'amenity': 'cafe', 'name': 'داژو کافی'}"
392,node,11281663889,35.6406177,51.3738499,"{'addr:city': 'شهر تهران', 'addr:street': 'تهران، بزرگراه چراغی، خیابان مهران، بین لاله و مهرآرا', 'amenity': 'restaurant', 'name': 'تالار اوپال', 'opening_hours': '24/7', 'phone': '+982156803040', 'phone:mobile': '+989120168801', 'website': 'https://instagram.com/talaropal'}"
393,node,11298944168,35.6314194,51.3685068,"{'amenity': 'clinic', 'healthcare': 'clinic', 'name': 'مطب رز دکتر رضوان موسوی'}"
394,node,11342876967,35.6231944,51.3940328,"{'addr:city': 'تهران', 'addr:street': 'میعاد', 'amenity': 'language_school', 'name': 'آموزشگاه تفکر نوین', 'opening_hours': '09:00-20:00', 'operator': 'خدابنده لو', 'phone': '02155545736'}"
395,node,11356122669,35.6410418,51.4044223,"{'amenity': 'restaurant', 'name': 'مینی ژامبون و جگرکی محله'}"
396,node,11370948920,35.6416976,51.3509814,"{'access': 'yes', 'amenity': 'toilets', 'changing_table': 'yes', 'toilets:disposal': 'flush', 'unisex': 'yes', 'wheelchair': 'yes'}"
397,node,11391584245,35.6255936,51.3652736,"{'amenity': 'driving_school', 'name': 'آموزشگاه رانندگی پایتخت'}"
398,node,11505425720,35.6306034,51.3978395,"{'amenity': 'bank', 'brand': 'پست بانک', 'brand:en': 'Post Bank of Iran', 'brand:wikidata': 'Q7233625', 'brand:wikipedia': 'en:Post Bank of Iran', 'name': 'پست بانک', 'name:en': 'Post Bank of Iran'}"
399,node,11518543328,35.6480218,51.3958334,"{'amenity': 'restaurant', 'name': 'تالار پذیرایی قصر ماهان'}"
400,node,11518543332,35.6497426,51.3975904,"{'addr:city': 'تهران', 'amenity': 'food_court', 'name': 'جگرسرای بیست تک'}"
401,node,11595045826,35.6078021,51.3758589,"{'amenity': 'clinic', 'healthcare': 'clinic', 'name': 'خانه بهداشت'}"
402,node,11595045828,35.6074981,51.3761988,"{'amenity': 'place_of_worship', 'religion': 'muslim'}"
403,node,11595121020,35.6244098,51.3886131,"{'amenity': 'place_of_worship', 'name': 'مسجد سید الشهدا', 'religion': 'muslim'}"
404,node,11597382350,35.6299584,51.3826203,{'amenity': 'toilets'}
405,node,11597382355,35.6303711,51.3804683,"{'amenity': 'pharmacy', 'healthcare': 'pharmacy', 'name': 'داروخانه دکتر شهرام قربانی'}"
406,node,11597382368,35.6340401,51.379878,"{'amenity': 'place_of_worship', 'name': 'مسجد علی اصغر (ع)', 'religion': 'muslim'}"
407,node,11598462161,35.6347871,51.3786491,"{'amenity': 'bank', 'name': 'بانک رفاه'}"
408,node,11598665833,35.6332538,51.3795661,"{'amenity': 'bank', 'name': 'بانک مسکن'}"
409,node,11598665849,35.6331555,51.3791263,"{'amenity': 'pharmacy', 'healthcare': 'pharmacy', 'name': 'داروخانه شبانه روزی'}"
410,node,11618413485,35.6546921,51.3419513,"{'amenity': 'cafe', 'name': 'کافه آتا'}"
