amenity,count
atm,61
bank,174
bench,6
bicycle_rental,9
bureau_de_change,2
bus_station,1
cafe,22
car_rental,1
car_wash,9
cinema,2
clinic,44
college,1
community_centre,1
courthouse,3
dentist,16
disused,1
doctors,10
drinking_water,6
driving_school,2
events_venue,9
fast_food,50
fire_station,4
food_court,1
fountain,19
fuel,3
hospital,1
ice_cream,19
kindergarten,4
language_school,6
library,8
music_school,5
parking,1
pharmacy,94
place_of_worship,61
police,7
post_box,1
post_office,8
restaurant,38
school,68
smoking_area,1
social_facility,1
taxi,19
telephone,5
toilets,31
townhall,4
university,2
vending_machine,3
veterinary,2
waste_disposal,7
