highway,count,length
bus_guideway,2,775.867
busway,3,1567.196
construction,31,15959.295
cycleway,1,784.285
footway,1641,131075.929
living_street,17,1610.014
path,27,4449.191
pedestrian,15,1725.499
primary,63,31121.68
primary_link,12,1222.889
raceway,1,211.69
residential,5807,568988.839
road,1,16.57
secondary,334,118587.93
secondary_link,121,9062.416
service,340,75941.76
steps,131,1609.135
tertiary,689,170115.887
tertiary_link,37,2355.061
track,5,1031.408
trunk,105,72018.295
trunk_link,138,38783.862
unclassified,79,10124.677
