highway,count,length
busway,26,28083.414
construction,3,1368.143
cycleway,28,8826.431
footway,2480,187985.801
living_street,250,24403.089
path,24,3927.922
pedestrian,51,4263.401
primary,177,52181.831
primary_link,55,3678.709
residential,4651,564898.655
rest_area,1,1061.627
secondary,589,148636.739
secondary_link,176,7949.452
service,1902,193486.955
steps,346,4461.49
tertiary,897,183919.923
tertiary_link,72,2483.273
track,30,20859.785
trunk,268,157343.88
trunk_link,330,82789.338
unclassified,66,10954.485
