amenity,count
animal_boarding,1
atm,94
bank,357
bar,1
bench,4
bicycle_rental,5
bicycle_repair_station,1
bureau_de_change,8
bus_station,7
cafe,93
car_rental,2
car_wash,20
childcare,1
cinema,4
clinic,90
college,7
community_centre,8
courthouse,6
dentist,41
disused,5
doctors,66
drinking_water,7
driving_school,4
events_venue,10
fast_food,147
fire_station,7
food_court,3
fountain,22
fuel,12
give_box,1
hospital,1
ice_cream,40
internet_cafe,1
kindergarten,10
language_school,11
library,15
motorcycle_parking,1
music_school,11
nursing_home,2
parking,13
parking_entrance,6
pharmacy,206
place_of_worship,100
police,19
post_box,2
post_office,12
recycling,1
research_institute,4
restaurant,125
school,124
social_facility,1
taxi,20
telephone,6
theatre,3
toilets,62
townhall,11
training,2
university,10
vehicle_inspection,1
vending_machine,4
veterinary,12
waste_disposal,9
