amenity,count
arts_centre,1
atm,16
bank,56
bicycle_parking,1
bicycle_rental,1
bus_station,6
cafe,6
car_wash,6
chair,19
charging_station,8
cinema,1
clinic,10
college,2
community_centre,2
courthouse,3
coworking_space,1
culture_center,2
dentist,3
disused,1
doctors,2
drinking_water,4
fast_food,10
fire_station,1
fuel,3
ice_cream,4
internet_cafe,2
kindergarten,1
language_school,1
library,4
marketplace,1
nursing_home,1
parking,9
payment_terminal,1
pharmacy,21
place_of_worship,13
police,5
post_office,2
restaurant,23
school,14
taxi,4
telephone,11
theatre,1
toilets,8
townhall,3
university,2
veterinary,1
waste_disposal,2
