amenity,count
arts_centre,8
atm,96
bank,345
bench,10
bicycle_parking,1
bicycle_rental,4
biergarten,1
bureau_de_change,15
bus_station,3
cafe,239
car_rental,2
car_wash,3
cinema,7
clinic,55
clock,1
college,23
community_centre,12
conference_centre,4
courthouse,6
dentist,21
disused,2
doctors,72
drinking_water,17
driving_school,3
events_venue,3
fast_food,83
fire_station,2
food_court,1
fountain,8
fuel,5
health_care,1
hospital,5
ice_cream,11
internet_cafe,1
kindergarten,2
language_school,10
library,10
marakezFarhangi,1
marketplace,1
money_transfer,1
motorcycle_parking,1
music_school,2
newspaper_kiosk,1
nursing_home,2
occupational,1
parking,6
parking_entrance,5
payment_terminal,2
pharmacy,112
place_of_worship,26
planetarium,1
police,16
post_box,4
post_office,10
research_institute,2
restaurant,120
sakhtemaneMantaghe,1
school,36
shelter,6
social_facility,2
studio,5
taxi,81
telephone,9
theatre,6
toilets,85
townhall,10
university,21
veterinary,5
waste_basket,1
waste_disposal,10
