highway,count,length
bus_guideway,2,775.867
busway,3,1567.196
construction,7,7480.822
cycleway,1,244.941
footway,1111,63564.508
living_street,21,1567.566
path,3,35.481
pedestrian,8,1045.793
primary,69,28678.053
primary_link,17,685.878
raceway,1,416.357
residential,6138,501285.688
road,1,16.57
secondary,249,90544.057
secondary_link,82,4778.133
service,805,173495.565
steps,111,1392.678
tertiary,639,149148.394
tertiary_link,28,1100.378
track,2,221.339
trunk,48,46481.745
trunk_link,141,29047.488
unclassified,64,8803.351
