highway,count,length
bus_stop,1,18.244
busway,1,692.003
construction,2,743.459
footway,927,80802.538
living_street,6,719.35
motorway,3,6543.72
motorway_link,6,2693.21
path,1,286.407
pedestrian,8,7357.477
primary,80,49458.011
primary_link,36,5910.273
raceway,3,2244.046
residential,3987,369177.391
secondary,337,87290.324
secondary_link,68,5976.217
service,447,92889.735
steps,127,1393.287
tertiary,510,114575.658
tertiary_link,17,667.313
track,6,1117.475
trunk,108,73889.143
trunk_link,102,20723.929
unclassified,70,8545.64
