,type,id,lat,lon,tags
0,node,1179285645,35.6063626,51.4134764,"{'amenity': 'bank', 'atm': 'yes', 'brand': 'بانک صادرات', 'brand:en': 'Bank Saderat Iran', 'brand:wikidata': 'Q2882608', 'brand:wikipedia': 'en:Bank Saderat Iran', 'int_name': 'Saderat bank', 'name': 'بانک صادرات', 'name:en': 'Bank Saderat Iran'}"
1,node,1179285747,35.6062632,51.4140039,"{'amenity': 'bank', 'atm': 'yes', 'brand': 'بانک تجارت', 'brand:wikidata': 'Q7695198', 'brand:wikipedia': 'en:Tejarat Bank', 'int_name': 'Tejarat Bank', 'name': 'بانک تجارت'}"
2,node,1183458504,35.6071384,51.4049007,"{'amenity': 'bus_station', 'bus': 'yes', 'name': 'ابتدای خط اتوبوس', 'public_transport': 'station'}"
3,node,2104441479,35.5938559,51.4375772,{'amenity': 'bus_station'}
4,node,3213976131,35.5903596,51.4350716,"{'amenity': 'clinic', 'healthcare': 'clinic', 'name': 'درمانگاه نور'}"
5,node,3227859460,35.6280747,51.4212564,"{'amenity': 'place_of_worship', 'name': 'حضرت علی بن ابی طالب', 'religion': 'muslim'}"
6,node,3481559720,35.6022252,51.4358431,"{'addr:street': 'بلوار امام حسین', 'amenity': 'place_of_worship', 'name': 'مسجد مرتضی علی', 'religion': 'muslim'}"
7,node,3929969678,35.6063977,51.4095894,"{'amenity': 'bank', 'atm': 'yes', 'brand': 'بانک ملی', 'brand:en': 'Bank Melli Iran', 'brand:wikidata': 'Q806640', 'brand:wikipedia': 'en:Bank Melli Iran', 'name': 'بانک ملی', 'name:en': 'Bank Melli Iran'}"
8,node,4083790997,35.5919253,51.4312308,"{'amenity': 'university', 'name': 'دانشگاه علمی کاربردی جهان دیده'}"
9,node,4299948724,35.6186846,51.4361775,"{'amenity': 'fountain', 'name': 'فواره های فروشگاه نجم'}"
10,node,4300979689,35.6042051,51.4262691,"{'amenity': 'fast_food', 'name': 'bibi gol'}"
11,node,4323035990,35.607848,51.4278218,"{'addr:city': 'شهر ری', 'amenity': 'police', 'name': 'اداره صدور گذرنامه شهرری'}"
12,node,4344432892,35.5910104,51.4377282,"{'amenity': 'bank', 'brand': 'بانک ملی', 'brand:en': 'Bank Melli Iran', 'brand:wikidata': 'Q806640', 'brand:wikipedia': 'en:Bank Melli Iran', 'name': 'بانک ملی', 'name:en': 'Bank Melli Iran'}"
13,node,4344438091,35.5908982,51.4378007,"{'amenity': 'bank', 'brand': 'بانک تجارت', 'brand:wikidata': 'Q7695198', 'brand:wikipedia': 'en:Tejarat Bank', 'name': 'بانک تجارت'}"
14,node,4344447591,35.5909877,51.437745,"{'amenity': 'atm', 'not:brand:wikidata': 'Q806640', 'operator': 'بانک ملی'}"
15,node,4344470289,35.5910337,51.4373716,"{'amenity': 'police', 'name': 'کیوسک راهنمایی و رانندگی'}"
16,node,4344481789,35.5838503,51.4319087,"{'addr:city': 'شهر ری', 'amenity': 'school', 'name': 'مدرسه استثنایی'}"
17,node,4344481889,35.5840347,51.4314937,"{'addr:city': 'شهر ری', 'amenity': 'school', 'name': 'مدرسه'}"
18,node,4355083206,35.5886115,51.4266206,"{'amenity': 'police', 'name': 'کلانتری ۱۳۱ شهرری'}"
19,node,4355095195,35.5928428,51.428858,"{'amenity': 'bank', 'atm': 'yes', 'brand': 'بانک ملت', 'brand:en': 'Bank Mellat', 'brand:wikidata': 'Q4855944', 'brand:wikipedia': 'en:Bank Mellat', 'name': 'بانک ملت', 'name:en': 'Bank Mellat'}"
20,node,4355097491,35.5971733,51.4269918,"{'addr:city': 'شهر ری', 'amenity': 'ice_cream', 'name': 'بستنی فروشی', 'opening_hours': 'PH,Mo-Su 08:00-22:00'}"
21,node,4360537782,35.6019747,51.427069,"{'amenity': 'clinic', 'healthcare': 'clinic', 'name': 'درمانگاه خیریه ولیعصر(ارشاد)'}"
22,node,4361099835,35.5976471,51.416432,"{'amenity': 'atm', 'name': 'خودپرداز اقتصاد نوین'}"
23,node,4363501868,35.6018026,51.4271158,"{'amenity': 'pharmacy', 'healthcare': 'pharmacy', 'name': 'داروخانه کنعانی'}"
24,node,4363565335,35.5914927,51.4370626,"{'addr:street': 'مصطفی قدمی', 'amenity': 'pharmacy', 'healthcare': 'pharmacy', 'name': 'داروخانه دکتر بهروزی'}"
25,node,4364354091,35.5882878,51.4269457,"{'amenity': 'bank', 'brand': 'بانک مسکن', 'brand:en': 'Bank Maskan', 'brand:wikidata': 'Q4855942', 'brand:wikipedia': 'en:Bank Maskan', 'name': 'بانک مسکن', 'name:en': 'Bank Maskan'}"
26,node,4372115408,35.5907695,51.4367886,"{'amenity': 'taxi', 'name': 'تاکسی'}"
27,node,4394416991,35.5968465,51.4410067,"{'amenity': 'atm', 'check_date': '2021-09-16', 'name': 'بیمه سه راه ورامین', 'name:en': 'Insurance of Varamin'}"
28,node,4399108893,35.6186551,51.4498835,"{'amenity': 'bank', 'brand': 'بانک صادرات', 'brand:en': 'Bank Saderat Iran', 'brand:wikidata': 'Q2882608', 'brand:wikipedia': 'en:Bank Saderat Iran', 'name': 'بانک صادرات', 'name:en': 'Bank Saderat Iran'}"
29,node,4399252091,35.6184641,51.44802,"{'amenity': 'bank', 'branch': 'دولت آباد', 'brand': 'بانک ملت', 'brand:en': 'Bank Mellat', 'brand:wikidata': 'Q4855944', 'brand:wikipedia': 'en:Bank Mellat', 'name': 'بانک ملت', 'name:en': 'Bank Mellat'}"
30,node,4399368991,35.6181375,51.4477045,"{'amenity': 'bank', 'brand': 'بانک مسکن', 'brand:en': 'Bank Maskan', 'brand:wikidata': 'Q4855942', 'brand:wikipedia': 'en:Bank Maskan', 'name': 'بانک مسکن', 'name:en': 'Bank Maskan'}"
31,node,4399377190,35.6184241,51.4497916,"{'amenity': 'bank', 'brand': 'بانک تجارت', 'brand:wikidata': 'Q7695198', 'brand:wikipedia': 'en:Tejarat Bank', 'name': 'بانک تجارت', 'name:en': 'tejarat bank'}"
32,node,4402621917,35.5938653,51.4287231,"{'addr:city': 'شهر ری', 'amenity': 'bank', 'atm': 'yes', 'brand': 'بانک رفاه', 'brand:en': 'Refah Bank', 'brand:wikidata': 'Q7307083', 'brand:wikipedia': 'en:Refah Bank', 'name': 'بانک رفاه', 'name:en': 'Refah Bank'}"
33,node,4408642931,35.6011928,51.4384325,"{'amenity': 'pharmacy', 'name': 'داروخانه دکتر ابوالحسنی'}"
34,node,4423395054,35.5995159,51.4393323,"{'addr:city': 'شهر ری', 'amenity': 'restaurant', 'name': 'تالار پذیرایی آینه'}"
35,node,4423395055,35.5993066,51.4391017,"{'addr:city': 'شهر ری', 'amenity': 'fast_food', 'name': 'ساندویچ قائم'}"
36,node,4423406827,35.5986588,51.4409336,"{'amenity': 'fast_food', 'name': 'پیتزا اونیک'}"
37,node,4446283865,35.5908482,51.4356406,"{'amenity': 'toilets', 'unisex': 'yes'}"
38,node,4451496492,35.5780065,51.4222785,{'amenity': 'taxi'}
39,node,4502985404,35.5944296,51.4285248,"{'addr:city': 'شهر ری', 'amenity': 'pharmacy', 'healthcare': 'pharmacy', 'name': 'داروخانه گلایل'}"
40,node,4502995415,35.5923507,51.4300064,"{'amenity': 'bank', 'brand': 'بانک سرمایه', 'brand:en': 'Sarmayeh Bank', 'brand:wikidata': 'Q7424291', 'brand:wikipedia': 'en:Sarmayeh Bank', 'name': 'بانک سرمایه', 'name:en': 'Sarmayeh Bank'}"
41,node,4503032312,35.5905702,51.4328794,"{'amenity': 'disused', 'disused:amenity': 'bank', 'name': 'موسسه مالی مولی الموحدین'}"
42,node,4511165146,35.5894722,51.4245242,"{'amenity': 'bank', 'brand': 'بانک شهر', 'brand:en': 'Shahr Bank', 'brand:fa': 'بانک شهر', 'brand:wikidata': 'Q5941033', 'name': 'بانک شهر', 'name:en': 'Shahr Bank', 'name:fa': 'بانک شهر'}"
43,node,4511165147,35.5893089,51.4246928,"{'amenity': 'bank', 'brand': 'بانک ملی', 'brand:en': 'Bank Melli Iran', 'brand:wikidata': 'Q806640', 'brand:wikipedia': 'en:Bank Melli Iran', 'name': 'بانک ملی', 'name:en': 'Bank Melli Iran'}"
44,node,4570265360,35.6169914,51.412576,"{'amenity': 'toilets', 'fee': 'no'}"
45,node,4570452301,35.579884,51.4295722,"{'amenity': 'fuel', 'name': 'جایگاه CNG آوینی'}"
46,node,4600504359,35.6285363,51.4589839,"{'amenity': 'restaurant', 'name': 'باغ تالار توسکا'}"
47,node,4639672895,35.5978806,51.4230335,"{'amenity': 'library', 'name': 'مسجد علی ابن ابیطالب'}"
48,node,4643856991,35.5948999,51.4275977,{'amenity': 'waste_basket'}
49,node,4643939192,35.593523,51.4274687,"{'addr:city': 'شهر ری', 'amenity': 'school', 'name': 'دبستان ۱۵ خرداد'}"
50,node,4680608791,35.618278,51.4436831,"{'amenity': 'restaurant', 'name': 'طباخی سحر', 'opening_hours': 'Sa-Th 05:00-10:00, 15:30-18:30; Fr 04:30-11:00'}"
51,node,4727607090,35.613783,51.4355466,"{'addr:street': 'بلوار فداییان اسلام', 'amenity': 'university', 'name': 'دانشگاه یادگار امام واحد شیخ صدوق'}"
52,node,4732463523,35.5947034,51.4233496,"{'amenity': 'atm', 'operator': 'مترو شهرری'}"
53,node,4758748323,35.6110813,51.4549971,{'amenity': 'bank'}
54,node,4797667721,35.5909246,51.451148,"{'amenity': 'school', 'name': 'دبیرستان ملاصدرا'}"
55,node,4799713621,35.5951823,51.4334896,"{'addr:street': 'شیخ اکبری', 'amenity': 'bank', 'brand': 'بانک صادرات', 'brand:en': 'Bank Saderat Iran', 'brand:fa': 'بانک صادرات', 'brand:wikidata': 'Q2882608', 'name': 'بانک صادرات', 'name:en': 'Bank Saderat Iran', 'name:fa': 'بانک صادرات'}"
56,node,4835656527,35.6111744,51.4460443,{'amenity': 'courthouse'}
57,node,4876222521,35.6141618,51.4499749,{'amenity': 'atm'}
58,node,4935720921,35.6186348,51.456222,"{'amenity': 'bank', 'atm': 'yes', 'brand': 'بانک تجارت', 'brand:wikidata': 'Q7695198', 'brand:wikipedia': 'en:Tejarat Bank', 'name': 'بانک تجارت', 'name:en': 'tejarat bank'}"
59,node,4935720922,35.6183664,51.4481895,"{'amenity': 'bank', 'brand': 'بانک سپه', 'brand:en': 'Bank Sepah', 'brand:wikidata': 'Q2882624', 'brand:wikipedia': 'en:Bank Sepah', 'name': 'بانک سپه', 'name:en': 'Bank Sepah'}"
60,node,4935721021,35.6184085,51.4568373,"{'amenity': 'pharmacy', 'healthcare': 'pharmacy', 'name': 'داروخانه زهرا ثابت قدم', 'name:en': 'zahra sabetghadam pharmacy'}"
61,node,4935721022,35.6187915,51.4508845,"{'amenity': 'bank', 'brand': 'بانک ملی', 'brand:en': 'Bank Melli Iran', 'brand:wikidata': 'Q806640', 'brand:wikipedia': 'en:Bank Melli Iran', 'name': 'بانک ملی', 'name:en': 'Bank Melli Iran'}"
62,node,4936356422,35.5909676,51.4377421,"{'amenity': 'atm', 'not:brand:wikidata': 'Q806640', 'opening_hours': '24/7', 'operator': 'بانک ملی'}"
63,node,4936356423,35.5915835,51.4493135,"{'addr:street': 'زکریای رازی', 'amenity': 'post_office', 'name': 'اداره پست منطقه ۱۸', 'name:en': 'post 18', 'name:fa': 'اداره پست جنوب منطقه ۱۸ تهران'}"
64,node,4966582022,35.622913,51.4531891,{'amenity': 'atm'}
65,node,5039317527,35.6209367,51.4654147,"{'addr:city': 'تهران', 'addr:street': 'دولت آباد', 'amenity': 'fire_station', 'name': 'ایستگاه آتش نشانی شماره ۷۹'}"
66,node,5042836022,35.6290027,51.410516,"{'amenity': 'car_wash', 'name': 'کارواش بزرگ ستاره'}"
67,node,5073288621,35.6179645,51.4568091,"{'amenity': 'place_of_worship', 'name': 'مسجد الامام حسن المجتبى دولت اباد', 'name:en': 'emam hasan mojtaba mosque', 'religion': 'muslim'}"
68,node,5115935025,35.6181161,51.4203813,{'amenity': 'toilets'}
69,node,5130637365,35.6027979,51.4259644,{'amenity': 'fountain'}
70,node,5130637366,35.6027978,51.4262666,{'amenity': 'fountain'}
71,node,5130637367,35.6029672,51.4264767,{'amenity': 'fountain'}
72,node,5130637368,35.6032071,51.4264817,{'amenity': 'fountain'}
73,node,5130637369,35.6033848,51.4262698,{'amenity': 'fountain'}
74,node,5130637370,35.6033877,51.4259704,{'amenity': 'fountain'}
75,node,5130637371,35.6032205,51.4257568,{'amenity': 'fountain'}
76,node,5130637372,35.602978,51.4257491,{'amenity': 'fountain'}
77,node,5130637373,35.6030369,51.4259373,{'amenity': 'fountain'}
78,node,5130637374,35.6029485,51.4260428,{'amenity': 'fountain'}
79,node,5130637375,35.602949,51.4261907,{'amenity': 'fountain'}
80,node,5130637376,35.6030322,51.4262921,{'amenity': 'fountain'}
81,node,5130637377,35.6031483,51.4262937,{'amenity': 'fountain'}
82,node,5130637378,35.6032343,51.4261915,{'amenity': 'fountain'}
83,node,5130637379,35.6032364,51.4260464,{'amenity': 'fountain'}
84,node,5130637380,35.6031554,51.4259417,{'amenity': 'fountain'}
85,node,5176942682,35.5783271,51.4520942,"{'amenity': 'atm', 'currency:IRR': 'yes', 'operator': 'حکمت ایرانیان'}"
86,node,5188948922,35.5868714,51.4322571,"{'amenity': 'school', 'name': 'کانون نخبگان جوانه ها'}"
87,node,5329915122,35.6088279,51.4204561,"{'amenity': 'toilets', 'operator': 'mrtro'}"
88,node,5380440683,35.5782699,51.4546115,"{'addr:city': 'شهر ری', 'addr:street': 'نیلوفر', 'amenity': 'library', 'name': 'کتابخانه ی علامه دهخدا'}"
89,node,5380445571,35.5819544,51.4564629,{'amenity': 'atm'}
90,node,5380922722,35.5926506,51.4279965,{'amenity': 'police'}
91,node,5391161023,35.5918454,51.4264231,"{'amenity': 'school', 'name': 'مدرسه دکتر حسابی'}"
92,node,5443473422,35.6121287,51.4479403,"{'amenity': 'restaurant', 'name': 'پدر خوب', 'name:en': 'Pdr khob'}"
93,node,5443477621,35.6190374,51.4461157,"{'amenity': 'fire_station', 'name': 'ایستگاه شماره ۱۴ آتش نشانی دولت آباد', 'name:en': 'Shahid reza sharifi'}"
94,node,5484294136,35.5765479,51.459725,"{'amenity': 'atm', 'currency:irr': 'yes'}"
95,node,5491407248,35.5859465,51.4482336,"{'access': 'yes', 'amenity': 'parking', 'name': 'پارکینگ عمومی شهروند', 'parking': 'surface', 'surface': 'asphalt'}"
96,node,5525690646,35.6054899,51.4154145,"{'amenity': 'atm', 'not:brand:wikidata': 'Q5323768', 'operator': 'بانک اقتصاد نوین'}"
97,node,5569161048,35.6231965,51.4154465,"{'amenity': 'toilets', 'unisex': 'yes'}"
98,node,5569161049,35.625075,51.4113092,"{'amenity': 'toilets', 'unisex': 'yes'}"
99,node,5569161050,35.6249735,51.4115301,"{'amenity': 'pharmacy', 'dispensing': 'yes', 'healthcare': 'pharmacy', 'name': 'داروخانه'}"
100,node,5569161051,35.6250867,51.411495,"{'amenity': 'clinic', 'healthcare': 'clinic', 'name': 'درمانگاه شبانه روزی اتکا'}"
101,node,5569161053,35.6252792,51.4196192,"{'addr:street': 'بلوار دستواره', 'amenity': 'pharmacy', 'dispensing': 'yes', 'healthcare': 'pharmacy', 'name': 'داروخانه شبانه روزی سلیم', 'opening_hours': '24/7'}"
102,node,5589329522,35.6160425,51.405487,"{'amenity': 'toilets', 'operator': 'سرویس بهداشتی - بوستان یاس'}"
103,node,5674418122,35.6181102,51.4055998,"{'addr:street': 'بلوار وصال', 'amenity': 'bus_station', 'bus': 'yes', 'name': 'پایانه شهرک وصال', 'name:en': 'Vasal Town Terminal', 'public_transport': 'station'}"
104,node,5700767403,35.5881943,51.44065,"{'amenity': 'atm', 'currency:IRR': 'yes'}"
105,node,5700807540,35.5781152,51.4542574,"{'amenity': 'place_of_worship', 'name': 'مسجد حضرت سیدالشهدا', 'religion': 'muslim'}"
106,node,5700807548,35.5798433,51.4584184,{'amenity': 'atm'}
107,node,5700807557,35.5832472,51.4519796,"{'addr:city': 'شهر ری', 'addr:street': 'سلمان فارسی', 'amenity': 'taxi'}"
108,node,5700812189,35.5854181,51.4510835,"{'access': 'yes', 'amenity': 'toilets', 'name': 'دستشویی', 'name:en': 'W.C', 'toilets:disposal': 'flush'}"
109,node,5700823718,35.6021279,51.44451,"{'access': 'yes', 'addr:city': 'شهر ری', 'amenity': 'parking', 'name': 'پارکینگ', 'parking': 'surface', 'surface': 'asphalt'}"
110,node,5761024818,35.628216,51.4104066,"{'amenity': 'place_of_worship', 'name': 'مسجد امام رضا', 'religion': 'muslim'}"
111,node,5761026221,35.6278895,51.4107335,"{'amenity': 'restaurant', 'name': 'تالار پذیرایی قصر رضا'}"
112,node,5761034063,35.6252006,51.4114849,"{'amenity': 'atm', 'operator': 'خودپرداز بانک سپه'}"
113,node,5768926534,35.584019,51.4330065,"{'addr:city': 'شهر ری', 'amenity': 'pharmacy', 'healthcare': 'pharmacy', 'name': 'داروخانه هلال احمر'}"
114,node,5769039433,35.5826263,51.4390539,"{'amenity': 'grave_yard', 'name': 'مقبره سه دختران'}"
115,node,5769076766,35.5963184,51.4395393,"{'amenity': 'post_office', 'name': 'اداره پست صدوق'}"
116,node,5769076767,35.5920244,51.4375975,"{'amenity': 'taxi', 'name': 'پایانه تاکسی\u200cرانی میدان شهر ری'}"
117,node,5769076768,35.595956,51.4387782,"{'amenity': 'pharmacy', 'healthcare': 'pharmacy', 'name': 'داروخانه دکتر گودرزی'}"
118,node,5769076769,35.5964772,51.4410236,"{'amenity': 'bus_station', 'bus': 'yes', 'name': 'ایستگاه اتوبوس ورامین', 'public_transport': 'station', 'wheelchair': 'no'}"
119,node,5784724240,35.5782452,51.4544475,"{'addr:city': 'شهر ری', 'addr:street': 'نیلوفر', 'amenity': 'restaurant'}"
120,node,5794431421,35.5898766,51.4275962,"{'amenity': 'fire_station', 'name': 'ایستگاه شماره ۹ آتش نشانی'}"
121,node,5795954260,35.622449,51.4578297,{'amenity': 'waste_disposal'}
122,node,5800411155,35.5771419,51.4216089,"{'amenity': 'bank', 'brand': 'بانک تجارت', 'brand:wikidata': 'Q7695198', 'brand:wikipedia': 'en:Tejarat Bank', 'name': 'بانک تجارت'}"
123,node,5833587374,35.606137,51.413702,"{'access': 'yes', 'addr:street': 'بلوار سیزده آبان', 'amenity': 'toilets'}"
124,node,5959309285,35.6091776,51.4202522,"{'amenity': 'toilets', 'name': 'توالت عمومی'}"
125,node,6051407635,35.5833097,51.4289731,"{'amenity': 'place_of_worship', 'name': 'حسینیه محبّان الحسین (ع'}"
126,node,6063090743,35.6111655,51.4120378,"{'amenity': 'clinic', 'healthcare': 'clinic', 'name': 'مرکز بهداشت عظیم آباد'}"
127,node,6109470792,35.5859902,51.4479854,"{'amenity': 'toilets', 'opening_hours': 'Mo-Su 07:00-22:00'}"
128,node,6120803548,35.6187008,51.4493374,"{'amenity': 'post_office', 'name': 'اداره پست', 'name:en': 'post station'}"
129,node,6120857849,35.6225835,51.4436009,"{'amenity': 'fuel', 'name': 'پمپ بنزین'}"
130,node,6120899410,35.6176952,51.4456226,"{'amenity': 'library', 'name': 'کتابخانه شهید صدوق'}"
131,node,6151888185,35.6118469,51.4384466,"{'amenity': 'bank', 'brand': 'بانک صادرات', 'brand:en': 'Bank Saderat Iran', 'brand:wikidata': 'Q2882608', 'brand:wikipedia': 'en:Bank Saderat Iran', 'name': 'بانک صادرات', 'name:en': 'Bank Saderat Iran'}"
132,node,6151888186,35.6107594,51.4406459,"{'amenity': 'social_facility', 'name': 'بهزیستی ری'}"
133,node,6151888285,35.6104392,51.4424681,"{'amenity': 'bank', 'brand': 'بانک رفاه', 'brand:en': 'Refah Bank', 'brand:wikidata': 'Q7307083', 'brand:wikipedia': 'en:Refah Bank', 'check_date': '2023-09-26', 'name': 'بانک رفاه', 'name:en': 'Refah Bank'}"
134,node,6151888286,35.6102295,51.4432798,"{'amenity': 'bank', 'brand': 'بانک سپه', 'brand:en': 'Bank Sepah', 'brand:wikidata': 'Q2882624', 'brand:wikipedia': 'en:Bank Sepah', 'name': 'بانک سپه', 'name:en': 'Bank Sepah'}"
135,node,6151888385,35.624317,51.4437929,"{'amenity': 'bank', 'brand': 'بانک تجارت', 'brand:wikidata': 'Q7695198', 'brand:wikipedia': 'en:Tejarat Bank', 'name': 'بانک تجارت'}"
136,node,6160829886,35.6054025,51.4134572,"{'amenity': 'police', 'name': 'پایگاه نهم پلیس مبارزه با موادمخدر فاتب'}"
137,node,6276275687,35.6184587,51.4548406,"{'amenity': 'pharmacy', 'healthcare': 'pharmacy', 'name': 'داروخانه ائمه اطهار', 'name:en': 'Aemehathar pharmacy'}"
138,node,6288510240,35.5723807,51.4689347,{'amenity': 'atm'}
139,node,6324898155,35.5727296,51.4688871,"{'amenity': 'taxi', 'name': 'دانشگاه'}"
140,node,6327912931,35.6245442,51.4231461,"{'addr:street': 'برادران باستانی پور', 'amenity': 'clinic', 'healthcare': 'clinic', 'healthcare:speciality': 'general', 'name': 'درمانگاه شهدای علی آباد'}"
141,node,6327912932,35.6245626,51.4238796,"{'addr:postcode': '18377', 'addr:street': 'برادران باستانی پور', 'amenity': 'pharmacy', 'dispensing': 'yes', 'healthcare': 'pharmacy', 'name': 'داروخانه دکتر', 'opening_hours': 'Mo-Su 09:00-21:00'}"
142,node,6381063317,35.584971,51.4358579,"{'amenity': 'place_of_worship', 'name': 'مصلّی شهر ری', 'religion': 'muslim'}"
143,node,6390785360,35.6036281,51.4452009,"{'amenity': 'place_of_worship', 'name': 'مسجد ماشاءالله', 'religion': 'muslim'}"
144,node,6417419785,35.5887147,51.4410266,"{'amenity': 'restaurant', 'name': 'کبابسرای برگ سبز'}"
145,node,6475900352,35.5961947,51.4394393,"{'amenity': 'fast_food', 'cuisine': 'pizza', 'delivery': 'yes', 'drive_through': 'no', 'name': 'پیتزا سیب ۳۶۰', 'phone': '+98 21 5104 8000'}"
146,node,6550896985,35.6157868,51.4297523,{'amenity': 'atm'}
147,node,6693531130,35.6253652,51.4196073,"{'amenity': 'clinic', 'healthcare': 'clinic', 'name': 'درمانگاه شبانه روزی سلیم', 'opening_hours': '24/7'}"
148,node,6726122065,35.5871162,51.4341595,"{'amenity': 'place_of_worship', 'name': 'مسجد باقرالعلوم', 'religion': 'muslim'}"
149,node,7036946031,35.5702615,51.418944,"{'amenity': 'car_wash', 'name': 'کارواش استیم بخار', 'name:en': 'Steam Car Wash', 'phone': '+98 912 379 5525'}"
150,node,7046928236,35.5932964,51.4290602,"{'amenity': 'bank', 'brand': 'بانک کشاورزی', 'brand:en': 'Bank Keshavarzi Iran', 'brand:wikidata': 'Q6395007', 'brand:wikipedia': 'en:Bank Keshavarzi Iran', 'name': 'بانک کشاورزی', 'name:en': 'Bank Keshavarzi Iran'}"
151,node,7063632621,35.59486,51.4459519,"{'amenity': 'place_of_worship', 'name': 'مسجد حضرت ابوالفضل', 'religion': 'muslim'}"
152,node,7224444385,35.5745334,51.466166,"{'amenity': 'cafe', 'name': 'رضا روشن', 'name:en': 'Reza Rooshan'}"
153,node,7254139496,35.6181133,51.4259138,"{'addr:city': 'ری', 'addr:housenumber': '۶۲', 'addr:street': 'محمودزاده', 'amenity': 'car_rental', 'description': 'تاکسی سرویس آلاله', 'name': 'آژانس آلاله', 'opening_hours': 'Mo-Su 08:00-23:00'}"
154,node,7287757870,35.5900167,51.445203,"{'address': '\u202bنبش\u202c \u202bدیلمان\u202c \u202bراه\u202c \u202bسه\u202c \u202bاسالم\u202c \u202bفداییان\u202c \u202bخیابان\u202c \u202bسمیه\u202c \u202bکانون\u202c \u202bجنب\u202c \u202bاشتر\u202c \u202bمالک\u202c', 'amenity': 'clinic', 'disused:amenity': 'clinic', 'healthcare': 'clinic', 'name': 'مرکز بهداشت نیک نژاد', 'phone': '\u202b\u202a36802040\u202c\u202c', 'source': 'map.ir'}"
155,node,7334750695,35.6007165,51.4381628,"{'amenity': 'place_of_worship', 'name': 'مسجد ولیعصر', 'religion': 'muslim'}"
156,node,7334756421,35.5997434,51.4382324,"{'amenity': 'place_of_worship', 'name': 'مسجد الهادی', 'religion': 'muslim'}"
157,node,7448601685,35.6081094,51.4214084,{'amenity': 'toilets'}
158,node,7472289966,35.6051303,51.4347455,"{'amenity': 'cafe', 'name': 'کافه سیاه و سفید'}"
159,node,7559680585,35.6143902,51.4288011,{'amenity': 'waste_basket'}
160,node,7559680586,35.6142589,51.4274977,{'amenity': 'waste_basket'}
161,node,7560045685,35.6160913,51.4218015,"{'addr:city': 'ری', 'addr:housenumber': '453', 'addr:street': 'بلوار دستواره، میدان مادر', 'amenity': 'bus_station', 'bus': 'yes', 'internet_access': 'no', 'name': 'ایستگاه میدان مادر', 'public_transport': 'station', 'website': 'http://bus.tehran.ir'}"
162,node,7560045686,35.6160355,51.42643,"{'amenity': 'bus_station', 'bus': 'yes', 'internet_access': 'no', 'public_transport': 'station', 'website': 'http://bus.tehran.ir'}"
163,node,7570267795,35.5926705,51.4291217,"{'amenity': 'fast_food', 'name': 'فلافل بغداد', 'name:en': 'falafel baghdad'}"
164,node,7572307487,35.610151,51.44355,"{'amenity': 'bench', 'backrest': 'yes'}"
165,node,7572307488,35.6062105,51.4382242,"{'amenity': 'bench', 'backrest': 'yes'}"
166,node,7572307786,35.6107694,51.44112,{'amenity': 'bench'}
167,node,7590804685,35.6040533,51.4382653,{'amenity': 'bench'}
168,node,7772410766,35.6179226,51.4639851,"{'amenity': 'bus_station', 'bus': 'yes', 'name': 'پایانه قدس', 'public_transport': 'station'}"
169,node,7772896325,35.6028312,51.4407713,"{'amenity': 'school', 'name': 'دبستان حضرت زهرا'}"
170,node,7772896328,35.6104416,51.424425,"{'amenity': 'townhall', 'name': 'شهرداری ناحیه دو منطقه بیست'}"
171,node,7772896329,35.5954117,51.4503991,"{'amenity': 'townhall', 'name': 'شهرداری ناحیه یک منطقه بیست'}"
172,node,7772896332,35.6032432,51.4408036,"{'amenity': 'school', 'name': 'دبستان میرزایی'}"
173,node,7772954748,35.6057762,51.4023817,"{'amenity': 'toilets', 'name': 'دستشویی'}"
174,node,7772954749,35.6055669,51.4062862,"{'amenity': 'townhall', 'name': 'شهرداری ناحیه سه منطقه بیست'}"
175,node,7772954754,35.6054466,51.4049004,"{'amenity': 'toilets', 'name': 'دستشویی'}"
176,node,7773105464,35.6138265,51.4043216,"{'amenity': 'place_of_worship', 'name': 'مسجد حضرت ابوالفضل', 'religion': 'muslim'}"
177,node,7773219797,35.5919964,51.4508272,"{'amenity': 'bank', 'name': 'بانک حکمت ایرانیان'}"
178,node,7773219803,35.5907812,51.4512248,"{'amenity': 'school', 'name': 'مدرسه شهید باقری'}"
179,node,7773219808,35.6198025,51.4471545,"{'amenity': 'townhall', 'name': 'شهرداری ناحیه چهار منطقه بیست'}"
180,node,7773219815,35.5911783,51.4503431,"{'amenity': 'school', 'name': 'مدرسه خوارزمی'}"
181,node,7773219821,35.5923763,51.4511375,"{'amenity': 'place_of_worship', 'name': 'مسجد امام زمان', 'religion': 'muslim'}"
182,node,7773219825,35.5911029,51.4512462,"{'amenity': 'school', 'name': 'مدرسه امام علی'}"
183,node,7773219838,35.5896963,51.4526692,"{'amenity': 'townhall', 'name': 'شهرداری ناحیه پنج منطقه بیست'}"
184,node,7773219841,35.5919004,51.4501917,"{'amenity': 'school', 'name': 'مدرسه جواد موفقیان'}"
185,node,7787309007,35.6158749,51.4083185,"{'amenity': 'townhall', 'name': 'شهرداری ناحیه چهار منطقه شانزده'}"
186,node,7787421089,35.6231542,51.4161278,"{'amenity': 'townhall', 'name': 'شهرداری ناحیه پنج منطقه شانزده', 'nat_name': 'شهرداری ناحیه 5 منطقه 16'}"
187,node,7975857891,35.6259613,51.43574,"{'amenity': 'clinic', 'healthcare': 'clinic', 'name': 'درمانگاه آزادگان'}"
188,node,8014089357,35.5882611,51.4314319,{'amenity': 'toilets'}
189,node,8201171130,35.5964473,51.4374643,"{'amenity': 'grave_yard', 'name': 'گلزار شهدای شهر ری'}"
190,node,8246192697,35.6073965,51.414899,"{'amenity': 'place_of_worship', 'religion': 'muslim'}"
191,node,8330739406,35.617783,51.4369098,"{'addr:city': 'شهر ری', 'addr:housenumber': 'بزرگراه آزادگان شرق، فداییان اسلام جنوب، هایپر استار نجم خاورمیانه، باقلوا علی کنتیا', 'addr:street': 'بلوار فداییان اسلام', 'amenity': 'cafe', 'cuisine': 'regional;coffee_shop', 'name': 'کافه باقلوای ترکی علی کنتیا', 'website': 'https://takseen-baklava.com'}"
192,node,8442267498,35.6158465,51.4053146,{'amenity': 'toilets'}
193,node,8442267499,35.6150588,51.4068254,{'amenity': 'toilets'}
194,node,8442267687,35.6183433,51.4054889,{'amenity': 'toilets'}
195,node,8442267688,35.6179702,51.4057385,{'amenity': 'toilets'}
196,node,8549977821,35.5822412,51.4330785,"{'amenity': 'toilets', 'name': 'دستشویی'}"
197,node,8551443632,35.5867717,51.4362165,"{'amenity': 'school', 'name': 'حوزه علمیه برهان'}"
198,node,8551443633,35.5857303,51.4368644,"{'amenity': 'clinic', 'healthcare': 'clinic', 'name': 'دارالشفاء کوثر'}"
199,node,8551443634,35.5861074,51.4370436,"{'amenity': 'restaurant', 'name': 'دارالضیافه'}"
200,node,8561655592,35.58575,51.4366504,"{'amenity': 'toilets', 'name': 'سرویس بهداشتی'}"
201,node,8565839855,35.6045481,51.4433254,"{'amenity': 'place_of_worship', 'name': 'مسجد علی ابن ابیطالب', 'religion': 'muslim'}"
202,node,8772274558,35.6055038,51.4469045,"{'amenity': 'clinic', 'healthcare': 'clinic', 'name': 'درمانگاه شهدای شهر ری'}"
203,node,8778795127,35.5909773,51.4483575,"{'amenity': 'clinic', 'healthcare': 'clinic', 'name': 'مرکز سلامت ظهیرآباد'}"
204,node,8778820523,35.6088542,51.426017,"{'amenity': 'clinic', 'healthcare': 'clinic', 'name': 'مرکز سلامت جامعه مبارکی'}"
205,node,8786409174,35.6184574,51.4537798,"{'amenity': 'clinic', 'healthcare': 'clinic', 'name': 'مرکز بهداشت شهید یغماییان'}"
206,node,8786418715,35.597802,51.4397532,"{'amenity': 'clinic', 'healthcare': 'clinic', 'name': 'مرکز بهداشت شهید جمالی'}"
207,node,8837855695,35.6094322,51.436608,"{'amenity': 'place_of_worship', 'religion': 'muslim'}"
208,node,8837855703,35.6114901,51.4199603,"{'amenity': 'bus_station', 'name': 'پایانه مترو جوانمرد قصاب'}"
209,node,8837855704,35.6090046,51.4356679,"{'amenity': 'place_of_worship', 'name': 'مسجد جامع منصوریه', 'religion': 'muslim'}"
210,node,8862197226,35.6267327,51.4230125,{'amenity': 'toilets'}
211,node,8996599230,35.6029232,51.4315143,"{'addr:city': 'شهر ری', 'addr:housenumber': '160', 'addr:street': 'بلوار امام حسین', 'amenity': 'cafe', 'cuisine': 'coffee_shop', 'delivery': 'yes', 'name': 'Havana Coffee', 'name:fa': 'قهوه هاوانا', 'opening_hours': 'Mo-Su 09:00-23:00', 'outdoor_seating': 'no', 'payment:cash': 'yes', 'payment:debit_cards': 'yes', 'takeaway': 'yes', 'website': 'Instagram.com/havanacoffee1'}"
212,node,9012598255,35.5905546,51.439327,"{'addr:city': 'شهر ری', 'addr:housenumber': 'کوچه مرتضی قلی(کاشانی)پلاک 1 طبقه 1 واحد 1', 'addr:street': 'زکریا رازی (24 متری)', 'amenity': 'doctors', 'description': 'پزشک پوست و مو و زیبایی\nتلفن :\n02155908320\n02155933503\n09391700768', 'healthcare': 'doctor', 'healthcare:speciality': 'dermatology;medicine;medical_center', 'name': 'دکتر رضا آقاجانی پوست مو زیبایی', 'operator': 'دکتر رضا آقاجانی'}"
213,node,9013026564,35.6254109,51.4198088,"{'amenity': 'pharmacy', 'healthcare': 'pharmacy', 'name': 'داروخانه شبانه روزی کنگری'}"
214,node,9059623381,35.5847377,51.47154,"{'amenity': 'school', 'name': 'دبیرستان دخترانه معاد'}"
215,node,9059623382,35.5849543,51.4709697,"{'amenity': 'place_of_worship', 'name': 'مسجد ولیعصر', 'religion': 'muslim'}"
216,node,9060127385,35.6076853,51.412943,"{'amenity': 'pharmacy', 'healthcare': 'pharmacy'}"
217,node,9123056118,35.6174371,51.4039873,"{'amenity': 'restaurant', 'name': 'پخش گوشت و مرغ پدیده (وصال)'}"
218,node,9196946779,35.6063325,51.4132865,"{'addr:housenumber': '6', 'addr:street': 'تهران، خ شهید رجایی، شهرک سیزده آبان، جنب بانک صادرات', 'amenity': 'restaurant', 'brand': 'Kiloofood', 'cuisine': 'burger;sandwich;chicken;kebab;fish_and_chips', 'delivery': 'yes', 'diet:halal': 'yes', 'diet:healthy': 'yes', 'diet:meat': 'yes', 'name': 'کیلوفود', 'opening_hours': 'Mo-Su 11:00-23:00', 'outdoor_seating': 'yes', 'phone': '+982155500644', 'takeaway': 'only', 'website': 'https://kiloofood.com'}"
219,node,9311669792,35.6181856,51.4547596,"{'amenity': 'school', 'name': 'مدرسه مهرگان'}"
220,node,9311669793,35.6171059,51.452614,"{'amenity': 'clinic', 'healthcare': 'clinic', 'name': 'مرکز بهداشت دولت آباد'}"
221,node,9311761164,35.6147253,51.4590612,"{'amenity': 'toilets', 'name': 'دستشویی'}"
222,node,9311789126,35.6182153,51.4444075,"{'amenity': 'restaurant', 'name': 'تالار مجلل داریوش'}"
223,node,9311790518,35.6051396,51.4488109,{'amenity': 'toilets'}
224,node,9314375026,35.5899301,51.4456364,"{'amenity': 'school', 'name': 'مدرسه میرداماد'}"
225,node,9387404573,35.5912493,51.4427748,"{'addr:city': 'شهر ری', 'addr:housenumber': '256', 'addr:street': 'زکریای رازی', 'amenity': 'music_school', 'name': 'آموزشگاه موسیقی ماه و هور', 'opening_hours': 'Sa-Th 09:00-20:00', 'phone': '+ 982155971882'}"
226,node,9394235704,35.613511,51.4527176,"{'amenity': 'clinic', 'name': 'درمانگاه خیریه حضرت علی\u200cاصغر'}"
227,node,9401818598,35.6168676,51.4128921,{'amenity': 'taxi'}
228,node,9414659457,35.5949521,51.4273823,"{'amenity': 'atm', 'not:brand:wikidata': 'Q5938144', 'operator': 'بانک آینده'}"
229,node,9473824587,35.5697166,51.4680953,"{'amenity': 'community_centre', 'name': 'مرکز فرهنگی کوثر'}"
230,node,9473980120,35.5949352,51.4477542,"{'amenity': 'place_of_worship', 'name': 'مسجد لنجوانیها', 'religion': 'muslim'}"
231,node,9473984601,35.5853551,51.4259186,{'amenity': 'toilets'}
232,node,9481775520,35.6086153,51.4069325,{'amenity': 'toilets'}
233,node,9481775524,35.6083215,51.407023,"{'amenity': 'place_of_worship', 'name': 'حسینیه حضرت علی اصغر'}"
234,node,9481775539,35.6066682,51.4065156,"{'amenity': 'school', 'name': 'مدرسه راهنمایی شهادت'}"
235,node,9481775561,35.6139395,51.4036386,"{'amenity': 'school', 'name': 'مدرسه ایت الله بهجت'}"
236,node,9481775563,35.6042635,51.403747,{'amenity': 'toilets'}
237,node,9481796545,35.6022997,51.4343651,"{'amenity': 'school', 'name': 'دبیرستان مصلی\u200cنژاد'}"
238,node,9481796556,35.6028701,51.4344949,"{'amenity': 'clinic', 'healthcare': 'clinic', 'name': 'درمانگاه نبوی'}"
239,node,9481796569,35.6019317,51.4329261,"{'amenity': 'school', 'name': 'هنرستان مصلی نژاد'}"
240,node,9482042385,35.6157728,51.4063596,"{'amenity': 'place_of_worship', 'name': 'مسجد عباس ابن علی', 'religion': 'muslim'}"
241,node,9482270358,35.6260229,51.4138545,"{'amenity': 'place_of_worship', 'name': 'مسجد امام رضا', 'religion': 'muslim'}"
242,node,9482270360,35.6270488,51.4135255,"{'amenity': 'school', 'name': 'دبیرستان پسرانه نیمه شعبان'}"
243,node,9482270382,35.6258136,51.4130732,{'amenity': 'school'}
244,node,9482270394,35.6258965,51.4135273,"{'amenity': 'school', 'name': 'دبستان دخترانه شمس فرد'}"
245,node,9482270395,35.6263818,51.413277,"{'amenity': 'school', 'name': 'مدرسه سوم شعبان'}"
246,node,9482270401,35.625323,51.4128712,"{'amenity': 'school', 'name': 'هنرستان دخترانه الزهرا'}"
247,node,9484377706,35.5787996,51.4183867,"{'amenity': 'school', 'name': 'دبیرستان پسرانه جواد ائمه'}"
248,node,9484470431,35.5807898,51.4197847,"{'amenity': 'clinic', 'healthcare': 'clinic', 'name': 'پایگاه بهداشت ولی آباد بهشتی'}"
249,node,9886009202,35.5909547,51.4382024,"{'addr:city': 'شهر ری', 'addr:housenumber': '449', 'addr:postcode': '18499', 'addr:street': 'بیات', 'amenity': 'fast_food', 'cuisine': 'pizza;burger;sandwich', 'diet:halal': 'yes', 'drive_through': 'yes', 'name': 'فست فود هیلا', 'name:en': 'Fast Food Hila', 'name:fa': 'فست فود هیلا', 'opening_hours': '12:00-24:00', 'operator': 'Hamid heidari', 'phone': '+982155900201'}"
250,node,9897506149,35.5990582,51.4345255,"{'amenity': 'school', 'name': 'مدرسه ابتدایی پسرانه پیامبر'}"
251,node,9942452778,35.6069932,51.4451508,"{'amenity': 'toilets', 'name': 'سرویس بهداشتی'}"
252,node,9997624357,35.5854328,51.4490309,"{'amenity': 'food_court', 'name': 'فود کورت ری لند'}"
253,node,10123477008,35.5712967,51.4565679,"{'amenity': 'restaurant', 'name': 'سرای سنتی قابلی پلو (شعبه دوم)'}"
254,node,10174109809,35.6031485,51.4136389,{'amenity': 'toilets'}
255,node,10174115419,35.5911003,51.4418751,"{'amenity': 'bank', 'brand': 'بانک ملت', 'brand:en': 'Bank Mellat', 'brand:wikidata': 'Q4855944', 'name': 'بانک ملت', 'name:en': 'Bank Mellat'}"
256,node,10174115423,35.5916782,51.4435143,"{'amenity': 'bank', 'brand': 'بانک سامان', 'brand:en': 'Saman Bank', 'brand:wikidata': 'Q4117676', 'name': 'بانک سامان', 'name:en': 'Saman Bank'}"
257,node,10174115429,35.5916143,51.443182,"{'amenity': 'bank', 'brand': 'بانک شهر', 'brand:en': 'Shahr Bank', 'brand:fa': 'بانک شهر', 'brand:wikidata': 'Q5941033', 'name': 'بانک شهر', 'name:en': 'Shahr Bank', 'name:fa': 'بانک شهر'}"
258,node,10174115430,35.5917601,51.4480745,"{'amenity': 'bank', 'brand': 'بانک ملی', 'brand:en': 'Bank Melli Iran', 'brand:wikidata': 'Q806640', 'name': 'بانک ملی', 'name:en': 'Bank Melli Iran'}"
259,node,10177816984,35.5921617,51.4361202,"{'addr:city': 'شهر ری', 'addr:housenumber': '33', 'addr:street': 'مصطفی قدمی', 'amenity': 'doctors', 'contact:instagram': 'https://www.instagram.com/drmoghimiorthoped/', 'healthcare': 'doctor', 'healthcare:speciality': 'متخصص_ارتوپدی;orthopedic_specialist', 'level': '1', 'name': 'دکتر محمدرضا مقیمی', 'opening_hours': 'sa-th 18:00-21:00', 'phone': '+989123838809', 'website': 'https://www.dr-moghimi.com/'}"
260,node,10178160224,35.6192958,51.4558229,"{'addr:city': 'شهر ری', 'addr:housenumber': '27', 'addr:street': 'علیزاده', 'amenity': 'doctors', 'contact:instagram': 'drzahrasotoudeh/', 'healthcare': 'doctor', 'healthcare:speciality': 'gynaecology', 'name': 'دکتر زهرا ستوده', 'phone': '+982133765350', 'website': 'https://drsotoudeh.com/'}"
261,node,10178216106,35.5913508,51.4415225,"{'addr:city': 'شهر ری', 'addr:street': 'بیات', 'amenity': 'doctors', 'contact:aparat': 'https://www.aparat.com/dr.mahdian', 'contact:instagram': 'https://www.instagram.com/dr.azadeh.mahdian/', 'email': 'info@drmahdian.com', 'healthcare': 'doctor', 'healthcare:speciality': 'متخصص_زنان_زایمان_نازایی;متخصص_جراحی_زیبایی_زنان;متخصص_زنان;متخصص_نازایی;gynecologist', 'level': '4', 'name': 'دکتر آزاده مهدیان', 'name:en': 'Dr. Azade Mahdian', 'opening_hours': 'Sa,Su 10:00-18:00', 'phone': '+989920103992', 'website': 'https://drmahdian.com'}"
262,node,10225616216,35.5906714,51.436594,"{'addr:city': 'شهر ری', 'amenity': 'internet_cafe', 'name': 'کافی نت سعید', 'operator': 'سعید احمدیان'}"
263,node,10284252903,35.6042465,51.4261946,"{'amenity': 'fast_food', 'name': 'فست فود ترافیک'}"
264,node,10285914710,35.5856959,51.4408411,"{'addr:city': 'شهر ری', 'addr:street': 'میدان قشقایی', 'amenity': 'pharmacy', 'healthcare': 'pharmacy', 'name': 'داروخانه طوبی(دکتر محمدپور)', 'opening_hours': 'Mo-Sa 09:00-22:00', 'operator': 'حمیده محمدپور'}"
265,node,10559098280,35.5982578,51.4337879,"{'amenity': 'school', 'name': 'پژوهشگاه بصیرت'}"
266,node,10559108249,35.5988859,51.4345658,"{'amenity': 'school', 'name': 'دبستان طواف-معماریان'}"
267,node,10878205241,35.5910704,51.4213428,{'amenity': 'toilets'}
268,node,10902724888,35.5903496,51.4349041,"{'amenity': 'place_of_worship', 'name': 'مسجد الرضا', 'religion': 'muslim'}"
269,node,11043130039,35.6187302,51.45579,"{'amenity': 'doctors', 'healthcare': 'doctor', 'healthcare:speciality': 'radiology', 'name': 'رادیولوژی و سونوگرافی اطلس', 'opening_hours': '09:00-20:30'}"
270,node,11062534187,35.5942772,51.4428656,"{'amenity': 'doctors', 'healthcare': 'doctor', 'name': 'دکتر نرگس مهرابی'}"
271,node,11199258885,35.6186311,51.448439,"{'amenity': 'ice_cream', 'name': 'بستنی نعمت دولت آباد'}"
272,node,11219377035,35.611128,51.4432183,{'amenity': 'bench'}
273,node,11219379326,35.6104173,51.4422451,"{'amenity': 'bank', 'atm': 'yes', 'brand': 'بانک سینا', 'brand:en': 'Sina Bank', 'brand:wikidata': 'Q10860246', 'name': 'بانک سینا', 'name:en': 'Sina Bank'}"
274,node,11219386876,35.611217,51.4432426,{'amenity': 'bench'}
275,node,11219397693,35.6110702,51.4430972,"{'addr:housenumber': '36', 'amenity': 'language_school', 'name': 'مرکز آموزشی زبان\u200cهای خارجی کلام', 'phone': '+982133381000'}"
276,node,11219402638,35.6110152,51.4434157,"{'amenity': 'bus_station', 'bus': 'yes', 'public_transport': 'station'}"
277,node,11227843938,35.5825428,51.4453807,"{'amenity': 'atm', 'opening_hours': '24/7'}"
278,node,11227844637,35.5814368,51.4444828,"{'amenity': 'atm', 'opening_hours': '24/7'}"
279,node,11343576640,35.6182126,51.4478266,"{'amenity': 'fast_food', 'name': 'سوخاری یاس چیکن'}"
280,node,11377482791,35.6188456,51.4491101,"{'amenity': 'doctors', 'name': 'مطب دکتر چراغچی'}"
281,node,11403869119,35.5825662,51.433833,{'amenity': 'toilets'}
282,node,11521374873,35.6231481,51.4474686,"{'amenity': 'fast_food', 'name': 'فست\u200cفود زنجیره\u200cای ویکو (دولت آباد)'}"
283,node,11521376359,35.6235107,51.447381,"{'amenity': 'restaurant', 'name': 'گاص شاورما'}"
284,node,11523740146,35.6235442,51.4348451,"{'amenity': 'restaurant', 'name': 'سرای سنتی کیان', 'opening_hours': '08:00-23:00', 'phone': '۰۹۱۲۷۰۶۳۱۷۰'}"
285,node,11524126769,35.6069778,51.4448693,"{'addr:city': 'شهر ری', 'addr:housenumber': '۱۹', 'addr:postcode': '1863746855', 'addr:street': 'بیست و دوم بهمن', 'amenity': 'cafe', 'internet_access': 'no', 'name': 'سورنا', 'outdoor_seating': 'yes', 'website': 'نه'}"
