,type,id,lat,lon,tags
0,node,3227859460,35.6280747,51.4212564,"{'amenity': 'place_of_worship', 'name': 'حضرت علی بن ابی طالب', 'religion': 'muslim'}"
1,node,4160630590,35.6327143,51.4361034,"{'amenity': 'bank', 'branch': 'فدک', 'brand': 'بانک ملی', 'brand:en': 'Bank Melli Iran', 'brand:wikidata': 'Q806640', 'brand:wikipedia': 'en:Bank Melli Iran', 'name': 'بانک ملی', 'name:en': 'Bank Melli Iran'}"
2,node,4217392204,35.6579598,51.389836,"{'addr:city': 'تهران', 'amenity': 'place_of_worship', 'denomination': 'shia', 'name': 'مسجد امام حسین', 'religion': 'muslim'}"
3,node,4235166496,35.6325819,51.4234383,"{'amenity': 'fuel', 'name': 'پمپ گاز ابریشم', 'surface': 'concrete'}"
4,node,4240926249,35.6555581,51.3938056,"{'addr:city': 'تهران', 'amenity': 'place_of_worship', 'denomination': 'shia', 'name': 'مسجد حضرت زهرا', 'name:fa': 'Hazrat Zahra Mosque', 'religion': 'muslim'}"
5,node,4240927589,35.6560224,51.3848685,"{'addr:city': 'تهران', 'amenity': 'place_of_worship', 'denomination': 'shia', 'name': 'مسجد سیدالشهدا', 'religion': 'muslim'}"
6,node,4245557920,35.6535453,51.3940632,"{'addr:city': 'تهران', 'amenity': 'place_of_worship', 'name': 'مسجد حضرت ابوالفضل', 'name:fa': 'Hazrat Abolfazl Mosque', 'religion': 'muslim'}"
7,node,4245594740,35.6561721,51.3869528,"{'addr:city': 'تهران', 'amenity': 'place_of_worship', 'denomination': 'shia', 'name': 'مسجد اصغریه', 'religion': 'muslim'}"
8,node,4245606780,35.653019,51.3865034,"{'addr:city': 'تهران', 'amenity': 'place_of_worship', 'denomination': 'shia', 'name': 'مسجد قائم', 'religion': 'muslim'}"
9,node,4245614364,35.65563,51.3837046,"{'amenity': 'school', 'name': 'دبستان هابیل', 'name:en': 'Habil primary school'}"
10,node,4245614370,35.6555281,51.3834494,"{'addr:city': 'تهران', 'amenity': 'school', 'name': 'دبستان هاجر', 'name:en': 'Hajar primary school'}"
11,node,4245699941,35.655846,51.3874493,"{'addr:street': 'بیست متری جوادیه', 'amenity': 'bank', 'atm': 'yes', 'branch': 'جوادیه', 'brand': 'بانک کشاورزی', 'brand:en': 'Bank Keshavarzi Iran', 'brand:wikidata': 'Q6395007', 'brand:wikipedia': 'en:Bank Keshavarzi Iran', 'name': 'بانک کشاورزی', 'name:en': 'Bank Keshavarzi Iran'}"
12,node,4245723665,35.6557646,51.3872634,"{'addr:street': 'بیست متری جوادیه', 'amenity': 'bank', 'atm': 'yes', 'branch': 'جوادیه - کد ۳۵۱', 'brand': 'بانک پاسارگاد', 'brand:en': 'Bank Pasargad', 'brand:wikidata': 'Q4855962', 'brand:wikipedia': 'en:Bank Pasargad', 'name': 'بانک پاسارگاد', 'name:en': 'Bank Pasargad', 'opening_hours': 'Sa-Th 08:00-14:00'}"
13,node,4245731785,35.6556084,51.3876135,"{'addr:city': 'تهران', 'amenity': 'bank', 'atm': 'yes', 'branch': 'جوادیه', 'brand': 'بانک ایران زمین', 'brand:wikidata': 'Q5934423', 'brand:wikipedia': 'en:Iran Zamin Bank', 'name': 'بانک ایران زمین', 'name:en': 'Iran Zamin Bank'}"
14,node,4245734630,35.6541108,51.3886987,"{'addr:city': 'تهران', 'amenity': 'bank', 'atm': 'yes', 'brand': 'بانک صادرات', 'brand:en': 'Bank Saderat Iran', 'brand:wikidata': 'Q2882608', 'brand:wikipedia': 'en:Bank Saderat Iran', 'name': 'بانک صادرات', 'name:en': 'Bank Saderat Iran'}"
15,node,4245740615,35.6537523,51.3886819,"{'addr:city': 'تهران', 'amenity': 'pharmacy', 'healthcare': 'pharmacy', 'name': 'داروخانه جوادیه'}"
16,node,4245744331,35.6548799,51.3881122,"{'addr:city': 'تهران', 'amenity': 'pharmacy', 'healthcare': 'pharmacy', 'name': 'داروخانه فاطمی'}"
17,node,4245753517,35.6526135,51.3925108,"{'addr:city': 'تهران', 'alt_name': 'داروخانه شبانه\u200cروزی میثاق)', 'amenity': 'pharmacy', 'healthcare': 'pharmacy', 'name': 'داروخانه شبانه\u200cروزی میثاق', 'name:en': 'Misaagh Drugstore', 'opening_hours': '24/7'}"
18,node,4245934997,35.6574515,51.38397,"{'addr:city': 'تهران', 'amenity': 'pharmacy', 'healthcare': 'pharmacy', 'name': 'داروخانه شبانه\u200cروزی امیدنو', 'name:en': 'Pharmacy', 'opening_hours': '24/7'}"
19,node,4296125959,35.6439548,51.4227984,"{'amenity': 'place_of_worship', 'building': 'mosque', 'denomination': 'shia', 'name': 'مسجد حضرت موسی بن جعفر', 'religion': 'muslim'}"
20,node,4299948724,35.6186846,51.4361775,"{'amenity': 'fountain', 'name': 'فواره های فروشگاه نجم'}"
21,node,4319674033,35.6594741,51.3942434,"{'addr:street': 'خطیب', 'amenity': 'kindergarten', 'name': 'مهدکودک پرهام'}"
22,node,4320615131,35.6556914,51.3841869,"{'addr:city': 'تهران', 'alt_name': 'شربیانی ها', 'amenity': 'place_of_worship', 'denomination': 'shia', 'name': 'مسجد سیدالشهدا', 'religion': 'muslim'}"
23,node,4353445389,35.631525,51.41822,"{'amenity': 'cafe', 'name': 'سفره خانه سنتی نار و نی', 'name:en': 'Nar o ney cafe'}"
24,node,4364234639,35.6477274,51.3993574,"{'amenity': 'bank', 'brand': 'بانک ملت', 'brand:en': 'Bank Mellat', 'brand:wikidata': 'Q4855944', 'brand:wikipedia': 'en:Bank Mellat', 'name': 'بانک ملت', 'name:en': 'Bank Mellat'}"
25,node,4375940091,35.624437,51.3991361,"{'amenity': 'bank', 'branch': 'دانشکده فنی و حرفه ای شریعتی', 'brand': 'بانک ملی', 'brand:en': 'Bank Melli Iran', 'brand:wikidata': 'Q806640', 'brand:wikipedia': 'en:Bank Melli Iran', 'name': 'بانک ملی', 'name:en': 'Bank Melli Iran', 'phone': '+98 21 5501 2800'}"
26,node,4384853991,35.6374781,51.4107307,"{'amenity': 'ice_cream', 'name': 'بستنی فروشی'}"
27,node,4384857617,35.6330545,51.4179169,"{'amenity': 'bank', 'brand': 'بانک صادرات', 'brand:en': 'Bank Saderat Iran', 'brand:wikidata': 'Q2882608', 'brand:wikipedia': 'en:Bank Saderat Iran', 'name': 'بانک صادرات', 'name:en': 'Bank Saderat Iran'}"
28,node,4384879895,35.6302837,51.4133586,"{'amenity': 'pharmacy', 'dispensing': 'yes', 'healthcare': 'pharmacy', 'name': 'داروخانه طاهر'}"
29,node,4440906784,35.6557317,51.4304083,"{'amenity': 'restaurant', 'name': 'رستوران بابا حاجی'}"
30,node,4444652290,35.6375318,51.3989029,"{'amenity': 'fast_food', 'name': 'فلافل سلف سرویس مامان جون', 'name:en': 'Maman Joon fast food', 'self_service': 'yes'}"
31,node,4454781955,35.6329283,51.4063512,"{'amenity': 'bank', 'brand': 'بانک شهر', 'brand:en': 'Shahr Bank', 'brand:fa': 'بانک شهر', 'brand:wikidata': 'Q5941033', 'name': 'بانک شهر', 'name:en': 'Shahr Bank', 'name:fa': 'بانک شهر'}"
32,node,4485601406,35.6352133,51.3870987,"{'amenity': 'bank', 'brand': 'بانک سرمایه', 'brand:en': 'Sarmayeh Bank', 'brand:wikidata': 'Q7424291', 'brand:wikipedia': 'en:Sarmayeh Bank', 'name': 'بانک سرمایه', 'name:en': 'Sarmayeh Bank'}"
33,node,4485612184,35.6348023,51.3858566,"{'amenity': 'bank', 'brand': 'بانک صادرات', 'brand:en': 'Bank Saderat Iran', 'brand:wikidata': 'Q2882608', 'brand:wikipedia': 'en:Bank Saderat Iran', 'name': 'بانک صادرات', 'name:en': 'Bank Saderat Iran'}"
34,node,4561676781,35.645499,51.4090791,{'amenity': 'toilets'}
35,node,4561850500,35.640617,51.4204254,"{'amenity': 'hospital', 'healthcare': 'hospital', 'name': 'ساختمان شماره ۳ بیمارستان'}"
36,node,4570265360,35.6169914,51.412576,"{'amenity': 'toilets', 'fee': 'no'}"
37,node,4571337161,35.6536336,51.3902392,"{'addr:city': 'تهران', 'amenity': 'place_of_worship', 'denomination': 'shia', 'name': 'مسجد محمدیه', 'religion': 'muslim'}"
38,node,4576323793,35.6276295,51.4000443,"{'addr:housenumber': '270', 'addr:postcode': '+98021', 'addr:street': 'بهمنیار', 'amenity': 'post_office', 'email': 'alikarimi7895278952@gmail.com', 'internet_access': 'wlan', 'name': 'قنادی نشاط', 'name:en': 'Neshat confectionary', 'opening_hours': 'Mo-Su 08:00-23:00', 'phone': '+98 21 5510 2767'}"
39,node,4583540103,35.6564801,51.4292515,"{'amenity': 'bank', 'brand': 'بانک سپه', 'brand:en': 'Bank Sepah', 'brand:wikidata': 'Q2882624', 'brand:wikipedia': 'en:Bank Sepah', 'name': 'بانک سپه', 'name:en': 'Bank Sepah'}"
40,node,4583540107,35.6569894,51.4295219,"{'amenity': 'bank', 'brand': 'بانک ملی', 'brand:en': 'Bank Melli Iran', 'brand:wikidata': 'Q806640', 'brand:wikipedia': 'en:Bank Melli Iran', 'name': 'بانک ملی', 'name:en': 'Bank Melli Iran'}"
41,node,4583540115,35.6565866,51.4304934,"{'amenity': 'bank', 'brand': 'بانک پارسیان', 'brand:en': 'Parsian Bank', 'brand:wikidata': 'Q2410404', 'brand:wikipedia': 'en:Parsian Bank', 'name': 'بانک پارسیان', 'name:en': 'Parsian Bank'}"
42,node,4587177090,35.6376809,51.4079495,"{'amenity': 'atm', 'operator': 'خرید'}"
43,node,4594529165,35.638547,51.4346635,"{'amenity': 'fuel', 'name': 'پمپ بنزین'}"
44,node,4693535116,35.6563352,51.3868483,"{'addr:city': 'تهران', 'amenity': 'clinic', 'healthcare': 'clinic', 'name': 'درمانگاه مهزیار'}"
45,node,4693535118,35.6559421,51.387139,"{'amenity': 'pharmacy', 'healthcare': 'pharmacy', 'name': 'داروخانه هیربد'}"
46,node,4693535119,35.6528584,51.3895925,"{'addr:city': 'تهران', 'amenity': 'bank', 'brand': 'بانک ملی', 'brand:en': 'Bank Melli Iran', 'brand:wikidata': 'Q806640', 'brand:wikipedia': 'en:Bank Melli Iran', 'name': 'بانک ملی', 'name:en': 'Bank Melli Iran'}"
47,node,4760693634,35.6405628,51.400105,{'amenity': 'atm'}
48,node,4762996491,35.6399367,51.4111283,"{'addr:street': 'شهید رجایی', 'amenity': 'clinic', 'healthcare': 'clinic', 'name': 'درمانگاه ۱۳ آبان'}"
49,node,4781484527,35.6302639,51.4342413,"{'amenity': 'events_venue', 'name': 'تالار عروسی'}"
50,node,4789288222,35.6368285,51.3980966,{'amenity': 'atm'}
51,node,4958025885,35.6516405,51.4210547,"{'amenity': 'place_of_worship', 'name': 'مسجد قدس', 'religion': 'muslim'}"
52,node,5042836022,35.6290027,51.410516,"{'amenity': 'car_wash', 'name': 'کارواش بزرگ ستاره'}"
53,node,5047317824,35.6541281,51.4160771,"{'amenity': 'bus_station', 'bus': 'yes', 'name': 'شوش', 'public_transport': 'station'}"
54,node,5048107121,35.6407496,51.4145559,"{'amenity': 'bus_station', 'bus': 'yes', 'name': 'شهید بخاری', 'public_transport': 'station'}"
55,node,5115935025,35.6181161,51.4203813,{'amenity': 'toilets'}
56,node,5136117958,35.6361857,51.399759,"{'amenity': 'place_of_worship', 'name': 'حسینیه جوانان حسین ابن علی', 'religion': 'muslim'}"
57,node,5149058945,35.6521238,51.3912194,"{'amenity': 'post_office', 'name': 'دفتر پست', 'name:en': 'Post Station'}"
58,node,5161049822,35.6431321,51.4217254,"{'addr:street': 'فلکه اول خزانه', 'amenity': 'bank', 'brand': 'بانک مسکن', 'brand:en': 'Bank Maskan', 'brand:wikidata': 'Q4855942', 'brand:wikipedia': 'en:Bank Maskan', 'name': 'بانک مسکن', 'name:en': 'Bank Maskan'}"
59,node,5161049823,35.6432115,51.4216461,"{'amenity': 'pharmacy', 'healthcare': 'pharmacy', 'name': 'داروخانه'}"
60,node,5180656934,35.6207175,51.3919091,"{'amenity': 'college', 'name': 'دانشکده تربیت بدنی دانشگاه آزاد واحد جنوب تهران', 'name:en': 'Islamic Azad University South Tehran Branch Faculty of Physical and Education and Sport Sciences'}"
61,node,5180687929,35.6502258,51.4200862,"{'amenity': 'police', 'name': 'کلانتری ۲۰۸ پایانه جنوب'}"
62,node,5183222710,35.6497933,51.4202828,{'amenity': 'restaurant'}
63,node,5183222788,35.6514417,51.4188025,"{'amenity': 'bus_station', 'bus': 'yes', 'name': 'سامانه ۴ تندرو پایانه جنوب- پایانه افشار', 'public_transport': 'station'}"
64,node,5233427251,35.6324291,51.4236673,"{'amenity': 'fuel', 'name': 'پمپ بنزین ابریشم', 'surface': 'concrete'}"
65,node,5273102202,35.6319175,51.4096041,"{'amenity': 'place_of_worship', 'name': 'مسجد اباعبدالله', 'religion': 'muslim'}"
66,node,5300199021,35.6370436,51.401869,"{'amenity': 'bank', 'brand': 'بانک پاسارگاد', 'brand:en': 'Bank Pasargad', 'brand:wikidata': 'Q4855962', 'brand:wikipedia': 'en:Bank Pasargad', 'name': 'بانک پاسارگاد', 'name:en': 'Bank Pasargad'}"
67,node,5300201322,35.6388209,51.3986021,"{'amenity': 'bank', 'brand': 'بانک صادرات', 'brand:en': 'Bank Saderat Iran', 'brand:fa': 'بانک صادرات', 'brand:wikidata': 'Q2882608', 'brand:wikipedia': 'en:Bank Saderat Iran', 'name': 'بانک صادرات', 'name:en': 'Bank Saderat Iran', 'name:fa': 'بانک صادرات'}"
68,node,5300201323,35.6397779,51.3988026,"{'amenity': 'bank', 'brand': 'بانک ملی', 'brand:en': 'Bank Melli Iran', 'brand:wikidata': 'Q806640', 'brand:wikipedia': 'en:Bank Melli Iran', 'name': 'بانک ملی', 'name:en': 'Bank Melli Iran'}"
69,node,5320260623,35.6391814,51.395045,{'amenity': 'atm'}
70,node,5332333721,35.6376458,51.3975751,{'amenity': 'atm'}
71,node,5340521805,35.6535009,51.3952248,"{'addr:city': 'تهران', 'amenity': 'food_court', 'name': 'جگرسرا'}"
72,node,5340521806,35.653453,51.3952593,"{'amenity': 'food_court', 'name': 'جگرسرا'}"
73,node,5340521807,35.653415,51.3952878,"{'amenity': 'food_court', 'name': 'جگرسرا'}"
74,node,5340521808,35.6542425,51.3947169,"{'addr:city': 'تهران', 'amenity': 'food_court', 'name': 'جگرسرا'}"
75,node,5340521809,35.6541893,51.3947519,"{'amenity': 'food_court', 'name': 'جگرسرا'}"
76,node,5340521810,35.6541457,51.3947753,"{'amenity': 'food_court', 'name': 'جگرسرا'}"
77,node,5340521811,35.6549847,51.3942036,"{'addr:city': 'تهران', 'amenity': 'food_court', 'name': 'جگرسرا'}"
78,node,5340521812,35.6549106,51.3942546,"{'amenity': 'food_court', 'name': 'جگرسرا'}"
79,node,5340521813,35.6543919,51.3946221,"{'amenity': 'food_court', 'name': 'جگرسرا'}"
80,node,5340521814,35.6551918,51.3940642,"{'amenity': 'food_court', 'name': 'جگرسرا'}"
81,node,5340521815,35.6554467,51.3938845,"{'amenity': 'food_court', 'name': 'جگرسرا'}"
82,node,5340521816,35.654843,51.3943002,"{'amenity': 'food_court', 'name': 'جگرسرا'}"
83,node,5561369924,35.637478,51.4348101,"{'amenity': 'fuel', 'name': 'جایگاه CNG فدایان اسلام', 'name:en': 'CNG'}"
84,node,5569083637,35.6356557,51.4011425,"{'amenity': 'toilets', 'operator': 'پارک ۱۷ شهریور'}"
85,node,5569161048,35.6231965,51.4154465,"{'amenity': 'toilets', 'unisex': 'yes'}"
86,node,5569161049,35.625075,51.4113092,"{'amenity': 'toilets', 'unisex': 'yes'}"
87,node,5569161050,35.6249735,51.4115301,"{'amenity': 'pharmacy', 'dispensing': 'yes', 'healthcare': 'pharmacy', 'name': 'داروخانه'}"
88,node,5569161051,35.6250867,51.411495,"{'amenity': 'clinic', 'healthcare': 'clinic', 'name': 'درمانگاه شبانه روزی اتکا'}"
89,node,5569161053,35.6252792,51.4196192,"{'addr:street': 'بلوار دستواره', 'amenity': 'pharmacy', 'dispensing': 'yes', 'healthcare': 'pharmacy', 'name': 'داروخانه شبانه روزی سلیم', 'opening_hours': '24/7'}"
90,node,5569161054,35.6328464,51.4157491,"{'amenity': 'toilets', 'fee': 'no', 'unisex': 'yes'}"
91,node,5569161055,35.6364014,51.4104072,"{'amenity': 'toilets', 'unisex': 'yes'}"
92,node,5569161056,35.6309121,51.3936865,"{'amenity': 'toilets', 'unisex': 'yes'}"
93,node,5569161057,35.6373554,51.401467,"{'amenity': 'toilets', 'unisex': 'yes'}"
94,node,5582398121,35.6503866,51.3872542,"{'amenity': 'toilets', 'name': 'دستشویی پنج', 'operator': 'سرویس بهداشتی - بوستان ولایت'}"
95,node,5589329522,35.6160425,51.405487,"{'amenity': 'toilets', 'operator': 'سرویس بهداشتی - بوستان یاس'}"
96,node,5589335121,35.6303215,51.3937347,"{'amenity': 'toilets', 'operator': 'سرویس بهداشتی'}"
97,node,5599947053,35.6559934,51.3900641,"{'amenity': 'school', 'name': 'دبستان'}"
98,node,5674418121,35.6355804,51.4005489,"{'addr:street': 'دولت آبادی', 'amenity': 'library', 'name': 'کتابخانه شهید مطهری'}"
99,node,5674418122,35.6181102,51.4055998,"{'addr:street': 'بلوار وصال', 'amenity': 'bus_station', 'bus': 'yes', 'name': 'پایانه شهرک وصال', 'name:en': 'Vasal Town Terminal', 'public_transport': 'station'}"
100,node,5674459621,35.6483915,51.3988335,"{'amenity': 'bus_station', 'bus': 'yes', 'name': 'میدان بهمن', 'name:en': 'Bahman Square', 'public_transport': 'station'}"
101,node,5689792821,35.6270376,51.3851931,"{'addr:street': 'نیلوفر', 'amenity': 'school', 'name': 'مدرسه نمونه دولتی شهید همت', 'name:en': 'Hemmat Highschool', 'opening_hours': 'Sa-We 07:00-16:15', 'operator': 'محمود هاشمی', 'phone': '+982155002828'}"
102,node,5707270822,35.6251045,51.3945681,"{'amenity': 'cafe', 'name': 'خانلو'}"
103,node,5707375421,35.6191512,51.3982138,"{'amenity': 'cafe', 'name': 'خانلو'}"
104,node,5728758356,35.648135,51.4175594,{'amenity': 'taxi'}
105,node,5738671222,35.6402075,51.4019846,{'amenity': 'restaurant'}
106,node,5761024772,35.6313437,51.4095426,"{'amenity': 'school', 'name': 'دبیرستان میرداماد.شمس', 'name:en': 'Roshd high school'}"
107,node,5761024773,35.6295731,51.4100637,"{'amenity': 'school', 'name': 'دبیرستان دخترانه مطهره شاهد', 'name:en': 'Motahare Shahid High School'}"
108,node,5761024818,35.628216,51.4104066,"{'amenity': 'place_of_worship', 'name': 'مسجد امام رضا', 'religion': 'muslim'}"
109,node,5761026221,35.6278895,51.4107335,"{'amenity': 'restaurant', 'name': 'تالار پذیرایی قصر رضا'}"
110,node,5761034063,35.6252006,51.4114849,"{'amenity': 'atm', 'operator': 'خودپرداز بانک سپه'}"
111,node,5769775710,35.630807,51.383535,"{'amenity': 'bank', 'atm': 'yes', 'brand': 'بانک شهر', 'brand:en': 'Shahr Bank', 'brand:fa': 'بانک شهر', 'brand:wikidata': 'Q5941033', 'brand:wikipedia': 'fa:بانک شهر', 'name': 'بانک شهر', 'name:en': 'Shahr Bank', 'name:fa': 'بانک شهر'}"
112,node,5769786184,35.6325603,51.3836417,"{'amenity': 'bank', 'atm': 'yes', 'brand': 'بانک ملی', 'brand:en': 'Bank Melli Iran', 'brand:wikidata': 'Q806640', 'name': 'بانک ملی', 'name:en': 'Bank Melli Iran'}"
113,node,5769832652,35.620492,51.3829504,"{'amenity': 'bank', 'atm': 'yes', 'name': 'بانک صادرات'}"
114,node,5771577254,35.6448882,51.3983696,"{'amenity': 'toilets', 'name': 'دستشویی'}"
115,node,5771670127,35.6449623,51.3985167,"{'amenity': 'place_of_worship', 'name': 'مقبره شهدا گمنام'}"
116,node,5771783053,35.6461355,51.4270703,"{'amenity': 'restaurant', 'name': 'تالار پذیرایی فرهنگیان بعثت'}"
117,node,5772774556,35.6592139,51.3989895,"{'amenity': 'restaurant', 'name': 'رستوران میلاد'}"
118,node,5822628907,35.6460124,51.4275886,"{'amenity': 'fire_station', 'name': 'ایستگاه شماره ۱۳ آتش نشانی بعثت'}"
119,node,5860976485,35.6218616,51.3978308,"{'amenity': 'cafe', 'name': 'خانلو'}"
120,node,5894957564,35.6543346,51.3870533,"{'addr:city': 'تهران', 'amenity': 'doctors', 'healthcare': 'doctor', 'name': 'دکتر طاهره رشیدی'}"
121,node,5943560193,35.6445514,51.4051108,"{'addr:housenumber': '9', 'amenity': 'doctors', 'description': 'متخصص داخلی اطفال پوست', 'healthcare': 'doctor', 'name': 'دکتر سعادتمند'}"
122,node,5949865687,35.6468843,51.3944955,"{'amenity': 'bus_station', 'bus': 'yes', 'name': 'ته خط جوادیه', 'name:en': 'End line Javaadie', 'public_transport': 'station'}"
123,node,6044340486,35.646947,51.4251636,"{'amenity': 'place_of_worship', 'name': 'مسجد پارک', 'religion': 'muslim'}"
124,node,6264372642,35.6582426,51.3970515,"{'amenity': 'toilets', 'name': 'سرویس بهداشتی'}"
125,node,6327912931,35.6245442,51.4231461,"{'addr:street': 'برادران باستانی پور', 'amenity': 'clinic', 'healthcare': 'clinic', 'healthcare:speciality': 'general', 'name': 'درمانگاه شهدای علی آباد'}"
126,node,6327912932,35.6245626,51.4238796,"{'addr:postcode': '18377', 'addr:street': 'برادران باستانی پور', 'amenity': 'pharmacy', 'dispensing': 'yes', 'healthcare': 'pharmacy', 'name': 'داروخانه دکتر', 'opening_hours': 'Mo-Su 09:00-21:00'}"
127,node,6366888005,35.6169675,51.3981395,"{'amenity': 'bus_station', 'bus': 'yes', 'name': 'پایانه خانی آباد نو', 'public_transport': 'station'}"
128,node,6366905189,35.6186863,51.3966638,"{'addr:street': 'شصت وپنجم', 'amenity': 'bank', 'atm': 'yes', 'brand': 'بانک رفاه', 'brand:en': 'Refah Bank', 'brand:wikidata': 'Q7307083', 'brand:wikipedia': 'en:Refah Bank', 'name': 'بانک رفاه', 'name:en': 'Refah Bank', 'opening_hours': 'Sa-Th 07:00-17:00'}"
129,node,6366905190,35.6208581,51.3954914,"{'amenity': 'pharmacy', 'healthcare': 'pharmacy', 'name': 'داروخانه'}"
130,node,6366905192,35.6223369,51.3948779,"{'amenity': 'place_of_worship', 'name': 'مسجد حضرت زهرا', 'religion': 'muslim'}"
131,node,6366905193,35.6247677,51.3916991,"{'amenity': 'bank', 'atm': 'yes', 'brand': 'بانک مسکن', 'brand:en': 'Bank Maskan', 'brand:wikidata': 'Q4855942', 'brand:wikipedia': 'en:Bank Maskan', 'name': 'بانک مسکن', 'name:en': 'Bank Maskan'}"
132,node,6366905200,35.6250134,51.3944621,"{'amenity': 'place_of_worship', 'name': 'مسجد امام حسین', 'religion': 'muslim'}"
133,node,6366905204,35.6229941,51.3943692,"{'amenity': 'bank', 'atm': 'yes', 'brand': 'بانک ملی', 'brand:en': 'Bank Melli Iran', 'brand:wikidata': 'Q806640', 'brand:wikipedia': 'en:Bank Melli Iran', 'name': 'بانک ملی', 'name:en': 'Bank Melli Iran'}"
134,node,6366905205,35.6190027,51.3981998,"{'amenity': 'place_of_worship', 'name': 'حسینیه ائمه اطهار', 'religion': 'muslim'}"
135,node,6366905206,35.6244089,51.3933803,"{'amenity': 'pharmacy', 'healthcare': 'pharmacy', 'name': 'داروخانه بهلولی خیاوی'}"
136,node,6423647886,35.6554394,51.4322825,"{'addr:city': 'Tehran', 'addr:housenumber': '1321', 'addr:street': 'فداییان اسلام', 'amenity': 'restaurant', 'capacity': '30', 'cuisine': 'kebab;asian', 'delivery': 'yes', 'diet:halal': 'yes', 'diet:meat': 'yes', 'internet_access': 'no', 'name': 'کبابی حاج رضا', 'opening_hours': 'Mo-Su 12:00-17:00', 'outdoor_seating': 'yes', 'phone': '+989121141192', 'smoking': 'no', 'takeaway': 'yes'}"
137,node,6450779888,35.6306926,51.4090288,"{'amenity': 'school', 'name': 'دبستان غیر دولتی فدک', 'name:en': 'Fadak Elementary School'}"
138,node,6450779900,35.6324459,51.4206467,"{'amenity': 'school', 'name': 'دبستان شاهد شهدای مکه'}"
139,node,6450779901,35.6385214,51.4199302,{'amenity': 'toilets'}
140,node,6463547546,35.6516779,51.4178931,"{'amenity': 'bus_station', 'bus': 'yes', 'name': 'سامانه ۹ تندرو پایانه جنوب _ خاوران', 'network': '6317', 'public_transport': 'station'}"
141,node,6550896985,35.6157868,51.4297523,{'amenity': 'atm'}
142,node,6612014201,35.6494853,51.4173243,{'amenity': 'toilets'}
143,node,6693531130,35.6253652,51.4196073,"{'amenity': 'clinic', 'healthcare': 'clinic', 'name': 'درمانگاه شبانه روزی سلیم', 'opening_hours': '24/7'}"
144,node,6722804623,35.6287608,51.3932706,"{'amenity': 'place_of_worship', 'name': 'مسجد امام جعفر صادق', 'religion': 'muslim'}"
145,node,6764519633,35.6560998,51.425062,"{'amenity': 'place_of_worship', 'name': 'مسجد صاحب الزمان', 'religion': 'muslim'}"
146,node,7039190988,35.6364962,51.4092806,"{'addr:street': 'احمد بابایی', 'amenity': 'disused', 'brand': 'بانک انصار', 'brand:wikidata': 'Q5862675', 'brand:wikipedia': 'fa:بانک انصار', 'disused:amenity': 'bank', 'name': 'بانک انصار', 'name:en': 'Ansar Bank'}"
147,node,7065829139,35.6311626,51.3829315,"{'amenity': 'fire_station', 'name': 'ایستگاه ۲۲ آتش نشانی'}"
148,node,7072829515,35.6468577,51.3972685,"{'addr:city': 'تهران', 'amenity': 'cinema', 'name': ""Chaplin's Cinema سینما چاپلین""}"
149,node,7072829521,35.6447808,51.395196,"{'amenity': 'toilets', 'name': 'دستشویی'}"
150,node,7072829525,35.6464696,51.3949012,"{'addr:city': 'تهران', 'amenity': 'toilets', 'name': 'دستشویی'}"
151,node,7072829562,35.6468601,51.3974888,"{'amenity': 'library', 'name': 'کتابخانه شهید فهمیده'}"
152,node,7244783785,35.6344422,51.3930061,"{'addr:postcode': '021', 'addr:street': 'دوازدهم', 'amenity': 'school', 'name': 'دبیرستان دوره دوم فاطمه الزهرا', 'name:en': 'Fateme-Zahra school'}"
153,node,7254139496,35.6181133,51.4259138,"{'addr:city': 'ری', 'addr:housenumber': '۶۲', 'addr:street': 'محمودزاده', 'amenity': 'car_rental', 'description': 'تاکسی سرویس آلاله', 'name': 'آژانس آلاله', 'opening_hours': 'Mo-Su 08:00-23:00'}"
154,node,7288054710,35.6274124,51.399066,"{'amenity': 'clinic', 'healthcare': 'hospital', 'name': 'مرکز بهداشتی شهید واحدی', 'phone': '55532449;55015508', 'source': 'map.ir'}"
155,node,7299085385,35.6356278,51.3940435,"{'addr:postcode': '009821', 'amenity': 'pharmacy', 'healthcare': 'pharmacy', 'name': 'داروخانه بامداد', 'name:en': 'Bamdad pharmacy'}"
156,node,7370550385,35.6506632,51.4206278,{'amenity': 'toilets'}
157,node,7560045685,35.6160913,51.4218015,"{'addr:city': 'ری', 'addr:housenumber': '453', 'addr:street': 'بلوار دستواره، میدان مادر', 'amenity': 'bus_station', 'bus': 'yes', 'internet_access': 'no', 'name': 'ایستگاه میدان مادر', 'public_transport': 'station', 'website': 'http://bus.tehran.ir'}"
158,node,7560045686,35.6160355,51.42643,"{'amenity': 'bus_station', 'bus': 'yes', 'internet_access': 'no', 'public_transport': 'station', 'website': 'http://bus.tehran.ir'}"
159,node,7638242886,35.6479821,51.419138,{'amenity': 'motorcycle_parking'}
160,node,7773893032,35.6367516,51.3899374,"{'addr:street': 'خیابان لطیفی', 'amenity': 'townhall', 'name': 'شهرداری ناحیه یک منطقه نوزده'}"
161,node,7773893059,35.6366471,51.3891583,"{'amenity': 'toilets', 'name': 'دستشویی'}"
162,node,7773893076,35.6370255,51.3930095,{'amenity': 'atm'}
163,node,7787309006,35.6351054,51.4242881,"{'amenity': 'townhall', 'name': 'شهرداری ناحیه سه منطقه شانزده', 'name_ref': 'شهرداری ناحیه 3 منطقه 16'}"
164,node,7787309007,35.6158749,51.4083185,"{'amenity': 'townhall', 'name': 'شهرداری ناحیه چهار منطقه شانزده'}"
165,node,7787421089,35.6231542,51.4161278,"{'amenity': 'townhall', 'name': 'شهرداری ناحیه پنج منطقه شانزده', 'nat_name': 'شهرداری ناحیه 5 منطقه 16'}"
166,node,7787421090,35.656553,51.4261318,"{'amenity': 'townhall', 'name': 'شهرداری ناحیه شش منطقه شانزده', 'nat_name': 'شهرداری ناحیه 3 منطقه 16'}"
167,node,7823952595,35.6460522,51.4266286,"{'amenity': 'courthouse', 'name': 'شورا حل اختلاف شماره ۱۶'}"
168,node,7831253498,35.6508786,51.4299785,"{'amenity': 'arts_centre', 'name': 'کانون پرورش فکری کودکان بعثت'}"
169,node,7852609192,35.6520812,51.4200547,"{'addr:street': 'محمد بخارایی ترمینال جنوب', 'amenity': 'courthouse', 'name': 'دادسرای ناحیه شانزده', 'nat_name': 'دادسرای ناحیه 16'}"
170,node,7856090527,35.6302278,51.409842,"{'amenity': 'school', 'name': 'دبیرستان پردیس شریف'}"
171,node,7975857891,35.6259613,51.43574,"{'amenity': 'clinic', 'healthcare': 'clinic', 'name': 'درمانگاه آزادگان'}"
172,node,7977772421,35.6524185,51.3955931,"{'amenity': 'school', 'name': 'مدرسه دخترانه فاطمیه'}"
173,node,8013790106,35.654917,51.4320226,"{'amenity': 'bank', 'brand': 'بانک صادرات', 'brand:en': 'Bank Saderat Iran', 'brand:fa': 'بانک صادرات', 'brand:wikidata': 'Q2882608', 'brand:wikipedia': 'en:Bank Saderat Iran', 'name': 'بانک صادرات', 'name:en': 'Bank Saderat Iran', 'name:fa': 'بانک صادرات'}"
174,node,8013790107,35.6549122,51.432041,"{'amenity': 'atm', 'brand': 'بانک صادرات', 'brand:en': 'Bank Saderat Iran', 'brand:fa': 'بانک صادرات', 'brand:wikidata': 'Q2882608', 'brand:wikipedia': 'en:Bank Saderat Iran', 'name': 'بانک صادرات', 'name:en': 'Bank Saderat Iran', 'name:fa': 'بانک صادرات', 'operator': 'بانک صادرات', 'operator:wikidata': 'Q2882608', 'operator:wikipedia': 'en:Bank Saderat Iran'}"
175,node,8013790109,35.6563774,51.4315877,"{'amenity': 'bank', 'brand': 'بانک تجارت', 'brand:wikidata': 'Q7695198', 'brand:wikipedia': 'en:Tejarat Bank', 'name': 'بانک تجارت'}"
176,node,8013790110,35.6563609,51.4315804,"{'amenity': 'atm', 'brand': 'بانک تجارت', 'brand:wikidata': 'Q7695198', 'brand:wikipedia': 'en:Tejarat Bank', 'name': 'بانک تجارت', 'operator': 'بانک تجارت', 'operator:wikidata': 'Q7695198', 'operator:wikipedia': 'en:Tejarat Bank'}"
177,node,8146708109,35.6364616,51.4012178,"{'addr:city': 'تهران', 'addr:housenumber': 'نازی آباد', 'addr:postcode': '181', 'addr:street': 'نیکنام جنوبی', 'amenity': 'kindergarten', 'name': 'آموزشگاه نقدی', 'operator': 'دیپلم رسمی', 'operator:type': 'public', 'phone': '+9855081129', 'preschool': 'yes', 'website': 'https://www.naghdiedu.ir'}"
178,node,8248230965,35.6383337,51.4346328,"{'amenity': 'toilets', 'name': 'دستشویی'}"
179,node,8248230980,35.6363573,51.4344209,"{'amenity': 'hospital', 'healthcare': 'hospital', 'name': 'بیمارستان روانپزشکی دلارام سینا'}"
180,node,8248236468,35.6302281,51.428661,"{'amenity': 'toilets', 'name': 'دستشویی'}"
181,node,8248236470,35.6328582,51.4290423,"{'amenity': 'toilets', 'name': 'دستشویی'}"
182,node,8248236474,35.6340784,51.4298774,"{'amenity': 'toilets', 'name': 'دستشویی'}"
183,node,8248236482,35.6339418,51.4306619,"{'amenity': 'place_of_worship', 'name': 'مسجد امام حسن مجتبی', 'religion': 'muslim'}"
184,node,8442267498,35.6158465,51.4053146,{'amenity': 'toilets'}
185,node,8442267499,35.6150588,51.4068254,{'amenity': 'toilets'}
186,node,8442267519,35.6174692,51.3914221,{'amenity': 'toilets'}
187,node,8442267520,35.6198298,51.3910965,{'amenity': 'toilets'}
188,node,8442267687,35.6183433,51.4054889,{'amenity': 'toilets'}
189,node,8442267688,35.6179702,51.4057385,{'amenity': 'toilets'}
190,node,8674434217,35.6382709,51.4049226,"{'addr:street': 'مهرگان', 'amenity': 'restaurant', 'name': 'کبابی و جگرسرای پارس'}"
191,node,8772354623,35.654578,51.3829315,"{'amenity': 'clinic', 'name': 'مرکز بهداشت جوادیه شهید شاطری'}"
192,node,8786403799,35.6383991,51.4178932,"{'amenity': 'clinic', 'name': 'مرکز سلامت شیخ احمد کافی'}"
193,node,8862197226,35.6267327,51.4230125,{'amenity': 'toilets'}
194,node,8864756565,35.6279406,51.3910856,"{'amenity': 'bank', 'brand': 'بانک پاسارگاد', 'brand:en': 'Bank Pasargad', 'brand:wikidata': 'Q4855962', 'name': 'بانک پاسارگاد', 'name:en': 'Bank Pasargad'}"
195,node,8864756566,35.6278358,51.3906096,"{'amenity': 'pharmacy', 'healthcare': 'pharmacy', 'name': 'داروخانه شبانه روزی مکاری', 'opening_hours': '24/7'}"
196,node,8864756581,35.6392546,51.4022409,"{'amenity': 'school', 'name': 'مدرسه هویزه'}"
197,node,8864756584,35.6398694,51.3955659,"{'amenity': 'school', 'name': 'دبستان کمیل'}"
198,node,8864756585,35.6283713,51.3909381,"{'amenity': 'clinic', 'healthcare': 'clinic', 'name': 'کلینیک شبانه روزی خانی آباد', 'opening_hours': '24/7'}"
199,node,8864756593,35.6370851,51.4015968,"{'amenity': 'pharmacy', 'healthcare': 'pharmacy', 'name': 'داروخانه شمس'}"
200,node,8915786580,35.6489862,51.4189029,"{'alt_name': 'ترمینال مسافربری جنوب', 'amenity': 'bus_station', 'bus': 'yes', 'name': 'پایانه مسافربری جنوب', 'name:en': 'South Terminal', 'name:tr': 'Güney (Cünup) Otogarı', 'public_transport': 'station'}"
201,node,9013026564,35.6254109,51.4198088,"{'amenity': 'pharmacy', 'healthcare': 'pharmacy', 'name': 'داروخانه شبانه روزی کنگری'}"
202,node,9013061851,35.6416442,51.421301,"{'amenity': 'pharmacy', 'healthcare': 'pharmacy', 'name': 'داروخانه شبانه روزی گنجینه'}"
203,node,9054168503,35.6501178,51.3875439,{'amenity': 'place_of_worship'}
204,node,9070423851,35.6324147,51.41046,{'amenity': 'toilets'}
205,node,9070423866,35.6298708,51.4113653,{'amenity': 'toilets'}
206,node,9123056118,35.6174371,51.4039873,"{'amenity': 'restaurant', 'name': 'پخش گوشت و مرغ پدیده (وصال)'}"
207,node,9174180518,35.6357506,51.3888886,"{'addr:housenumber': '347', 'addr:street': 'مهدی لطیفی', 'amenity': 'courthouse', 'name': 'جهان کابین', 'name:en': 'Jahan Kabin'}"
208,node,9345304229,35.6351249,51.4212355,"{'amenity': 'cafe', 'cuisine': 'coffee_shop', 'name': 'کافه ویتامینه بوی سیب'}"
209,node,9353153317,35.6389051,51.40168,"{'amenity': 'ice_cream', 'name': 'ذرت طلایی متین'}"
210,node,9396156001,35.6556039,51.4222698,{'amenity': 'toilets'}
211,node,9401818598,35.6168676,51.4128921,{'amenity': 'taxi'}
212,node,9482042385,35.6157728,51.4063596,"{'amenity': 'place_of_worship', 'name': 'مسجد عباس ابن علی', 'religion': 'muslim'}"
213,node,9482201393,35.6407174,51.4217612,"{'amenity': 'bank', 'brand': 'بانک سپه', 'brand:en': 'Bank Sepah', 'brand:wikidata': 'Q2882624', 'name': 'بانک سپه', 'name:en': 'Bank Sepah'}"
214,node,9482201397,35.6407653,51.4211932,"{'amenity': 'pharmacy', 'healthcare': 'pharmacy', 'name': 'داروخانه ماهان'}"
215,node,9482201400,35.6383991,51.4195954,{'amenity': 'toilets'}
216,node,9482242133,35.6407359,51.4209654,"{'amenity': 'place_of_worship', 'name': 'مسجد صاحب الزمان', 'religion': 'muslim'}"
217,node,9482242141,35.6398887,51.4212709,"{'amenity': 'bank', 'brand': 'بانک رفاه', 'brand:en': 'Refah Bank', 'brand:wikidata': 'Q7307083', 'name': 'بانک رفاه', 'name:en': 'Refah Bank'}"
218,node,9482270358,35.6260229,51.4138545,"{'amenity': 'place_of_worship', 'name': 'مسجد امام رضا', 'religion': 'muslim'}"
219,node,9482270360,35.6270488,51.4135255,"{'amenity': 'school', 'name': 'دبیرستان پسرانه نیمه شعبان'}"
220,node,9482270382,35.6258136,51.4130732,{'amenity': 'school'}
221,node,9482270394,35.6258965,51.4135273,"{'amenity': 'school', 'name': 'دبستان دخترانه شمس فرد'}"
222,node,9482270395,35.6263818,51.413277,"{'amenity': 'school', 'name': 'مدرسه سوم شعبان'}"
223,node,9482270401,35.625323,51.4128712,"{'amenity': 'school', 'name': 'هنرستان دخترانه الزهرا'}"
224,node,9515060157,35.6245915,51.3839342,"{'amenity': 'toilets', 'name': 'دستشویی'}"
225,node,9515060164,35.6275743,51.3848524,"{'amenity': 'school', 'name': 'دبیرستان شهید چمران'}"
226,node,9515060165,35.6194424,51.3860158,{'amenity': 'toilets'}
227,node,9515060171,35.6275072,51.384203,{'amenity': 'toilets'}
228,node,9515060173,35.6273117,51.3849828,"{'amenity': 'school', 'name': 'دبستان دستغیب'}"
229,node,9515060176,35.6205032,51.3834542,"{'amenity': 'bank', 'name': 'بانک تجارت'}"
230,node,9515060185,35.625666,51.383954,{'amenity': 'toilets'}
231,node,9515060189,35.6260429,51.3856807,"{'amenity': 'school', 'name': 'مدرسه راهنمایی احمدی روشن'}"
232,node,9515060193,35.6182703,51.3834411,"{'amenity': 'bank', 'name': 'بانک رفاه'}"
233,node,9515060197,35.6193659,51.382913,"{'amenity': 'bank', 'name': 'بانک کشاورزی'}"
234,node,9515060208,35.6193746,51.3834252,"{'amenity': 'bank', 'name': 'بانک ملت'}"
235,node,9650685117,35.6325314,51.4234829,"{'amenity': 'fuel', 'name': 'گاز طبیعی', 'name:en': 'cng'}"
236,node,9826261204,35.6438149,51.4044328,"{'amenity': 'school', 'name': 'دبیرستان نواب صفوی'}"
237,node,9826261206,35.643841,51.4039408,"{'amenity': 'school', 'name': 'مدرسه امید امام'}"
238,node,9826261208,35.6434913,51.4043886,"{'amenity': 'school', 'name': 'مدرسه جواد موفقان'}"
239,node,9846107986,35.638652,51.4108551,"{'amenity': 'clinic', 'healthcare': 'clinic', 'name': 'درمانگاه شبانه روزی دکتر اطمینان', 'opening_hours': '24/7'}"
240,node,9867673476,35.6367877,51.4036514,"{'addr:city': 'تهران', 'addr:street': 'احمد بابایی', 'amenity': 'pharmacy', 'healthcare': 'pharmacy', 'name': 'داروخانه شبانه روزی یاسمن قنبری', 'name:en': 'Dr Qanbari pharmcay', 'opening_hours': '24/7', 'phone': '+98 21 5535 3249'}"
241,node,9918615402,35.6568905,51.4304361,"{'amenity': 'bank', 'brand': 'بانک ملی', 'brand:en': 'Bank Melli Iran', 'brand:wikidata': 'Q806640', 'name': 'بانک ملی', 'name:en': 'Bank Melli Iran'}"
242,node,9918615405,35.6587775,51.4308134,"{'amenity': 'bank', 'brand': 'بانک دی', 'brand:en': 'Bank Day', 'brand:fa': 'بانک دی', 'brand:wikidata': 'Q5942230', 'name': 'بانک دی', 'name:en': 'Bank Day', 'name:fa': 'بانک دی'}"
243,node,9918615406,35.6568652,51.4306952,"{'amenity': 'bank', 'brand': 'بانک ملت', 'brand:en': 'Bank Mellat', 'brand:wikidata': 'Q4855944', 'name': 'بانک ملت', 'name:en': 'Bank Mellat'}"
244,node,9918615407,35.6570447,51.430655,"{'amenity': 'bank', 'brand': 'بانک سامان', 'brand:en': 'Saman Bank', 'brand:wikidata': 'Q4117676', 'name': 'بانک سامان', 'name:en': 'Saman Bank'}"
245,node,9918615409,35.6589842,51.4308623,{'amenity': 'taxi'}
246,node,9918615414,35.6584679,51.4307053,"{'amenity': 'bank', 'brand': 'بانک صادرات', 'brand:en': 'Bank Saderat Iran', 'brand:fa': 'بانک صادرات', 'brand:wikidata': 'Q2882608', 'name': 'بانک صادرات', 'name:en': 'Bank Saderat Iran', 'name:fa': 'بانک صادرات'}"
247,node,9918639634,35.6545317,51.4306224,"{'amenity': 'bank', 'brand': 'بانک آینده', 'brand:en': 'Ayandeh Bank', 'brand:wikidata': 'Q5938144', 'name': 'بانک آینده', 'name:en': 'Ayandeh Bank'}"
248,node,9918639636,35.656566,51.4270517,{'amenity': 'toilets'}
249,node,9918683337,35.6525605,51.4305699,"{'amenity': 'bank', 'brand': 'بانک شهر', 'brand:en': 'Shahr Bank', 'brand:fa': 'بانک شهر', 'brand:wikidata': 'Q5941033', 'name': 'بانک شهر', 'name:en': 'Shahr Bank', 'name:fa': 'بانک شهر'}"
250,node,9918683341,35.6492914,51.4299076,"{'amenity': 'clinic', 'healthcare': 'clinic', 'name': 'مرکز سلامت جامع شهری بعثت'}"
251,node,9918683344,35.6532469,51.4234728,"{'amenity': 'school', 'name': 'دبستان پسرانه'}"
252,node,9918683351,35.650803,51.4290325,"{'amenity': 'place_of_worship', 'name': 'حسینیه پروان امام حسین'}"
253,node,9918683363,35.6532881,51.4230623,"{'amenity': 'school', 'name': 'دبستان دخترانه چنگیز پور'}"
254,node,9950727472,35.6362868,51.3935629,"{'amenity': 'place_of_worship', 'name': 'مسجد جامع اثنی عشر', 'religion': 'muslim'}"
255,node,10035518957,35.6276157,51.3872892,"{'amenity': 'restaurant', 'name': 'رستوران مجلل گل نرگس'}"
256,node,10130475289,35.6372836,51.4109449,"{'addr:city': 'Tehran', 'addr:housenumber': '309', 'addr:street': 'شهید رجایی', 'amenity': 'clinic', 'healthcare': 'clinic', 'healthcare:speciality': 'لیزر_موهای_زائد_بوتاکس_فیلر', 'name': 'کلینیک زیبایی دکتر صلح جو', 'operator': 'دکتر بابک صلح جو', 'operator:type': 'private'}"
257,node,10282615611,35.6415247,51.4046254,"{'amenity': 'fast_food', 'name': 'هاجی برگر'}"
258,node,10790309400,35.6397811,51.404922,"{'amenity': 'cafe', 'name': 'کافه یاسر'}"
259,node,10870093783,35.6350148,51.3872677,"{'amenity': 'clinic', 'healthcare': 'clinic', 'name': 'درمانگاه شبانه\u200cروزی سینوهه', 'opening_hours': '24/7', 'source': 'Note 3386545'}"
260,node,10870093859,35.6370487,51.4105104,"{'amenity': 'dentist', 'name': 'کلینیک شبانه روزی دندانپزشکی دکتر مهدی میردهقان', 'opening_hours': '24/7', 'phone': '+982155332500', 'source': 'Note 2720106'}"
261,node,10873949505,35.6478007,51.3932657,"{'amenity': 'cafe', 'name': 'کافه ایلی علی', 'name:en': 'cafe ileali'}"
262,node,10938004317,35.6581666,51.3977946,"{'amenity': 'atm', 'brand': 'بانک ملی', 'brand:en': 'Bank Melli Iran', 'brand:wikidata': 'Q806640', 'name:en': 'Bank Melli Iran', 'operator': 'بانک ملی', 'operator:wikidata': 'Q806640'}"
263,node,10938004318,35.6582681,51.397157,"{'amenity': 'atm', 'operator': 'گردشگری'}"
264,node,10938004319,35.6581742,51.3972092,"{'amenity': 'food_court', 'name': 'فود کورت راه آهن'}"
265,node,10989558792,35.6403631,51.4114426,"{'amenity': 'clinic', 'healthcare': 'physiotherapist', 'name': 'فیزیوتراپی ثمربخش'}"
266,node,11049082636,35.6592112,51.399096,"{'amenity': 'restaurant', 'name': 'جگر سرای آذربایجان'}"
267,node,11052013021,35.6343244,51.4295239,"{'amenity': 'restaurant', 'name': 'دیزی سرای آذربایجان', 'opening_hours': '06:00-20:00', 'phone': '۰۹۱۲۶۵۰۲۹۲۲'}"
268,node,11066938524,35.6370192,51.4045519,"{'amenity': 'language_school', 'name': 'آموزشگاه سفیر گفتمان'}"
269,node,11136825424,35.6588571,51.4146613,"{'amenity': 'atm', 'not:brand:wikidata': 'Q2882608', 'operator': 'بانک صادرات'}"
270,node,11136825425,35.6588535,51.4147043,"{'amenity': 'atm', 'not:brand:wikidata': 'Q2882608', 'operator': 'بانک صادرات'}"
271,node,11141686905,35.6430987,51.4075599,"{'amenity': 'fast_food', 'name': 'فست فود کلبه سبز'}"
272,node,11191683237,35.6351457,51.4092875,"{'amenity': 'cafe', 'name': 'کافه رستوران بیست', 'name:en': 'cafe returan bist'}"
273,node,11217346849,35.6309266,51.4179066,"{'amenity': 'ice_cream', 'name': 'بستنی نعمت علی آباد'}"
274,node,11254406460,35.622164,51.3926965,"{'amenity': 'cafe', 'name': 'داژو کافی'}"
275,node,11264400154,35.6414338,51.4116901,"{'addr:city': 'شهر تهران', 'addr:street': 'شهید رجایی', 'amenity': 'restaurant', 'cuisine': 'kebab;chicken', 'name': 'بریانکده تاج محل', 'opening_hours': 'Mo-Su 09:00-21:00', 'phone': '+98930398504'}"
276,node,11342876967,35.6231944,51.3940328,"{'addr:city': 'تهران', 'addr:street': 'میعاد', 'amenity': 'language_school', 'name': 'آموزشگاه تفکر نوین', 'opening_hours': '09:00-20:00', 'operator': 'خدابنده لو', 'phone': '02155545736'}"
277,node,11356122669,35.6410418,51.4044223,"{'amenity': 'restaurant', 'name': 'مینی ژامبون و جگرکی محله'}"
278,node,11473857126,35.6353906,51.4089154,"{'amenity': 'cafe', 'brand': 'coffee mitsurin', 'name': 'کافه میتسورین'}"
279,node,11493764417,35.6370043,51.4109025,"{'amenity': 'doctors', 'healthcare': 'doctor', 'healthcare:speciality': 'radiology', 'name': 'کلینیک رادیولوژی دهان، فک و صورت دکتر\xa0میرزایی'}"
280,node,11505394481,35.6367693,51.4069191,"{'amenity': 'bank', 'atm': 'yes', 'brand': 'بانک آینده', 'brand:en': 'Ayandeh Bank', 'brand:wikidata': 'Q5938144', 'brand:wikipedia': 'en:Ayandeh Bank', 'name': 'بانک آینده', 'name:en': 'Ayandeh Bank'}"
281,node,11505394482,35.6364642,51.4068944,"{'amenity': 'bank', 'atm': 'yes', 'brand': 'بانک کارآفرین', 'brand:en': 'Karafarin Bank', 'brand:wikidata': 'Q6367875', 'name': 'بانک کارآفرین', 'name:en': 'Karafarin Bank'}"
282,node,11505394483,35.63624,51.4088599,"{'amenity': 'bank', 'brand': 'بانک مسکن', 'brand:en': 'Bank Maskan', 'brand:wikidata': 'Q4855942', 'name': 'بانک مسکن', 'name:en': 'Bank Maskan'}"
283,node,11505394484,35.6362093,51.4092347,"{'amenity': 'bank', 'brand': 'بانک پارسیان', 'brand:en': 'Parsian Bank', 'brand:wikidata': 'Q2410404', 'name': 'بانک پارسیان', 'name:en': 'Parsian Bank'}"
284,node,11505394485,35.6361759,51.4097494,"{'amenity': 'bank', 'brand': 'بانک سینا', 'brand:en': 'Sina Bank', 'brand:wikidata': 'Q10860246', 'name': 'بانک سینا', 'name:en': 'Sina Bank'}"
285,node,11505425720,35.6306034,51.3978395,"{'amenity': 'bank', 'brand': 'پست بانک', 'brand:en': 'Post Bank of Iran', 'brand:wikidata': 'Q7233625', 'brand:wikipedia': 'en:Post Bank of Iran', 'name': 'پست بانک', 'name:en': 'Post Bank of Iran'}"
286,node,11505442314,35.6397694,51.4122731,"{'amenity': 'police', 'name': 'کلانتری'}"
287,node,11505442322,35.6333379,51.409878,"{'amenity': 'ice_cream', 'name': 'آبمیوه و بستنی'}"
288,node,11518543328,35.6480218,51.3958334,"{'amenity': 'restaurant', 'name': 'تالار پذیرایی قصر ماهان'}"
289,node,11518543332,35.6497426,51.3975904,"{'addr:city': 'تهران', 'amenity': 'food_court', 'name': 'جگرسرای بیست تک'}"
290,node,11523740146,35.6235442,51.4348451,"{'amenity': 'restaurant', 'name': 'سرای سنتی کیان', 'opening_hours': '08:00-23:00', 'phone': '۰۹۱۲۷۰۶۳۱۷۰'}"
291,node,11595121020,35.6244098,51.3886131,"{'amenity': 'place_of_worship', 'name': 'مسجد سید الشهدا', 'religion': 'muslim'}"
292,node,11597382350,35.6299584,51.3826203,{'amenity': 'toilets'}
