,type,id,lat,lon,tags
0,node,1705076783,35.7561531,51.2621593,"{'amenity': 'community_centre', 'name': 'شهرک لاله', 'name:en': 'Laleh Community'}"
1,node,1999593352,35.7227432,51.2875393,{'amenity': 'fountain'}
2,node,2682621832,35.7677273,51.2889404,"{'amenity': 'restaurant', 'name': 'تهیه غذای طهورا', 'name:en': 'Tahoura', 'phone': '+982144337766', 'smoking': 'no'}"
3,node,2847778244,35.7679206,51.2895043,{'amenity': 'atm'}
4,node,2847778245,35.7672382,51.2899681,"{'amenity': 'bank', 'atm': 'yes', 'brand': 'بانک پاسارگاد', 'brand:en': 'Bank Pasargad', 'brand:wikidata': 'Q4855962', 'brand:wikipedia': 'en:Bank Pasargad', 'name': 'بانک پاسارگاد', 'name:en': 'Bank Pasargad'}"
5,node,2847778246,35.7652481,51.2885038,"{'amenity': 'bank', 'atm': 'yes', 'brand': 'بانک کشاورزی', 'brand:en': 'Bank Keshavarzi Iran', 'brand:wikidata': 'Q6395007', 'brand:wikipedia': 'en:Bank Keshavarzi Iran', 'name': 'بانک کشاورزی', 'name:en': 'Bank Keshavarzi Iran'}"
6,node,2847984776,35.7645755,51.2844443,"{'amenity': 'bank', 'atm': 'yes', 'brand': 'بانک پارسیان', 'brand:en': 'Parsian Bank', 'brand:wikidata': 'Q2410404', 'name': 'بانک پارسیان', 'name:en': 'Parsian Bank'}"
7,node,3434841456,35.7480357,51.2639327,"{'addr:street': 'دهکده المپیک', 'amenity': 'marketplace', 'name': 'بازار میوه و تره\u200cبار زیبادشت'}"
8,node,3434841458,35.7473586,51.2636189,"{'amenity': 'place_of_worship', 'name': 'مسجد جامع المهدی', 'name:en': 'Almahdi Mosque', 'religion': 'muslim'}"
9,node,3434841459,35.7474762,51.2634177,"{'amenity': 'clinic', 'healthcare': 'clinic', 'name': 'داروخانه دکتر مفیدی'}"
10,node,3441429707,35.7483423,51.2883964,"{'amenity': 'school', 'name': 'سمیه'}"
11,node,3441429709,35.7486863,51.2886485,"{'amenity': 'school', 'name': 'عفاف'}"
12,node,3441429710,35.747674,51.2877207,"{'amenity': 'school', 'name': 'عزیز صمایی'}"
13,node,3441429711,35.747981,51.2880477,"{'amenity': 'school', 'name': 'شهریار'}"
14,node,3441429712,35.7486166,51.289244,{'amenity': 'bank'}
15,node,3510486855,35.7529506,51.2440835,{'amenity': 'bench'}
16,node,3510499677,35.7477625,51.2474654,"{'amenity': 'bank', 'atm': 'yes', 'brand': 'بانک اقتصاد نوین', 'brand:en': 'EN Bank', 'brand:wikidata': 'Q5323768', 'brand:wikipedia': 'en:EN Bank', 'name': 'بانک اقتصاد نوین', 'name:en': 'EN Bank'}"
17,node,3683544795,35.7466679,51.2859501,"{'addr:street': 'مرادی', 'amenity': 'marketplace', 'name': 'بازارچه شهرزیبا'}"
18,node,3774813979,35.7456706,51.2624384,"{'amenity': 'school', 'name': 'سما', 'name:en': 'Sama'}"
19,node,3774813980,35.7459731,51.2628944,"{'amenity': 'school', 'name': 'آهو', 'name:en': 'Ahoo'}"
20,node,3774813991,35.7416039,51.2629574,"{'amenity': 'school', 'name': 'مدنی', 'name:en': 'Madani'}"
21,node,3774813992,35.7416823,51.2622869,"{'amenity': 'school', 'name': 'دستغیب', 'name:en': 'Dast ghaeib'}"
22,node,3805711589,35.7285491,51.1264832,"{'amenity': 'bank', 'brand': 'بانک صادرات', 'brand:en': 'Bank Saderat Iran', 'brand:wikidata': 'Q2882608', 'brand:wikipedia': 'en:Bank Saderat Iran', 'name': 'بانک صادرات', 'name:en': 'Bank Saderat Iran'}"
23,node,3805714703,35.7197941,51.178861,"{'amenity': 'bank', 'brand': 'بانک تجارت', 'brand:wikidata': 'Q7695198', 'brand:wikipedia': 'en:Tejarat Bank', 'name': 'بانک تجارت'}"
24,node,3805716710,35.7191259,51.1902606,"{'amenity': 'bank', 'atm': 'yes', 'brand': 'بانک ملی', 'brand:en': 'Bank Melli Iran', 'brand:wikidata': 'Q806640', 'brand:wikipedia': 'en:Bank Melli Iran', 'name': 'بانک ملی', 'name:en': 'Bank Melli Iran'}"
25,node,3805717216,35.7186536,51.1238083,"{'amenity': 'bank', 'name': 'بانک قرض الحسنه رسالت'}"
26,node,3805717332,35.7188103,51.1239463,"{'amenity': 'bank', 'brand': 'بانک سامان', 'brand:en': 'Saman Bank', 'brand:wikidata': 'Q4117676', 'brand:wikipedia': 'en:Saman Bank', 'name': 'بانک سامان', 'name:en': 'Saman Bank'}"
27,node,3879384766,35.7648625,51.2488325,"{'amenity': 'place_of_worship', 'denomination': 'shia', 'religion': 'muslim'}"
28,node,3923212191,35.747553,51.2489971,"{'amenity': 'disused', 'brand': 'بانک مهر اقتصاد', 'brand:wikidata': 'Q5942921', 'brand:wikipedia': 'fa:بانک مهر اقتصاد', 'disused:amenity': 'bank', 'name': 'بانک مهر اقتصاد', 'name:en': 'Mehr Eqtesad Bank'}"
29,node,3923212193,35.7474575,51.2466665,"{'amenity': 'bank', 'atm': 'yes', 'brand': 'بانک سپه', 'brand:en': 'Bank Sepah', 'brand:wikidata': 'Q2882624', 'name': 'بانک سپه', 'name:en': 'Bank Sepah'}"
30,node,3923212195,35.7474038,51.2460966,{'amenity': 'library'}
31,node,3923212196,35.7473911,51.245847,"{'amenity': 'bank', 'brand': 'بانک صادرات', 'brand:en': 'Bank Saderat Iran', 'brand:fa': 'بانک صادرات', 'brand:wikidata': 'Q2882608', 'brand:wikipedia': 'en:Bank Saderat Iran', 'name': 'بانک صادرات', 'name:en': 'Bank Saderat Iran', 'name:fa': 'بانک صادرات'}"
32,node,3923212198,35.7472822,51.2446276,"{'amenity': 'bank', 'brand': 'بانک پاسارگاد', 'brand:en': 'Bank Pasargad', 'brand:wikidata': 'Q4855962', 'name': 'بانک پاسارگاد', 'name:en': 'Bank Pasargad'}"
33,node,3923294763,35.7478003,51.2414275,"{'amenity': 'bank', 'brand': 'بانک شهر', 'brand:en': 'Shahr Bank', 'brand:fa': 'بانک شهر', 'brand:wikidata': 'Q5941033', 'brand:wikipedia': 'fa:بانک شهر', 'name': 'بانک شهر', 'name:en': 'Shahr Bank', 'name:fa': 'بانک شهر'}"
34,node,3923294764,35.7474844,51.2436401,"{'amenity': 'bank', 'brand': 'بانک ملی', 'brand:en': 'Bank Melli Iran', 'brand:wikidata': 'Q806640', 'brand:wikipedia': 'en:Bank Melli Iran', 'name': 'بانک ملی', 'name:en': 'Bank Melli Iran'}"
35,node,3923294765,35.7476242,51.2453853,"{'amenity': 'bank', 'brand': 'بانک کشاورزی', 'brand:en': 'Bank Keshavarzi Iran', 'brand:wikidata': 'Q6395007', 'brand:wikipedia': 'en:Bank Keshavarzi Iran', 'name': 'بانک کشاورزی', 'name:en': 'Bank Keshavarzi Iran'}"
36,node,3923297764,35.7477504,51.2471882,"{'amenity': 'bank', 'brand': 'بانک پارسیان', 'brand:en': 'Parsian Bank', 'brand:wikidata': 'Q2410404', 'brand:wikipedia': 'en:Parsian Bank', 'name': 'بانک پارسیان', 'name:en': 'Parsian Bank'}"
37,node,3923301721,35.7481011,51.2441482,{'amenity': 'library'}
38,node,3923427488,35.7558671,51.2431294,"{'amenity': 'school', 'name': 'پویش نوین'}"
39,node,3924796489,35.7595399,51.2465119,"{'amenity': 'library', 'name': 'كتابخانه پرتو', 'phone': '+982144759495'}"
40,node,3924813981,35.7556949,51.2606008,"{'amenity': 'bank', 'brand': 'بانک صادرات', 'brand:en': 'Bank Saderat Iran', 'brand:fa': 'بانک صادرات', 'brand:wikidata': 'Q2882608', 'brand:wikipedia': 'en:Bank Saderat Iran', 'name': 'بانک صادرات', 'name:en': 'Bank Saderat Iran', 'name:fa': 'بانک صادرات'}"
41,node,3924813982,35.7570691,51.2618202,"{'amenity': 'school', 'name': 'کوثر'}"
42,node,3925005355,35.7534862,51.154995,"{'amenity': 'library', 'name': 'کتابخانه سیدالشهدا', 'name:en': 'Sayyid al-Shuhada Library', 'opening_hours': 'Sa-Th 08:30-18:30', 'phone': '02144990772'}"
43,node,3928099820,35.755894,51.2605439,"{'amenity': 'driving_school', 'name': 'آموزشگاه رانندگی'}"
44,node,3928129308,35.7652519,51.2871531,"{'amenity': 'bank', 'atm': 'yes', 'brand': 'بانک صادرات', 'brand:en': 'Bank Saderat Iran', 'brand:fa': 'بانک صادرات', 'brand:wikidata': 'Q2882608', 'brand:wikipedia': 'en:Bank Saderat Iran', 'name': 'بانک صادرات', 'name:en': 'Bank Saderat Iran', 'name:fa': 'بانک صادرات'}"
45,node,3929889009,35.7627103,51.2908224,{'amenity': 'taxi'}
46,node,3985537490,35.7623254,51.2834008,"{'amenity': 'place_of_worship', 'denomination': 'shia', 'religion': 'muslim'}"
47,node,4124098811,35.7201831,51.2204644,"{'amenity': 'toilets', 'name': 'دستشویی عمومی'}"
48,node,4124268398,35.7234673,51.222379,"{'amenity': 'toilets', 'name': 'دستشویی عمومی'}"
49,node,4131186590,35.7467919,51.2646785,"{'addr:street': 'میدان المپیک', 'amenity': 'restaurant', 'name': 'ماه نوش'}"
50,node,4131187115,35.7487839,51.2667012,{'amenity': 'toilets'}
51,node,4131187116,35.7438333,51.2638591,"{'addr:street': 'دهکده المپیک', 'amenity': 'pharmacy', 'healthcare': 'pharmacy', 'name': 'داروخانه شبانه روزی', 'opening_hours': '24/7'}"
52,node,4131221934,35.7387469,51.2835498,"{'addr:street': 'بلوار تعاون', 'amenity': 'bank', 'atm': 'yes', 'brand': 'بانک مسکن', 'brand:en': 'Bank Maskan', 'brand:wikidata': 'Q4855942', 'name': 'بانک مسکن', 'name:en': 'Bank Maskan', 'opening_hours': 'Sa-We 07:30-15:00; Th 07:30-13:00'}"
53,node,4131222225,35.7296862,51.2600198,{'amenity': 'atm'}
54,node,4131222226,35.741394,51.2761062,"{'addr:street': 'اندیشه شمالی', 'amenity': 'restaurant', 'name': 'کبابی المهدی', 'name:en': 'Almahdi Kebabs'}"
55,node,4131222402,35.7378871,51.2859707,"{'addr:street': 'بلوار تعاون', 'amenity': 'clinic', 'healthcare': 'clinic', 'opening_hours': '24/7'}"
56,node,4131222996,35.7467023,51.2648429,"{'addr:street': 'میدان المپیک', 'amenity': 'fast_food', 'name': 'هایدا'}"
57,node,4131310389,35.7302778,51.2597566,{'amenity': 'atm'}
58,node,4250630957,35.7556086,51.2897714,{'amenity': 'telephone'}
59,node,4280847696,35.7379203,51.1614476,"{'amenity': 'place_of_worship', 'religion': 'muslim'}"
60,node,4298747491,35.7613386,51.2046201,"{'amenity': 'pharmacy', 'healthcare': 'pharmacy', 'name': 'داروخانه'}"
61,node,4299950889,35.7182643,51.1953377,"{'amenity': 'bank', 'brand': 'بانک پارسیان', 'brand:en': 'Parsian Bank', 'brand:wikidata': 'Q2410404', 'brand:wikipedia': 'en:Parsian Bank', 'name': 'بانک پارسیان', 'name:en': 'Parsian Bank'}"
62,node,4317847890,35.7433536,51.1694798,"{'amenity': 'bank', 'atm': 'yes', 'brand': 'بانک تجارت', 'brand:wikidata': 'Q7695198', 'brand:wikipedia': 'en:Tejarat Bank', 'name': 'بانک تجارت', 'name:en': 'Tejarat Bank'}"
63,node,4326615094,35.7648868,51.2856917,"{'addr:street': 'یکم شرقی', 'amenity': 'car_rental', 'name': 'اژانس تاکسی سرویس صدر'}"
64,node,4347487316,35.7594876,51.2019009,"{'amenity': 'atm', 'check_date': '2021-07-22', 'operator': 'خودپرداز بانک دی'}"
65,node,4347687090,35.759491,51.204427,"{'amenity': 'school', 'name': 'دبستان دخترانه ساجده', 'name:en': 'Sajede School'}"
66,node,4347970356,35.7359107,51.2623769,"{'addr:city': 'تهران', 'addr:street': 'خروجی بلوارسجاد', 'amenity': 'car_wash', 'name': 'تعمیرگاه حسین باتری ساز', 'name:en': 'Hoseyn BatriSaz'}"
67,node,4348368596,35.7589329,51.2040561,"{'amenity': 'school', 'name': 'دبیرستان دخترانه نبی اکرم', 'name:en': 'Nabiye Akram High School'}"
68,node,4348826191,35.7616015,51.2462308,"{'amenity': 'community_centre', 'name': 'پردیس قدیر', 'name:en': 'Qadir'}"
69,node,4350027897,35.7497635,51.2414992,"{'amenity': 'clinic', 'healthcare': 'clinic', 'name': 'درمانگاه شبانه روزی گلستان غرب', 'name:en': 'Golestane Qarb 24-Houre Clinic', 'opening_hours': '24/7'}"
70,node,4350027994,35.749721,51.2413749,"{'amenity': 'atm', 'name': 'خودپرداز بانک سامان', 'not:brand:wikidata': 'Q4117676', 'operator': 'بانک سامان'}"
71,node,4350048394,35.7517045,51.2405836,"{'amenity': 'fast_food', 'name': 'عطاویچ'}"
72,node,4362339793,35.7491292,51.2413469,"{'amenity': 'fast_food', 'name': 'ساندویچی'}"
73,node,4368984394,35.7532007,51.2844836,"{'amenity': 'car_wash', 'name': 'کارواش شهران'}"
74,node,4372177599,35.7529227,51.2407338,"{'amenity': 'ice_cream', 'name': 'بستنی فروشی'}"
75,node,4377593254,35.7543914,51.2400682,"{'amenity': 'restaurant', 'name': 'جگرسرای تهران تک ۲', 'name:en': 'Tehran Tak 2'}"
76,node,4392327394,35.7638902,51.2892482,"{'amenity': 'bank', 'atm': 'yes', 'brand': 'بانک اقتصاد نوین', 'brand:en': 'EN Bank', 'brand:wikidata': 'Q5323768', 'brand:wikipedia': 'en:EN Bank', 'name': 'بانک اقتصاد نوین', 'name:en': 'EN Bank'}"
77,node,4392327992,35.7649742,51.2860038,"{'amenity': 'bank', 'atm': 'yes', 'brand': 'بانک تجارت', 'brand:wikidata': 'Q7695198', 'brand:wikipedia': 'en:Tejarat Bank', 'name': 'بانک تجارت', 'name:en': 'Bank Tejarat'}"
78,node,4392327993,35.7650332,51.2861965,"{'amenity': 'bank', 'atm': 'yes', 'brand': 'بانک ملت', 'brand:en': 'Bank Mellat', 'brand:wikidata': 'Q4855944', 'brand:wikipedia': 'en:Bank Mellat', 'name': 'بانک ملت', 'name:en': 'Bank Mellat'}"
79,node,4392328691,35.7643998,51.289461,"{'amenity': 'bank', 'atm': 'yes', 'brand': 'بانک سپه', 'brand:en': 'Bank Sepah', 'brand:wikidata': 'Q2882624', 'brand:wikipedia': 'en:Bank Sepah', 'name': 'بانک سپه', 'name:en': 'Bank Sepah'}"
80,node,4402875290,35.7593472,51.2074278,"{'amenity': 'atm', 'name': 'بوستان هشتم'}"
81,node,4406634514,35.7477273,51.202202,"{'amenity': 'bicycle_rental', 'capacity': '50', 'name': 'ایستگاه کرایه دوچرخه شماره دو'}"
82,node,4406634561,35.7507867,51.2049802,"{'amenity': 'bicycle_rental', 'name': 'ایستگاه کرایه دوچرخه شماره دو دریاچه چیتگر'}"
83,node,4406745172,35.747452,51.2044929,"{'amenity': 'drinking_water', 'name': 'آب آشامیدنی'}"
84,node,4406745173,35.7470667,51.205319,"{'amenity': 'drinking_water', 'name': 'آب آشامیدنی'}"
85,node,4406745174,35.7487712,51.2054182,"{'amenity': 'drinking_water', 'name': 'آب آشامیدنی'}"
86,node,4406745175,35.7510394,51.2062872,"{'amenity': 'drinking_water', 'name': 'آب آشامیدنی'}"
87,node,4406745176,35.7514399,51.2071053,"{'amenity': 'drinking_water', 'name': 'آب آشامیدنی'}"
88,node,4406745177,35.7465682,51.2052171,"{'amenity': 'drinking_water', 'name': 'آب آشامیدنی'}"
89,node,4406745279,35.7246267,51.2381762,"{'amenity': 'bicycle_rental', 'name': 'ایستگاه کرایه دوچرخه'}"
90,node,4406745301,35.725698,51.2376585,"{'amenity': 'toilets', 'name': 'سرویس بهداشتی'}"
91,node,4406745302,35.72582,51.2373474,"{'amenity': 'bicycle_rental', 'name': 'ایستگاه کرایه دوچرخه'}"
92,node,4406745303,35.7261096,51.2369343,"{'amenity': 'bicycle_rental', 'name': 'ایستگاه کرایه دوچرخه'}"
93,node,4406745709,35.7485482,51.2205076,"{'amenity': 'theatre', 'name': 'آمفی تئاتر شرقی دریاچه', 'name:en': 'East Amphitheater'}"
94,node,4406745710,35.7479728,51.2203175,"{'amenity': 'toilets', 'name': 'سرویس بهداشتی'}"
95,node,4406745713,35.748752,51.2184996,"{'amenity': 'boat_rental', 'name': 'کرایه قایق شرقی دریاچه چیتگر'}"
96,node,4406745714,35.7461422,51.2066746,"{'amenity': 'boat_rental', 'name': 'کرایه قایق غربی دریاچه چیتگر'}"
97,node,4406777235,35.7537502,51.2170722,"{'amenity': 'atm', 'drive_through': 'no', 'name': 'خود پرداز بانک اقتصاد نوین'}"
98,node,4406777236,35.753822,51.2175832,"{'amenity': 'bank', 'atm': 'yes', 'brand': 'بانک سپه', 'brand:en': 'Bank Sepah', 'brand:wikidata': 'Q2882624', 'brand:wikipedia': 'en:Bank Sepah', 'name': 'بانک سپه', 'name:en': 'Bank Sepah', 'opening_hours': '09:00-16:00'}"
99,node,4413424389,35.7611605,51.2058682,"{'amenity': 'clinic', 'healthcare': 'clinic', 'name': 'مرکز خدمات پزشکی شهرک شهید باقری'}"
100,node,4413908193,35.7570627,51.2852907,{'amenity': 'toilets'}
101,node,4415618965,35.7498127,51.2028942,"{'amenity': 'toilets', 'name': 'سرویس بهداشتی'}"
102,node,4418525691,35.7478034,51.2503753,"{'amenity': 'fast_food', 'name': 'پیتزا گلستان', 'name:en': 'Golestan Pizza'}"
103,node,4431522748,35.7599379,51.2808743,"{'amenity': 'bank', 'atm': 'yes', 'brand': 'بانک ملت', 'brand:en': 'Bank Mellat', 'brand:wikidata': 'Q4855944', 'brand:wikipedia': 'en:Bank Mellat', 'name': 'بانک ملت', 'name:en': 'Bank Mellat'}"
104,node,4442290274,35.7633081,51.2538259,{'amenity': 'taxi'}
105,node,4458116683,35.7577842,51.2765039,"{'amenity': 'place_of_worship', 'name': 'حسینیه سید الشهدا', 'religion': 'muslim'}"
106,node,4475317048,35.7475158,51.2055105,"{'amenity': 'drinking_water', 'name': 'آب آشامیدنی'}"
107,node,4475317049,35.7492562,51.218825,"{'amenity': 'drinking_water', 'name': 'آب آشامیدنی'}"
108,node,4475317050,35.7398267,51.2232493,"{'amenity': 'toilets', 'name': 'سرویس بهداشتی'}"
109,node,4475377443,35.7504172,51.2008694,"{'amenity': 'toilets', 'name': 'سرویس بهداشتی'}"
110,node,4475509107,35.7530491,51.2195866,"{'amenity': 'clinic', 'healthcare': 'clinic', 'name': 'پایگاه سلامت شهید صفرپور'}"
111,node,4508774113,35.7209902,51.1846934,"{'amenity': 'bank', 'brand': 'بانک ملت', 'brand:en': 'Bank Mellat', 'brand:wikidata': 'Q4855944', 'brand:wikipedia': 'en:Bank Mellat', 'name': 'بانک ملت', 'name:en': 'Bank Mellat'}"
112,node,4508774114,35.7208203,51.1850583,"{'amenity': 'bank', 'name': 'موسسه مالی مهر'}"
113,node,4513880921,35.7472896,51.2866446,"{'amenity': 'taxi', 'name': 'پایانه تاکسی تعاون', 'name:en': 'Taxi Stand'}"
114,node,4534086697,35.7658135,51.2571044,"{'amenity': 'university', 'name': 'پردیس پژوهش و فناوری دانشگاه صنعتی شریف', 'name:en': 'Sharif University of Technology Research and Tech Campus'}"
115,node,4540187262,35.7460916,51.1541693,"{'amenity': 'police', 'name': 'کیوسک شماره ۲ کلانتری ۴۱ شهرک راه آهن'}"
116,node,4540262962,35.7533529,51.2160617,"{'amenity': 'place_of_worship', 'building': 'mosque', 'denomination': 'shia', 'name': 'مسجد علی ابن ابی طالب', 'religion': 'muslim'}"
117,node,4543898337,35.7258964,51.1962816,"{'amenity': 'taxi', 'name': 'ایستگاه تاکسی مترو ایران خودرو'}"
118,node,4556903576,35.7447514,51.1688374,"{'amenity': 'library', 'name': 'کتابخانه تخصصی پلیمر'}"
119,node,4574989689,35.7557866,51.2337421,"{'amenity': 'library', 'internet_access': 'wlan', 'name': 'خانه فرهنگ امیر کبیر', 'name:en': 'Khane farhang Amir Kabir'}"
120,node,4580988405,35.7439036,51.1697673,"{'amenity': 'car_rental', 'name': 'آژانس پژوهشگاه', 'phone': '+98 21 4419 6338, +98 21 4866 2204'}"
121,node,4594468791,35.756891,51.2893712,"{'addr:housenumber': '2', 'addr:postcode': '021', 'addr:street': 'قدس', 'amenity': 'community_centre', 'email': 'kakavand6892@yahoo.com', 'internet_access': 'wlan', 'name': 'بیمه ایران کد ۶۸۹۲', 'name:en': 'Iran Insurance', 'opening_hours': '24/7', 'phone': '+98 21 4436 6332'}"
122,node,4644012989,35.7538304,51.1560877,"{'amenity': 'atm', 'check_date': '2021-11-12', 'opening_hours': '24/7', 'operator': 'خودپرداز بانک سامان'}"
123,node,4677899955,35.7306682,51.2479659,"{'amenity': 'restaurant', 'name': 'رستوران شهرزاد'}"
124,node,4677899956,35.730259,51.2477829,"{'amenity': 'restaurant', 'name': 'رستوران هزار دستان', 'name:en': 'Hezar dastan restaurant'}"
125,node,4677899957,35.7296046,51.2479961,"{'amenity': 'bank', 'brand': 'بانک ملی', 'brand:en': 'Bank Melli Iran', 'brand:wikidata': 'Q806640', 'name': 'بانک ملی', 'name:en': 'Bank Melli Iran'}"
126,node,4713123125,35.7371783,51.1334359,{'amenity': 'post_box'}
127,node,4713123126,35.7372753,51.1334832,{'amenity': 'atm'}
128,node,4713123131,35.7372369,51.1339636,{'amenity': 'atm'}
129,node,4713123136,35.7388583,51.1342106,"{'amenity': 'pharmacy', 'healthcare': 'pharmacy'}"
130,node,4713123160,35.7442849,51.1393152,{'amenity': 'car_wash'}
131,node,4730459026,35.7455624,51.2473685,"{'addr:street': 'سی وپنج متری گلها', 'amenity': 'bus_station', 'bus': 'yes', 'name': 'مجتمع نیلوفر بوستان ناز', 'public_transport': 'station'}"
132,node,4730459027,35.7481747,51.2483997,"{'addr:street': 'بلوار امیرکبیر', 'amenity': 'bank', 'brand': 'بانک سامان', 'brand:en': 'Saman Bank', 'brand:wikidata': 'Q4117676', 'brand:wikipedia': 'en:Saman Bank', 'name': 'بانک سامان', 'name:en': 'Saman Bank'}"
133,node,4730471021,35.7475213,51.2486436,"{'addr:street': 'بلوار امیرکبیر', 'amenity': 'bank', 'brand': 'بانک سرمایه', 'brand:en': 'Sarmayeh Bank', 'brand:wikidata': 'Q7424291', 'brand:wikipedia': 'en:Sarmayeh Bank', 'name': 'بانک سرمایه', 'name:en': 'Sarmayeh Bank'}"
134,node,4755493322,35.715656,51.2066394,"{'amenity': 'pharmacy', 'healthcare': 'pharmacy', 'name': 'داروخانه راضیه', 'opening_hours': 'Sa-Th 10:00-23:00', 'phone': '+98 21 4490 7737'}"
135,node,4767119357,35.765542,51.2880731,"{'amenity': 'bank', 'atm': 'yes', 'brand': 'بانک سامان', 'brand:en': 'Saman Bank', 'brand:wikidata': 'Q4117676', 'brand:wikipedia': 'en:Saman Bank', 'name': 'بانک سامان', 'name:en': 'Saman Bank'}"
136,node,4767422821,35.7659189,51.2882732,"{'amenity': 'pharmacy', 'healthcare': 'pharmacy', 'name': 'داروخانه دکتر ابوالفضلی', 'name:en': 'Dr. Abolfazli'}"
137,node,4767422823,35.756358,51.28931,"{'amenity': 'clinic', 'healthcare': 'clinic', 'healthcare:speciality': 'dentist;internal;orthopaedics;dermatology;urology;neurology', 'name': 'درمانگاه شبانه روزی حیان', 'name:en': 'Hayan', 'opening_hours': '24/7', 'payment:cash': 'yes', 'payment:credit_cards': 'yes'}"
138,node,4767466325,35.7635829,51.290483,"{'amenity': 'pharmacy', 'healthcare': 'pharmacy', 'name': 'داروخانه دکتر کریمی نژاد', 'name:en': 'Dr. Kariminejad', 'phone': '+9821 44317085'}"
139,node,4767476524,35.763346,51.2905259,"{'amenity': 'clinic', 'healthcare': 'clinic', 'name': 'درمانگاه شبانه روزی صدر', 'name:en': 'Sadr 24 hours', 'opening_hours': '24/7', 'phone': '+98 21 4430 9401'}"
140,node,4767712221,35.7645079,51.2842284,"{'amenity': 'bank', 'brand': 'بانک ایران زمین', 'brand:en': 'Iran Zamin Bank', 'brand:wikidata': 'Q5934423', 'name': 'بانک ایران زمین', 'name:en': 'Iran Zamin Bank'}"
141,node,4767773723,35.7646157,51.2845833,"{'amenity': 'bank', 'atm': 'yes', 'brand': 'بانک سپه', 'brand:en': 'Bank Sepah', 'brand:wikidata': 'Q2882624', 'brand:wikipedia': 'en:Bank Sepah', 'name': 'بانک سپه', 'name:en': 'Bank Sepah'}"
142,node,4769354833,35.7260849,51.2460854,"{'amenity': 'pharmacy', 'healthcare': 'pharmacy', 'name': 'داروخانه'}"
143,node,4781275024,35.7233299,51.1110632,"{'amenity': 'restaurant', 'name': 'آشپزخانه دایی'}"
144,node,4781275025,35.7238736,51.1117499,"{'amenity': 'clinic', 'healthcare': 'clinic', 'name': 'درمانگاه لادن'}"
145,node,4786754622,35.7311183,51.2745989,{'amenity': 'parking'}
146,node,4787688223,35.7476104,51.2414573,"{'amenity': 'pharmacy', 'healthcare': 'pharmacy', 'name': 'داروخانه شبانه روزی شهاب', 'opening_hours': '24/7'}"
147,node,4791270960,35.7538238,51.2257495,"{'amenity': 'atm', 'name': 'خودپرداز بانک شهر'}"
148,node,4791903323,35.7607238,51.265425,"{'addr:street': 'ورزش شرقی', 'amenity': 'bank', 'brand': 'بانک ملت', 'brand:en': 'Bank Mellat', 'brand:wikidata': 'Q4855944', 'brand:wikipedia': 'en:Bank Mellat', 'name': 'بانک ملت', 'name:en': 'Bank Mellat', 'phone': '+98 21 4475 9100', 'website': 'http://www.Bmi.ir'}"
149,node,4791903324,35.7608626,51.2654512,"{'addr:street': 'ورزش شرقی', 'amenity': 'fast_food', 'name': 'پیتزا دهکده', 'name:en': 'Dehkade Pizza'}"
150,node,4791922321,35.7620652,51.2648616,"{'addr:street': 'المپیک پنجم', 'amenity': 'restaurant', 'name': 'مرغ بی بی کیو ۳۶۰ درجه', 'name:en': 'Chicken BBQ 360', 'phone': '+9821 4475 6186'}"
151,node,4791929859,35.7560207,51.2168715,"{'amenity': 'atm', 'name': 'خودپرداز بانک حکمت ایرانیان'}"
152,node,4799759721,35.7460689,51.2444761,{'amenity': 'toilets'}
153,node,4807479645,35.769905,51.2721699,"{'amenity': 'bus_station', 'bus': 'yes', 'name': 'پایانه کوهسار', 'name:en': 'Kuhsar Bus Terminal', 'public_transport': 'station'}"
154,node,4807479665,35.7705536,51.2692007,"{'amenity': 'restaurant', 'contact:phone': '+98 21 4415 8133', 'name': 'باغ مهستان', 'name:en': 'Mahestan Garden'}"
155,node,4808212121,35.7202555,51.1956556,{'amenity': 'police'}
156,node,4860204464,35.7231219,51.2185127,"{'amenity': 'toilets', 'name': 'سرویس بهداشتی میدان چیتگر'}"
157,node,4860318522,35.7471091,51.2477053,"{'amenity': 'post_office', 'name': 'دفتر خدمات پستی'}"
158,node,4870004234,35.7212348,51.1787245,"{'amenity': 'bank', 'brand': 'بانک تجارت', 'brand:wikidata': 'Q7695198', 'brand:wikipedia': 'en:Tejarat Bank', 'name': 'بانک تجارت', 'name:en': 'Tejarat Bank'}"
159,node,4919048021,35.7634131,51.2216832,"{'amenity': 'fuel', 'name': 'پمپ بنزین آبشار تهران', 'name:en': 'Tehran Waterfall Gas station', 'surface': 'concrete'}"
160,node,4935159806,35.7390614,51.1823635,{'amenity': 'toilets'}
161,node,4938816521,35.763632,51.2841101,"{'amenity': 'pharmacy', 'healthcare': 'pharmacy', 'name': 'داروخانه ستایش', 'name:en': 'Setayesh Pharmacy'}"
162,node,4970704658,35.74678,51.2198496,{'amenity': 'boat_rental'}
163,node,4983216713,35.75519,51.23633,"{'addr:street': 'سروستان نهم', 'amenity': 'cafe', 'name': 'کافه سنتی کاج', 'name:en': 'Kaj Cafe', 'opening_hours': '10:30-23:59'}"
164,node,5018708439,35.7187952,51.2669177,"{'amenity': 'fire_station', 'name': 'ایستگاه ۲۰ آتش نشانی', 'phone': '+98 21 4473 9141', 'website': 'http://www.125.ir'}"
165,node,5052010365,35.7679679,51.2796043,"{'amenity': 'restaurant', 'name': 'رستوران نگارستان', 'name:en': 'Negarestan'}"
166,node,5052010376,35.7679109,51.2802249,"{'amenity': 'restaurant', 'name': 'مجتمع پذیرایی باغ نگارستان'}"
167,node,5052097739,35.7709212,51.2787893,"{'amenity': 'restaurant', 'name': 'رستوران آبی', 'name:en': 'Abi Restaurant'}"
168,node,5077332133,35.7281821,51.2902973,"{'amenity': 'pharmacy', 'dispensing': 'yes', 'drive_through': 'yes', 'healthcare': 'pharmacy', 'name': 'داروخانه شبانه روزی دکتر نیازاده', 'opening_hours': '24/7'}"
169,node,5078815825,35.7548709,51.2647745,"{'amenity': 'school', 'name': 'کانون زبان برتر', 'name:en': 'bartar english institute'}"
170,node,5079551577,35.7281182,51.2903663,"{'amenity': 'fast_food', 'cuisine': 'کباب_ترکی'}"
171,node,5088457498,35.7294928,51.2895339,"{'amenity': 'atm', 'currency:IRR': 'yes', 'drive_through': 'no', 'operator': 'بانک سامان'}"
172,node,5088457499,35.7295138,51.289515,"{'amenity': 'atm', 'currency:IRR': 'yes', 'currency:ریال': 'yes', 'drive_through': 'no', 'operator': 'بانک پاسارگاد'}"
173,node,5100099924,35.7481212,51.2479965,"{'amenity': 'school', 'name': 'مدرسه راهنمایی مهر ماندگار', 'name:en': 'Mehre Mandegar School'}"
174,node,5112506774,35.7263107,51.1956172,"{'amenity': 'bus_station', 'bus': 'yes', 'name': 'پایانه مترو ایران خودرو', 'public_transport': 'station'}"
175,node,5112520708,35.7452201,51.1513421,"{'amenity': 'taxi', 'name': 'ایستگاه تاکسی مترو وردآورد'}"
176,node,5112936796,35.7174449,51.2446462,"{'amenity': 'taxi', 'name': 'ایستگاه تاکسی تراموا چیتگر'}"
177,node,5113264705,35.7240507,51.231234,"{'amenity': 'restaurant', 'name': 'رستوران کافی شاپ شب های گلستان'}"
178,node,5120468889,35.7330299,51.1893743,"{'amenity': 'place_of_worship', 'name': 'مسجد خاتم الانبیا', 'religion': 'muslim'}"
179,node,5120483718,35.7295528,51.1835614,"{'amenity': 'bus_station', 'bus': 'yes', 'name': 'پایانه شهرک شهرداری', 'name:en': 'Shahrdari Town Terminal', 'public_transport': 'station'}"
180,node,5120620262,35.7378359,51.1227966,"{'amenity': 'bus_station', 'bus': 'yes', 'name': 'ایستگاه اتوبوس امام حسین', 'public_transport': 'station'}"
181,node,5145768878,35.7480917,51.2535211,"{'amenity': 'fast_food', 'name': 'پیتزا دانی', 'name:en': 'Dani Pizza'}"
182,node,5152803330,35.722504,51.1765225,"{'amenity': 'bank', 'brand': 'بانک پارسیان', 'brand:en': 'Parsian Bank', 'brand:wikidata': 'Q2410404', 'brand:wikipedia': 'en:Parsian Bank', 'name': 'بانک پارسیان', 'name:en': 'Parsian Bank'}"
183,node,5156308021,35.7249644,51.2450443,{'amenity': 'atm'}
184,node,5161150928,35.7470044,51.2638627,"{'addr:street': 'میدان المپیک', 'amenity': 'police', 'name': 'کیوسک پلیس'}"
185,node,5161150929,35.7468549,51.2645949,"{'addr:street': 'میدان المپیک', 'amenity': 'restaurant', 'name': 'رستوران ریحانه'}"
186,node,5164058522,35.7196414,51.1076591,{'amenity': 'atm'}
187,node,5165098122,35.7394013,51.1807945,{'amenity': 'toilets'}
188,node,5168666921,35.7247269,51.245241,"{'amenity': 'bus_station', 'bus': 'yes', 'name': 'ایستگاه ناحیه دو شهرداری', 'public_transport': 'station'}"
189,node,5168666922,35.7245777,51.2448455,"{'amenity': 'bus_station', 'bus': 'yes', 'name': 'ناحیه دو شهرداری', 'public_transport': 'station'}"
190,node,5181177021,35.7368203,51.1493784,"{'amenity': 'atm', 'name': 'خودپرداز ملی', 'name:en': 'Meli Atm', 'operator': 'ملی'}"
191,node,5193831589,35.746324,51.2348094,"{'amenity': 'fast_food', 'name': 'فلافل'}"
192,node,5220251221,35.7300905,51.285006,"{'amenity': 'atm', 'not:brand:wikidata': 'Q7424291', 'operator': 'بانک سرمایه'}"
193,node,5224986692,35.7274468,51.2862766,"{'amenity': 'car_wash', 'name': 'کارواش استقلال'}"
194,node,5234937894,35.7401065,51.2796632,"{'amenity': 'place_of_worship', 'name': 'مسجد صاحب الزمان', 'religion': 'muslim'}"
195,node,5252567105,35.7512595,51.2405516,"{'amenity': 'pharmacy', 'healthcare': 'pharmacy', 'name': 'داروخانه دکتر شهرام شعیبی'}"
196,node,5257685321,35.7494391,51.2682021,{'amenity': 'drinking_water'}
197,node,5257688622,35.7551118,51.2693965,{'amenity': 'drinking_water'}
198,node,5257727721,35.7448144,51.2666633,{'amenity': 'toilets'}
199,node,5257743421,35.7448552,51.2678746,{'amenity': 'toilets'}
200,node,5257743422,35.7436245,51.268117,{'amenity': 'drinking_water'}
201,node,5264256169,35.7534183,51.2344778,"{'amenity': 'ice_cream', 'name': 'بستنی کولاک'}"
202,node,5265208720,35.7613991,51.1996493,"{'amenity': 'recycling', 'recycling:batteries': 'yes', 'recycling:cans': 'yes', 'recycling:clothes': 'yes', 'recycling:cooking_oil': 'yes', 'recycling:engine_oil': 'yes', 'recycling:glass_bottles': 'yes', 'recycling:green_waste': 'yes', 'recycling:paper': 'yes', 'recycling:plastic': 'yes', 'recycling:scrap_metal': 'yes', 'recycling:shoes': 'yes', 'recycling:small_electrical_appliances': 'yes', 'recycling_type': 'container'}"
203,node,5269711421,35.753891,51.2420266,"{'amenity': 'pharmacy', 'healthcare': 'pharmacy', 'name': 'داروخانه مهر درسا', 'name:en': 'Mehr Dorsa Pharmacy'}"
204,node,5278202621,35.7581339,51.2300417,"{'amenity': 'atm', 'brand': 'بانک سامان', 'brand:en': 'Saman Bank', 'brand:wikidata': 'Q4117676', 'brand:wikipedia': 'en:Saman Bank', 'name': 'بانک سامان', 'name:en': 'Saman Bank', 'operator': 'بانک سامان', 'operator:wikidata': 'Q4117676', 'operator:wikipedia': 'en:Saman Bank'}"
205,node,5278944905,35.7158924,51.2071239,"{'amenity': 'clinic', 'healthcare': 'clinic', 'name': 'درمانگاه شهرک دانشگاه', 'name:en': ""Daneshgah Town's Clinic""}"
206,node,5292137774,35.7474053,51.2428913,"{'amenity': 'bank', 'brand': 'بانک دی', 'brand:en': 'Bank Day', 'brand:fa': 'بانک دی', 'brand:wikidata': 'Q5942230', 'name': 'بانک دی', 'name:en': 'Bank Day', 'name:fa': 'بانک دی'}"
207,node,5299006723,35.7597809,51.2810065,"{'addr:street': 'حاج ملا حسین', 'amenity': 'clinic', 'healthcare': 'clinic', 'name': 'مجتمع پرشکی حضرت زهرا(ع)', 'name:en': 'hazrat zahra medical center'}"
208,node,5309337726,35.7479661,51.2491096,"{'amenity': 'bank', 'atm': 'yes', 'brand': 'بانک سپه', 'brand:en': 'Bank Sepah', 'brand:wikidata': 'Q2882624', 'brand:wikipedia': 'en:Bank Sepah', 'name': 'بانک سپه', 'name:en': 'Bank Sepah'}"
209,node,5309337727,35.7480275,51.250211,"{'amenity': 'bank', 'atm': 'yes', 'brand': 'بانک تجارت', 'brand:wikidata': 'Q7695198', 'brand:wikipedia': 'en:Tejarat Bank', 'name': 'بانک تجارت', 'name:en': 'Tejarat Bank'}"
210,node,5309337729,35.748099,51.2507744,"{'amenity': 'bank', 'atm': 'yes', 'brand': 'بانک مسکن', 'brand:en': 'Bank Maskan', 'brand:wikidata': 'Q4855942', 'brand:wikipedia': 'en:Bank Maskan', 'name': 'بانک مسکن', 'name:en': 'Bank Maskan'}"
211,node,5309337730,35.7477509,51.2501348,"{'amenity': 'bank', 'atm': 'yes', 'brand': 'بانک آینده', 'brand:en': 'Ayandeh Bank', 'brand:wikidata': 'Q5938144', 'brand:wikipedia': 'en:Ayandeh Bank', 'name': 'بانک آینده', 'name:en': 'Ayandeh Bank'}"
212,node,5309346859,35.7474897,51.2476117,"{'amenity': 'bank', 'atm': 'yes', 'brand': 'بانک شهر', 'brand:en': 'Shahr Bank', 'brand:fa': 'بانک شهر', 'brand:wikidata': 'Q5941033', 'brand:wikipedia': 'fa:بانک شهر', 'name': 'بانک شهر', 'name:en': 'Shahr Bank', 'name:fa': 'بانک شهر'}"
213,node,5316660376,35.7300785,51.2854109,"{'amenity': 'school', 'name': 'پیش دبستات و دبستان دخترانه صدرا'}"
214,node,5325036621,35.7466467,51.2332574,"{'addr:street': 'بلوار امیرکبیر', 'amenity': 'language_school', 'name': 'آموزشگاه زبان هرمس', 'name:en': 'Hermes Language Institute'}"
215,node,5359531581,35.7587545,51.2280927,"{'amenity': 'place_of_worship', 'name': 'مسجد فاطمة الزهرا', 'religion': 'muslim'}"
216,node,5416396464,35.7597499,51.2333667,"{'amenity': 'atm', 'brand': 'بانک سامان', 'brand:en': 'Saman Bank', 'brand:wikidata': 'Q4117676', 'brand:wikipedia': 'en:Saman Bank', 'name': 'بانک سامان', 'name:en': 'Saman Bank', 'operator': 'بانک سامان', 'operator:wikidata': 'Q4117676', 'operator:wikipedia': 'en:Saman Bank'}"
217,node,5416396465,35.7597198,51.2333677,"{'amenity': 'atm', 'not:brand:wikidata': 'Q2882624', 'operator': 'بانک سپه'}"
218,node,5416396466,35.7605642,51.2339308,"{'amenity': 'atm', 'brand': 'بانک شهر', 'brand:en': 'Shahr Bank', 'brand:fa': 'بانک شهر', 'brand:wikidata': 'Q5941033', 'brand:wikipedia': 'fa:بانک شهر', 'name': 'بانک شهر', 'name:en': 'Shahr Bank', 'name:fa': 'بانک شهر', 'operator': 'بانک شهر', 'operator:wikidata': 'Q5941033', 'operator:wikipedia': 'fa:بانک شهر'}"
219,node,5418753444,35.758784,51.2310127,"{'amenity': 'atm', 'operator': 'بانک حکمت ایرانیان'}"
220,node,5501173429,35.7378685,51.1731505,"{'amenity': 'cafe', 'name': 'کافه', 'name:en': ""Botanical Museum's Cafe""}"
221,node,5512224594,35.7703494,51.2788057,"{'amenity': 'pharmacy', 'healthcare': 'pharmacy', 'name': 'داروخانه شبانه روزی خدابنده', 'phone': '+982144352917;+982144352916'}"
222,node,5554651311,35.7493453,51.2005523,{'amenity': 'parking_entrance'}
223,node,5586626175,35.7376832,51.1285828,"{'addr:street': 'امام حسین', 'amenity': 'atm', 'operator': 'بانک شهر'}"
224,node,5586650921,35.738389,51.1288594,"{'addr:street': 'ولیعصر', 'amenity': 'atm', 'operator': 'بانک رفاه کارگران'}"
225,node,5685094623,35.7319486,51.2016192,"{'amenity': 'restaurant', 'name': 'رستوران سنتی باراد'}"
226,node,5747641621,35.7520996,51.2647893,"{'amenity': 'bank', 'brand': 'بانک سامان', 'brand:en': 'Saman Bank', 'brand:wikidata': 'Q4117676', 'brand:wikipedia': 'en:Saman Bank', 'name': 'بانک سامان', 'name:en': 'Saman Bank'}"
227,node,5747641622,35.7335294,51.2582043,"{'amenity': 'car_wash', 'name': 'کارواش آزادی'}"
228,node,5747850686,35.7227534,51.2604746,"{'amenity': 'fuel', 'fuel:gasoline': 'yes', 'name': 'جایگاه سوخت صدرا'}"
229,node,5748925466,35.7533363,51.2598347,"{'amenity': 'atm', 'not:brand:wikidata': 'Q5941033', 'operator': 'بانک شهر'}"
230,node,5748925515,35.7532686,51.2592318,"{'amenity': 'atm', 'name': 'خودپرداز'}"
231,node,5748993026,35.7584009,51.2659753,"{'amenity': 'toilets', 'name': 'سرویس بهداشتی'}"
232,node,5748993101,35.7599724,51.2652901,"{'amenity': 'clinic', 'healthcare': 'clinic', 'name': 'مرکز بهداشت المپیک', 'name:en': 'Olympic health center'}"
233,node,5749134353,35.7582249,51.2622147,"{'amenity': 'bank', 'atm': 'yes', 'brand': 'بانک تجارت', 'brand:wikidata': 'Q7695198', 'brand:wikipedia': 'en:Tejarat Bank', 'name': 'بانک تجارت', 'name:en': 'Tejarat Bank'}"
234,node,5768274998,35.7171433,51.2855601,"{'amenity': 'taxi', 'name': 'تک تاکسی'}"
235,node,5768275000,35.7177097,51.285577,"{'amenity': 'fuel', 'name': 'پمپ بنزین ورزشگاه آزادی'}"
236,node,5768275001,35.7173624,51.285563,"{'amenity': 'fuel', 'name': 'جایگاه CNG'}"
237,node,5773960781,35.7508466,51.1239926,"{'amenity': 'place_of_worship', 'religion': 'muslim'}"
238,node,5775251857,35.715306,51.119714,"{'amenity': 'pharmacy', 'dispensing': 'yes', 'healthcare': 'pharmacy', 'name': 'داروخانه دکتر کرمی'}"
239,node,5775257254,35.7159718,51.1217362,"{'amenity': 'bank', 'brand': 'بانک تجارت', 'brand:wikidata': 'Q7695198', 'brand:wikipedia': 'en:Tejarat Bank', 'name': 'بانک تجارت'}"
240,node,5807913457,35.7636964,51.2017681,"{'amenity': 'bus_station', 'bus': 'yes', 'name': 'پایانه شهرک باقری', 'public_transport': 'station', 'wheelchair': 'limited'}"
241,node,5807929900,35.7658629,51.2043,"{'amenity': 'restaurant', 'name': 'مجتمع پذیرایی دوکوهه'}"
242,node,5810910136,35.7704516,51.2724151,"{'amenity': 'atm', 'not:brand:wikidata': 'Q4117676', 'operator': 'بانک سامان'}"
243,node,5810958405,35.7473291,51.2856101,"{'amenity': 'place_of_worship', 'name': 'مسجد حجت ابن الحسن', 'religion': 'muslim'}"
244,node,5810958427,35.7522401,51.2798873,"{'amenity': 'car_wash', 'name': 'کارواش'}"
245,node,5810976191,35.7390818,51.2836521,"{'amenity': 'bank', 'atm': 'yes', 'brand': 'بانک سپه', 'brand:en': 'Bank Sepah', 'brand:wikidata': 'Q2882624', 'name': 'بانک سپه', 'name:en': 'Bank Sepah'}"
246,node,5868374840,35.7408531,51.1363116,"{'amenity': 'place_of_worship', 'name': 'مسجد المهدی', 'religion': 'muslim'}"
247,node,5872864886,35.7217224,51.133048,"{'amenity': 'restaurant', 'name': 'باغ دامون', 'name:en': ""Damon's Garden"", 'source:name': 'map.ir'}"
248,node,5891587726,35.7316548,51.16369,"{'amenity': 'place_of_worship', 'name': 'مسجد موسی جعفر', 'religion': 'muslim'}"
249,node,5903317588,35.7607144,51.2597282,"{'amenity': 'college', 'name': 'دانشکده روانشناسی و علوم تربیتی', 'name:en': 'Faculty of Psychology and Education', 'operator': 'ATU'}"
250,node,5903320387,35.7593554,51.2609132,"{'amenity': 'restaurant', 'name': 'سلف دانشگاه'}"
251,node,5903320388,35.7591403,51.260255,"{'amenity': 'college', 'name': 'دانشکده علوم ارتباطات', 'name:en': 'Communication sciences department'}"
252,node,5929647962,35.7153415,51.1451466,"{'amenity': 'fuel', 'name': 'CNG جایگاه'}"
253,node,5949115784,35.749673,51.2417504,"{'amenity': 'kindergarten', 'name': 'مهد کودک و پیش دبستانی مهریار'}"
254,node,5949125050,35.7497186,51.2414343,"{'amenity': 'pharmacy', 'healthcare': 'pharmacy', 'name': 'داروخانه دکتر زهره رجبی', 'phone': '+98 21 4472 1918'}"
255,node,6015114748,35.7495214,51.2255174,"{'amenity': 'car_wash', 'name': 'کارواش'}"
256,node,6015143986,35.7594988,51.2338104,"{'amenity': 'place_of_worship', 'name': 'مسجد سید الشهدا'}"
257,node,6018244598,35.7568732,51.2398208,"{'amenity': 'pharmacy', 'name': 'داروخانه دکتر فرج الهی'}"
258,node,6018246470,35.7482598,51.2413806,"{'amenity': 'bank', 'brand': 'بانک سینا', 'brand:en': 'Sina Bank', 'brand:wikidata': 'Q10860246', 'name': 'بانک سینا', 'name:en': 'Sina Bank'}"
259,node,6018247258,35.7473466,51.2420386,"{'amenity': 'bank', 'name': 'بانک گردشگری'}"
260,node,6022597902,35.7537454,51.2319357,"{'amenity': 'pharmacy', 'healthcare': 'pharmacy', 'name': 'داروخانه شبانه روزی زینب رحیمیان', 'opening_hours': '24/7', 'phone': '44700301'}"
261,node,6024232796,35.7242293,51.2450117,"{'amenity': 'police', 'name': 'کیوسک کلانتری ۱۴۱'}"
262,node,6027762034,35.7585591,51.2278616,"{'amenity': 'school', 'name': 'دبیرستان پسرانه فرهیختگان سراج'}"
263,node,6028280232,35.7485115,51.2475442,"{'amenity': 'pharmacy', 'healthcare': 'pharmacy', 'name': 'داروخانه شهرک راه آهن'}"
264,node,6032353885,35.7337376,51.1892274,"{'amenity': 'police', 'name': 'کانسک پلیس'}"
265,node,6034444593,35.7152671,51.1873519,"{'amenity': 'post_office', 'name': 'اداره پست ایران خودرو'}"
266,node,6034444594,35.7200343,51.2149728,"{'amenity': 'fire_station', 'name': 'ایستگاه ۷۶ آتش نشانی'}"
267,node,6037149485,35.7618072,51.2461905,"{'amenity': 'police', 'name': 'فرماندهی مرزبانی کل ناجا'}"
268,node,6042585744,35.7390996,51.2217602,"{'amenity': 'police', 'name': 'ایستگاه استقرار پلیس بزرگراه'}"
269,node,6044337186,35.7350023,51.189523,"{'amenity': 'pharmacy', 'healthcare': 'pharmacy', 'name': 'داروخانه'}"
270,node,6044340285,35.732952,51.1889421,"{'amenity': 'bank', 'brand': 'پست بانک', 'brand:en': 'Post Bank of Iran', 'brand:wikidata': 'Q7233625', 'brand:wikipedia': 'en:Post Bank of Iran', 'name': 'پست بانک', 'name:en': 'Post Bank of Iran'}"
271,node,6046050786,35.7467866,51.2368747,"{'addr:housenumber': '217', 'amenity': 'music_school', 'name': 'آموزشگاه موسیقی ایران', 'phone': '+98 21 4471 1234'}"
272,node,6047381249,35.743842,51.2512859,"{'addr:city': 'تهران', 'addr:street': 'علی اکبر بیگدلی', 'amenity': 'pharmacy', 'healthcare': 'pharmacy', 'name': 'داروخانه ولیعصر', 'name:en': 'Valiasr Pharmacy', 'opening_hours': '24/7', 'phone': '+982144762208', 'shop': 'chemist'}"
273,node,6055081285,35.729524,51.1880933,{'amenity': 'atm'}
274,node,6064395120,35.7439773,51.2523749,"{'amenity': 'restaurant', 'name': 'تالار گل یاس'}"
275,node,6077131170,35.7177641,51.2453624,"{'amenity': 'bus_station', 'bus': 'yes', 'name': 'پایانه اتوبوسی تراموا چیتگر', 'public_transport': 'station'}"
276,node,6093286161,35.725617,51.1969489,{'amenity': 'drinking_water'}
277,node,6093303167,35.7297631,51.186624,"{'amenity': 'atm', 'atm': 'yes', 'brand': 'بانک تجارت', 'brand:wikidata': 'Q7695198', 'brand:wikipedia': 'en:Tejarat Bank', 'name': 'بانک تجارت', 'operator': 'بانک تجارت', 'operator:wikidata': 'Q7695198', 'operator:wikipedia': 'en:Tejarat Bank'}"
278,node,6100924555,35.7313713,51.1835622,"{'amenity': 'place_of_worship', 'name': 'مسجد ابوالفضل', 'religion': 'muslim'}"
279,node,6100959224,35.7445771,51.1522778,"{'amenity': 'bus_station', 'name': 'پایانه مترو وردآورد'}"
280,node,6101790620,35.7288573,51.1893312,"{'amenity': 'community_centre', 'name': 'سرای محله سروآباد', 'office': 'government'}"
281,node,6139320417,35.7543378,51.2530954,"{'amenity': 'fuel', 'fuel:gasoline': 'yes', 'name': 'پمپ بنزین پتران'}"
282,node,6285954166,35.7257138,51.1966884,"{'amenity': 'atm', 'operator': 'خودپرداز بانک اقتصاد نوین'}"
283,node,6351300379,35.7530074,51.1972589,"{'amenity': 'pharmacy', 'dispensing': 'yes', 'healthcare': 'pharmacy', 'name': 'داروخانه دکتر شاهین عازم'}"
284,node,6356987738,35.7671005,51.2897381,"{'addr:city': 'تهران', 'addr:street': 'بلوار شهران', 'amenity': 'bank', 'atm': 'yes', 'brand': 'بانک صادرات', 'brand:en': 'Bank Saderat Iran', 'brand:fa': 'بانک صادرات', 'brand:wikidata': 'Q2882608', 'brand:wikipedia': 'en:Bank Saderat Iran', 'name': 'بانک صادرات', 'name:en': 'Bank Saderat Iran', 'name:fa': 'بانک صادرات'}"
285,node,6357055029,35.7654221,51.2876986,"{'amenity': 'fast_food', 'name': 'فست فود د ل پ'}"
286,node,6357086499,35.7679967,51.289611,{'amenity': 'atm'}
287,node,6357119393,35.7604133,51.2902101,"{'amenity': 'bank', 'brand': 'بانک مسکن', 'brand:en': 'Bank Maskan', 'brand:wikidata': 'Q4855942', 'brand:wikipedia': 'en:Bank Maskan', 'name': 'بانک مسکن', 'name:en': 'Bank Maskan'}"
288,node,6357513051,35.7633596,51.2900849,"{'amenity': 'bank', 'atm': 'yes', 'brand': 'بانک توسعه تعاون', 'brand:wikidata': 'Q5684450', 'brand:wikipedia': 'fa:بانک توسعه تعاون', 'name': 'بانک توسعه تعاون'}"
289,node,6357513074,35.7634662,51.2900277,"{'amenity': 'bank', 'atm': 'yes', 'name': 'موسسه اعتباری ملل'}"
290,node,6357524286,35.7658379,51.2832374,"{'amenity': 'restaurant', 'name': 'طباخی فرشته'}"
291,node,6357854959,35.7678347,51.2894014,"{'amenity': 'cafe', 'brand': 'Coffee House', 'brand:wikidata': 'Q11855430', 'brand:wikipedia': 'fi:Coffee House', 'name': 'Coffee House'}"
292,node,6357871450,35.7666826,51.2886115,"{'amenity': 'restaurant', 'cuisine': 'kebab', 'name': 'کباب تک گلپایگان'}"
293,node,6357871451,35.7663066,51.28873,"{'amenity': 'fast_food', 'name': 'فست فود بی بی گل'}"
294,node,6357871452,35.766248,51.2887027,"{'amenity': 'restaurant', 'name': 'طباخی قوچ'}"
295,node,6357871456,35.7646776,51.2893482,"{'amenity': 'ice_cream', 'name': 'بستنی و آبمیوه عمو داریوش'}"
296,node,6357871457,35.7660286,51.28847,"{'amenity': 'ice_cream', 'name': 'بستنی فروشی شهران'}"
297,node,6357871458,35.7646348,51.2888595,"{'amenity': 'fast_food', 'name': 'توریت'}"
298,node,6357871459,35.7644877,51.2889325,"{'amenity': 'fast_food', 'name': 'هایدا'}"
299,node,6357871460,35.7643508,51.2889955,"{'amenity': 'fast_food', 'name': 'برگر ذغالی'}"
300,node,6357871461,35.7642466,51.2890634,"{'amenity': 'restaurant', 'name': 'جگرسرای شهران'}"
301,node,6357871462,35.764171,51.2890987,"{'amenity': 'fast_food', 'name': 'فست فود سه\u200cسار'}"
302,node,6357871464,35.76365,51.2893329,"{'amenity': 'restaurant', 'name': 'کباب تک بناب'}"
303,node,6357871465,35.7623579,51.2896959,"{'addr:city': 'تهران', 'addr:street': 'میدان یکم شهران', 'amenity': 'fast_food', 'cuisine': 'pizza;burger;sandwich;hot_dog;salad', 'diet:halal': 'yes', 'diet:vegan': 'yes', 'drive_through': 'yes', 'name': 'Mr Maker', 'name:fa': 'مستر می کر', 'opening_hours': '11:00-00:00', 'phone': '+982144363912 +982144351620', 'website': 'https://www.instagram.com/1Mrmaker'}"
304,node,6357871466,35.7608036,51.2902596,"{'amenity': 'bank', 'atm': 'yes', 'brand': 'بانک سینا', 'brand:en': 'Sina Bank', 'brand:wikidata': 'Q10860246', 'brand:wikipedia': 'en:Sina Bank', 'name': 'بانک سینا', 'name:en': 'Sina Bank'}"
305,node,6357871472,35.7590238,51.2900606,"{'amenity': 'bank', 'atm': 'yes', 'brand': 'بانک پاسارگاد', 'brand:en': 'Bank Pasargad', 'brand:wikidata': 'Q4855962', 'brand:wikipedia': 'en:Bank Pasargad', 'name': 'بانک پاسارگاد', 'name:en': 'Bank Pasargad'}"
306,node,6357871473,35.758797,51.290043,"{'amenity': 'bank', 'atm': 'yes', 'brand': 'بانک دی', 'brand:en': 'Bank Day', 'brand:fa': 'بانک دی', 'brand:wikidata': 'Q5942230', 'name': 'بانک دی', 'name:en': 'Bank Day', 'name:fa': 'بانک دی'}"
307,node,6357871475,35.7583842,51.2900329,"{'amenity': 'fast_food', 'name': 'فست فود لیمون'}"
308,node,6357871685,35.7580307,51.2894714,"{'amenity': 'bank', 'atm': 'yes', 'brand': 'بانک ایران زمین', 'brand:en': 'Iran Zamin Bank', 'brand:wikidata': 'Q5934423', 'brand:wikipedia': 'en:Iran Zamin Bank', 'name': 'بانک ایران زمین', 'name:en': 'Iran Zamin Bank'}"
309,node,6385543534,35.7491446,51.2012751,{'amenity': 'fountain'}
310,node,6401695588,35.7560939,51.2508224,"{'amenity': 'toilets', 'name': 'سرویس بهداشتی پارک گلستان'}"
311,node,6428984986,35.7474013,51.2460014,"{'amenity': 'pharmacy', 'healthcare': 'pharmacy', 'name': 'داروخانه'}"
312,node,6430860562,35.751459,51.2409411,"{'amenity': 'fast_food', 'cuisine': 'sandwich', 'name': 'ساندویچ هایدا'}"
313,node,6433945579,35.7680006,51.2858672,"{'amenity': 'recycling', 'recycling_type': 'container'}"
314,node,6433949711,35.76575,51.2889661,"{'amenity': 'recycling', 'recycling_type': 'container'}"
315,node,6454851842,35.7450907,51.2214267,"{'amenity': 'ice_cream', 'name': 'بستني ايتاليايي', 'name:en': 'Sweety Land'}"
316,node,6454853592,35.7421366,51.2223226,"{'amenity': 'restaurant', 'name': 'برگر فکتوری', 'name:en': 'Burger Factory'}"
317,node,6454853619,35.7447294,51.2206596,"{'amenity': 'restaurant', 'name': 'رویال لانژ', 'name:en': 'Royal Restaurant'}"
318,node,6466431162,35.7541953,51.2603624,"{'addr:city': 'تهران', 'addr:postcode': '1494643111', 'addr:street': 'بلوار دهکده المپیک ، زیبادشت بالا ، جنب فروشگاه شهروند', 'amenity': 'clinic', 'email': 'aramtebco@yahoo.com', 'fax': '021-44760791', 'healthcare': 'clinic', 'name': 'مرکز جراحی محدود ارم', 'name:en': 'Eram Clinic', 'phone': '+98 21 447 63110;+98 21 447 63111;+98 21 447 63112;+98 21 447 63113', 'source': 'map.ir'}"
319,node,6482629859,35.7705364,51.2076781,{'amenity': 'shelter'}
320,node,6482630066,35.7635475,51.177135,{'amenity': 'shelter'}
321,node,6482630335,35.763453,51.1743546,"{'amenity': 'college', 'name': 'مرکز مطالعات اسلامی', 'name:en': 'Islamic Studies Center'}"
322,node,6482630336,35.7605975,51.1831952,{'amenity': 'arts_centre'}
323,node,6504175874,35.7242896,51.1360447,"{'amenity': 'police', 'name': 'کیوسک پلیس'}"
324,node,6504175875,35.7314891,51.153695,"{'amenity': 'police', 'name': 'فرماندهی مهندسی'}"
325,node,6504185762,35.7202535,51.1890723,"{'amenity': 'police', 'name': 'کیوسک راهنمایی و رانندگی'}"
326,node,6504185763,35.7156611,51.18445,"{'amenity': 'police', 'name': 'کیوسک پلیس'}"
327,node,6554563606,35.7450907,51.2217825,"{'amenity': 'restaurant', 'name': 'مطعم وكوفي زاهد العراقي'}"
328,node,6614742874,35.7478286,51.2502241,"{'amenity': 'fast_food', 'name': 'فست فود آمادو'}"
329,node,6670772685,35.7507359,51.2053685,"{'amenity': 'atm', 'operator': 'شهداء خليج فارس'}"
330,node,6681689086,35.752084,51.20855,"{'amenity': 'place_of_worship', 'name': 'نمازخانه', 'name:ar': 'مصلى', 'name:en': 'Chapel'}"
331,node,6745465077,35.7536112,51.2645623,"{'amenity': 'bar', 'name': 'قنادی محمل المپیک'}"
332,node,6831217585,35.7595136,51.2595555,"{'amenity': 'restaurant', 'name': 'سلف ویژه و اساتید', 'name:en': 'Self service restaurant of guests & instructors', 'name:fa': 'سلف ویژه(آزاد) و اساتید'}"
333,node,6835148560,35.7549995,51.2337154,"{'amenity': 'fast_food', 'name': 'چلو خورشتی بابا عبدی'}"
334,node,6882007429,35.7465661,51.2477823,"{'amenity': 'pharmacy', 'healthcare': 'pharmacy', 'name': 'داروخانه دکتر شریفی'}"
335,node,6882045603,35.7477409,51.2471364,"{'amenity': 'bank', 'brand': 'بانک ملت', 'brand:en': 'Bank Mellat', 'brand:wikidata': 'Q4855944', 'brand:wikipedia': 'en:Bank Mellat', 'name': 'بانک ملت', 'name:en': 'Bank Mellat'}"
336,node,6897382169,35.7420989,51.1959299,{'amenity': 'toilets'}
337,node,6897382170,35.7394718,51.199167,{'amenity': 'toilets'}
338,node,6897382171,35.743835,51.2028466,{'amenity': 'toilets'}
339,node,6897382172,35.7368771,51.2047377,{'amenity': 'toilets'}
340,node,6897382173,35.7343021,51.208901,{'amenity': 'toilets'}
341,node,6897382174,35.7282099,51.2103713,{'amenity': 'toilets'}
342,node,6897382175,35.7238755,51.2134985,"{'amenity': 'toilets', 'name': 'سرویس بهداشتی بوستان چهارم', 'unisex': 'yes'}"
343,node,6897382176,35.7212613,51.2154314,"{'access': 'yes', 'amenity': 'toilets', 'unisex': 'yes'}"
344,node,6897382177,35.7271602,51.2184688,"{'amenity': 'toilets', 'name': 'سرویس بهداشتی اقاقیا', 'unisex': 'yes'}"
345,node,6897382178,35.7245817,51.2269454,{'amenity': 'toilets'}
346,node,6897382179,35.7190182,51.23875,{'amenity': 'toilets'}
347,node,6907033627,35.7646767,51.167085,{'amenity': 'police'}
348,node,6908043885,35.7182523,51.1876782,"{'amenity': 'bank', 'name': 'بانک صنعت و معدن'}"
349,node,6931104611,35.7564602,51.2893283,"{'addr:city': 'tehran', 'addr:street': 'shahran', 'amenity': 'pharmacy', 'dispensing': 'yes', 'drive_through': 'yes', 'healthcare': 'pharmacy', 'name:en': 'Dr.Hamed Ghasemoghli Pharmacy'}"
350,node,6934129886,35.7190151,51.0941509,"{'addr:housenumber': '7', 'addr:street': 'فرنو', 'amenity': 'school', 'name': 'دبیرستان فرنو', 'name:en': 'Farno high school', 'opening_hours': 'Sa-We 07:30-12:30', 'operator': 'alirezasalmani', 'phone': '+982146822246', 'website': 'http://farnoschool.ir'}"
351,node,6952550385,35.7252359,51.09348,"{'amenity': 'atm', 'operator': 'رزوان ٤'}"
352,node,6960130139,35.7643065,51.2181303,"{'amenity': 'restaurant', 'name': 'فوت کورت ایما'}"
353,node,6960130140,35.764399,51.2179103,{'amenity': 'fast_food'}
354,node,6960130141,35.7643761,51.2176743,{'amenity': 'fast_food'}
355,node,6960799488,35.718304,51.1234547,"{'amenity': 'atm', 'operator': 'رویا'}"
356,node,7126546934,35.7329964,51.2536598,"{'amenity': 'fuel', 'fuel:gasoline': 'yes', 'name': 'پمپ بنزین ۲۸۰'}"
357,node,7165552032,35.7643417,51.2737642,"{'addr:city': 'TEHRAN', 'addr:street': '12 Emam', 'amenity': 'cafe', 'cuisine': 'coffee_shop', 'internet_access': 'wlan', 'internet_access:fee': 'yes', 'internet_access:ssid': 'Milan', 'name': 'Cofe Milan ( کافه میلان )', 'opening_hours': '24/7', 'outdoor_seating': 'yes'}"
358,node,7199692628,35.7533867,51.2635409,"{'addr:city': 'تهران', 'addr:postcode': '2پلاک', 'addr:street': 'بلوار دهکده المپیک', 'amenity': 'language_school', 'name': 'Zaban Gostar', 'operator': 'Ta', 'operator:type': 'public'}"
359,node,7328331315,35.7653782,51.2874965,"{'amenity': 'bank', 'brand': 'بانک رفاه', 'brand:en': 'Refah Bank', 'brand:wikidata': 'Q7307083', 'brand:wikipedia': 'en:Refah Bank', 'name': 'بانک رفاه', 'name:en': 'Refah Bank'}"
360,node,7367148497,35.7645451,51.2813887,"{'amenity': 'clinic', 'healthcare': 'clinic', 'name': 'خانه سلامت کن'}"
361,node,7387180496,35.7265293,51.1194531,"{'amenity': 'place_of_worship', 'name': 'حسینیه علی اصغر (ع', 'religion': 'muslim'}"
362,node,7418440785,35.7177534,51.0956675,"{'addr:housenumber': '28', 'addr:street': 'بلوار شهدا', 'amenity': 'clinic', 'healthcare': 'clinic', 'name': 'خانه بهداشت علی اصغر', 'name:en': 'Ali Asghar Comprehensive Health Services'}"
363,node,7464966521,35.7490215,51.1572674,"{'amenity': 'fast_food', 'name': 'ساندویج نگین'}"
364,node,7604482029,35.7589125,51.2624885,"{'addr:city': 'تهران', 'addr:housenumber': '28', 'addr:postcode': '1489663375', 'addr:street': 'خیابان ورزش', 'amenity': 'events_venue', 'internet_access': 'yes', 'name:en': 'Olympic event house', 'name:fa': 'خانه رویداد المپیک'}"
365,node,7707547424,35.7424149,51.2221716,"{'alt_name': 'جو گریل فود', 'amenity': 'restaurant', 'name': 'کافه و رستوران جو', 'name:en': 'Jo Grilled Food', 'phone': '+982140443258', 'website': 'http://jogrilledfood.ir/'}"
366,node,7728088808,35.7587888,51.2460208,"{'amenity': 'pharmacy', 'dispensing': 'yes', 'healthcare': 'pharmacy', 'name': 'داروخانه دکتر محرابیان', 'phone': '+982144762323'}"
367,node,7728109932,35.7577463,51.2577766,"{'amenity': 'fuel', 'brand': 'پتران', 'name': 'پمپ بنزین زیبادشت'}"
368,node,7737768885,35.7341633,51.2473291,"{'amenity': 'drinking_water', 'name': 'ranjbar'}"
369,node,7795135112,35.7530384,51.2509043,"{'amenity': 'cafe', 'name': 'کافه اتریش'}"
370,node,7795135155,35.7523254,51.2493928,"{'amenity': 'school', 'name': 'پیش دبستان و دبستان دخترانه سمر زندگی'}"
371,node,7795140223,35.7533633,51.2509233,{'amenity': 'atm'}
372,node,7795140232,35.7509465,51.2494872,"{'amenity': 'school', 'name': 'علامه طباطبایی'}"
373,node,7795221390,35.7285587,51.1462844,"{'amenity': 'townhall', 'name': 'شهرداری ناحیه سه منطقه بیست دو', 'nat_name': 'شهرداری ناحیه 3 منطقه 22'}"
374,node,8043684840,35.7230776,51.096625,"{'amenity': 'place_of_worship', 'name': 'حسینیه حضرت زینب'}"
375,node,8043693153,35.7245391,51.0969116,"{'amenity': 'place_of_worship', 'name': 'حسینیه حضرت رسول'}"
376,node,8043693158,35.7237642,51.1012357,"{'amenity': 'place_of_worship', 'name': 'حسینیه حضرت قاسم'}"
377,node,8043693171,35.7242335,51.1022787,"{'amenity': 'place_of_worship', 'name': 'حسینیه امام جعفر صادق'}"
378,node,8075282963,35.7261533,51.2458421,"{'amenity': 'pharmacy', 'name': 'داروخانه دکتر پریشان زاده', 'phone': '02146023704'}"
379,node,8248345857,35.7235386,51.2819957,"{'amenity': 'bus_station', 'name': 'پایانه اتوبوس ورزشگاه آزادی'}"
380,node,8380979847,35.7196844,51.1248144,"{'amenity': 'restaurant', 'name': 'تالار اقبال'}"
381,node,8381027712,35.7213755,51.1243765,"{'amenity': 'events_venue', 'name': 'تالار اورانوس'}"
382,node,8381027713,35.7218915,51.1248938,"{'amenity': 'events_venue', 'name': 'تالار آپادانا'}"
383,node,8381027714,35.7199397,51.1230642,"{'amenity': 'events_venue', 'name': 'تالار پارسیان'}"
384,node,8381027715,35.720684,51.1220088,"{'amenity': 'events_venue', 'name': 'تالار گلچین'}"
385,node,8404173717,35.7421638,51.2700626,"{'amenity': 'restaurant', 'name': 'رستوران بی نام'}"
386,node,8404290317,35.7464112,51.2856541,"{'amenity': 'restaurant', 'name': 'کباب سرای حاج قاسم', 'phone': '+98 21 4432 6558'}"
387,node,8567160270,35.7592758,51.2492457,"{'amenity': 'place_of_worship', 'name': 'مسجد چهارده معصوم', 'religion': 'muslim'}"
388,node,8567160272,35.756985,51.2484074,"{'amenity': 'post_office', 'name': 'دفتر تیپاکس'}"
389,node,8574807023,35.7195896,51.1247006,"{'amenity': 'clinic', 'healthcare': 'clinic', 'name': 'درمانگاه شبانه روزی صداقت'}"
390,node,8646238608,35.7600599,51.1977837,"{'amenity': 'dentist', 'healthcare': 'dentist', 'name': 'کلینیک دندانپزشکی سما', 'opening_hours': 'Mo-Su 08:00-20:00', 'phone': '+98 21 4602 1683', 'website': 'https://tsmalaek.com/samaclinic/'}"
391,node,8651617151,35.7185459,51.1083507,"{'amenity': 'place_of_worship', 'name': 'حسینیه قائم آل محمد', 'religion': 'muslim'}"
392,node,8669292774,35.7472946,51.2444506,"{'amenity': 'fast_food', 'name': 'فلافل هفت چنار'}"
393,node,8772344367,35.7490426,51.2873198,"{'amenity': 'clinic', 'healthcare': 'clinic', 'name': 'مرکز بهداشت شهر زیبا'}"
394,node,8772373455,35.7580381,51.2645713,"{'amenity': 'clinic', 'healthcare': 'clinic', 'name': 'مرکز بهداشت دانشگاه علامه طباطبائی'}"
395,node,8778834407,35.7557081,51.2581918,"{'amenity': 'clinic', 'healthcare': 'clinic', 'name': 'مرکز سلامت شهرک چشمه'}"
396,node,8786419713,35.7389907,51.1373153,"{'amenity': 'clinic', 'name': 'مرکز بهداشت وردآورد'}"
397,node,8862069914,35.7569888,51.2866001,"{'amenity': 'pharmacy', 'healthcare': 'pharmacy', 'name': 'داروخانه برات زاده'}"
398,node,8932237838,35.7203978,51.1542569,{'amenity': 'toilets'}
399,node,9074289067,35.7300253,51.1007174,{'amenity': 'school'}
400,node,9074289082,35.7305522,51.0980471,"{'amenity': 'school', 'name': 'مدرسه امام علی'}"
401,node,9074289086,35.7285189,51.0967194,"{'amenity': 'school', 'name': 'مدرسه علوی'}"
402,node,9076049134,35.7157492,51.1215484,"{'amenity': 'bank', 'brand': 'بانک آینده', 'brand:en': 'Ayandeh Bank', 'brand:wikidata': 'Q5938144', 'name': 'بانک آینده', 'name:en': 'Ayandeh Bank'}"
403,node,9076049139,35.7151222,51.1215719,"{'amenity': 'bank', 'brand': 'بانک شهر', 'brand:en': 'Shahr Bank', 'brand:fa': 'بانک شهر', 'brand:wikidata': 'Q5941033', 'name': 'بانک شهر', 'name:en': 'Shahr Bank', 'name:fa': 'بانک شهر'}"
404,node,9076049146,35.7162602,51.1221028,"{'amenity': 'pharmacy', 'healthcare': 'pharmacy', 'name': 'داروخانه دکتر لاله شریف'}"
405,node,9076096465,35.7243078,51.1250654,"{'amenity': 'school', 'name': 'مدرسه هدی'}"
406,node,9123907517,35.7279823,51.2905455,"{'amenity': 'restaurant', 'name': 'پروتئین بهار (گوشت و مرغ)'}"
407,node,9270231439,35.76006,51.1978375,"{'amenity': 'dentist', 'fixme': 'ریلیشن را داخل مجتمع تعریف کنید. ممنون', 'healthcare': 'dentist', 'name': 'مجتمع دندانپزشکی سماء'}"
408,node,9357773863,35.746591,51.2516869,{'amenity': 'toilets'}
409,node,9357809485,35.7509698,51.2285697,{'amenity': 'toilets'}
410,node,9357813766,35.7454712,51.2312423,"{'amenity': 'place_of_worship', 'name': 'مسجد چهارده معصوم (ع)', 'religion': 'muslim'}"
411,node,9357813767,35.7454423,51.2314876,"{'amenity': 'clinic', 'healthcare': 'clinic', 'name': 'مرکز همودیالیز به آفرین'}"
412,node,9357813768,35.745487,51.2318494,"{'amenity': 'restaurant', 'name': 'چلوکباب تاپ'}"
413,node,9401998893,35.715733,51.1809153,"{'amenity': 'school', 'name': 'دبستان شهید کدخدایی'}"
414,node,9405474001,35.7260864,51.1794323,{'amenity': 'toilets'}
415,node,9405483608,35.7296952,51.1822485,"{'amenity': 'place_of_worship', 'name': 'مسجد شهرک شهرداری', 'religion': 'muslim'}"
416,node,9405496819,35.7281753,51.1844844,{'amenity': 'toilets'}
417,node,9405496824,35.7307462,51.1801633,{'amenity': 'toilets'}
418,node,9434335765,35.7575456,51.1572354,"{'amenity': 'pharmacy', 'healthcare': 'pharmacy', 'name': 'داروخانه دکتر فیضی'}"
419,node,9434361204,35.7492106,51.1433231,"{'amenity': 'waste_basket', 'name': 'مرکز بازیافت منطقه ۲۲'}"
420,node,9434507616,35.759333,51.2022422,"{'amenity': 'townhall', 'name': 'شهرداری ناحیه ۵ منطقه ۲۲'}"
421,node,9434811194,35.7462027,51.2632586,"{'amenity': 'taxi', 'name': 'پایانه تاکسیرانی دهکده المپیک'}"
422,node,9464024200,35.7283441,51.1904923,{'amenity': 'toilets'}
423,node,9464235381,35.7398324,51.2227517,"{'amenity': 'cafe', 'name': 'Cafe Eskamoo'}"
424,node,9472653739,35.7703863,51.2733413,{'amenity': 'toilets'}
425,node,9472719529,35.7531126,51.2800373,"{'amenity': 'car_wash', 'name': 'کارواش استقلال'}"
426,node,9472719536,35.758408,51.2822364,"{'amenity': 'bus_station', 'bus': 'yes', 'name': 'پایانه کن', 'public_transport': 'station'}"
427,node,9472719563,35.728698,51.2911256,"{'amenity': 'school', 'name': 'هنرستان دخترانه مدرس'}"
428,node,9472719569,35.7305297,51.2864449,"{'amenity': 'school', 'name': 'دبیرستان متوسطه عصمت'}"
429,node,9472727028,35.7281181,51.2908786,"{'amenity': 'school', 'name': 'مدرسه اسوه'}"
430,node,9472727048,35.7405909,51.2784942,{'amenity': 'toilets'}
431,node,9473474006,35.7582511,51.2788505,"{'amenity': 'place_of_worship', 'name': 'حسینیه الغدیر'}"
432,node,9561450714,35.7154635,51.2481279,{'amenity': 'toilets'}
433,node,9594243623,35.7271402,51.2284381,{'amenity': 'toilets'}
434,node,9594243639,35.7198134,51.2159314,"{'amenity': 'fuel', 'name': 'جایگاه CNG چیتگر'}"
435,node,9594243656,35.723104,51.2244805,"{'amenity': 'restaurant', 'name': 'رستوران مروارید'}"
436,node,9645600079,35.7477879,51.2500754,"{'amenity': 'fast_food', 'name': 'پیتزا گلها'}"
437,node,9696833076,35.7572782,51.2894104,"{'addr:city': 'تهران', 'addr:street': 'بلوار شهران', 'amenity': 'doctors', 'healthcare': 'doctor', 'healthcare:speciality': 'women;pregnancy;بارداری;زنان;زایمان', 'name': 'دکتر غزاله موسوی زاده', 'name:en': 'Dr. Ghazaleh Mousavizadeh', 'phone': '+982144328244', 'website': 'https://drmoosavizadeh.ir'}"
438,node,9726956156,35.7307717,51.1460988,"{'amenity': 'studio', 'name': 'استودیو کروماکی فردا 1', 'public': 'yes', 'public_transport': 'yes', 'studio': 'video'}"
439,node,9733105444,35.7629959,51.1188277,"{'amenity': 'fountain', 'name': 'چشمه ازگی'}"
440,node,9735304850,35.7489776,51.2057776,{'amenity': 'fast_food'}
441,node,9735304851,35.7489387,51.2057296,{'amenity': 'fast_food'}
442,node,9735304852,35.7488982,51.2057046,"{'amenity': 'ice_cream', 'name': 'icepack'}"
443,node,9735304853,35.7488483,51.2056797,"{'amenity': 'fast_food', 'name': 'Atawich'}"
444,node,9735304854,35.7484725,51.205969,{'amenity': 'cafe'}
445,node,9735304855,35.7485119,51.2058842,{'amenity': 'fast_food'}
446,node,9735304856,35.7488194,51.2056697,"{'amenity': 'fast_food', 'name': 'ماهی کبابی'}"
447,node,9735305191,35.7512724,51.2082293,{'amenity': 'cafe'}
448,node,9735305194,35.7522829,51.2086217,"{'amenity': 'bicycle_rental', 'bicycle_rental': 'shop', 'name': 'ایستگاه دوچرخه دریاچه ۳', 'shop': 'rental'}"
449,node,9766089114,35.7654404,51.2747611,"{'amenity': 'cafe', 'name': 'آقاجون'}"
450,node,9794662139,35.721135,51.1566123,"{'amenity': 'fuel', 'fuel:lpg': 'yes'}"
451,node,9814518173,35.7381405,51.2139417,"{'amenity': 'animal_shelter', 'name': 'دهکده مهربانی حیوانات چیتگر'}"
452,node,9829694534,35.74254,51.1609989,"{'amenity': 'atm', 'name': 'نورافشار', 'opening_hours': 'Mo-Su 00:00-23:00', 'ببمارستان': '۵'}"
453,node,9870256617,35.7575655,51.2463237,"{'addr:housenumber': '140', 'addr:street': 'بنفشه یازدهم', 'amenity': 'dentist', 'healthcare': 'dentist', 'name': 'مطب دندانپزشکی دکتر حمید تقی زاده', 'name:en': 'Dr.hamid taghizade'}"
454,node,9870646812,35.7147632,51.1130942,"{'amenity': 'pharmacy', 'dispensing': 'yes', 'healthcare': 'pharmacy', 'name': 'داروخانه شبانه روزی دکتر سعادت مهر', 'opening_hours': '24/7'}"
455,node,9882438099,35.7291038,51.108039,"{'amenity': 'clinic', 'healthcare': 'clinic', 'name': 'درمانگاه ساعت'}"
456,node,9897274379,35.7515494,51.2632362,{'amenity': 'toilets'}
457,node,9897274415,35.7488389,51.2632947,"{'amenity': 'school', 'name': 'مدرسه شهدا انتفاضه'}"
458,node,9911492364,35.7243515,51.1132356,"{'amenity': 'toilets', 'name': 'سرویس بهداشتی', 'unisex': 'yes'}"
459,node,9926291123,35.7319693,51.2003145,{'amenity': 'atm'}
460,node,9926291133,35.7319959,51.2003549,"{'amenity': 'cafe', 'name': 'لمیز'}"
461,node,9967731013,35.7395653,51.2853729,"{'addr:housenumber': '121', 'addr:street': 'فرساد شرقی', 'amenity': 'pharmacy', 'healthcare': 'pharmacy', 'name': 'داروخانه شبانه روزی دکتر زارعی', 'opening_hours': '24/7', 'phone': '+982144150352'}"
462,node,9967748897,35.7462594,51.2860578,"{'addr:housenumber': '4', 'addr:street': 'حسین مرادی', 'amenity': 'clinic', 'healthcare': 'clinic', 'healthcare:speciality': 'internal', 'name': 'دکتر عباس کبیری ابیانه', 'opening_hours': 'Mo, We, Sa 16:00-19:30', 'phone': '+982144111975'}"
463,node,9987748568,35.7472851,51.1447853,"{'amenity': 'clinic', 'name': 'مرکز توانبخشی امید فردا'}"
464,node,10121432057,35.7229872,51.2440419,"{'amenity': 'cafe', 'name': 'کافه نان و شیرینی سرو'}"
465,node,10121432059,35.7231443,51.2440769,"{'amenity': 'cafe', 'name': 'کافه رستوران ویداس'}"
466,node,10156126166,35.7561027,51.2602307,"{'addr:city': 'تهران', 'amenity': 'fast_food', 'cuisine': 'pizza;coffee_shop;burger;italian;chinese', 'name': 'کافه فست فود امیر', 'operator': 'امیر موسوی'}"
467,node,10172926507,35.7572406,51.2893387,"{'addr:city': 'تهران', 'addr:housenumber': '12', 'addr:street': 'قدس', 'addr:unit': '19', 'amenity': 'dentist', 'contact:instagram': 'https://www.instagram.com/dr_mirzaei/', 'email': 'info@doctormirzaei.ir', 'healthcare': 'dentist', 'healthcare:speciality': 'dentist;متخصص_دندانپزشکی_زیبایی', 'name': 'دکتر سعید میرزایی', 'name:en': 'Dr.Saeid Mirzaei', 'opening_hours': 'Su-Th 12:00-22:00', 'phone': '+9802144339673', 'townhall:type': 'city', 'website': 'https://doctormirzaei.ir/'}"
468,node,10301864422,35.7169836,51.0945207,"{'amenity': 'school', 'name': 'مدرسه عرفان - شهید مجتبی حسینی'}"
469,node,10314706566,35.7503423,51.2478263,"{'addr:city': 'tehran', 'addr:housenumber': '70', 'addr:street': 'یاس سوم', 'amenity': 'clinic', 'emergency': 'yes', 'healthcare': 'clinic', 'healthcare:speciality': 'physiotherapy;general', 'name': 'کلینیک فیزیوتراپی آمیتیس', 'operator': 'فیزیوتراپی', 'operator:type': 'business', 'phone': '+982144925035', 'phone_1': '+982144925687'}"
470,node,10556739140,35.7417024,51.1896561,{'amenity': 'toilets'}
471,node,10556739141,35.7430982,51.184262,{'amenity': 'toilets'}
472,node,10686351383,35.759922,51.2331775,"{'amenity': 'pharmacy', 'name': 'داروخانه دکتر صبور میرزاجانی'}"
473,node,10688707833,35.7653948,51.2412866,"{'amenity': 'cafe', 'name': 'کافه رستوران بام قلهک دره'}"
474,node,10688707834,35.7650359,51.241166,"{'amenity': 'cafe', 'name': 'کافه تایم'}"
475,node,10688707835,35.7647944,51.2411258,"{'amenity': 'car_wash', 'name': 'سوپر کارواش بام گلستان'}"
476,node,10692713009,35.7429355,51.2227879,"{'amenity': 'car_wash', 'name': 'کارواش پارکینگ باملند'}"
477,node,10798963427,35.7148407,51.1200616,"{'addr:city': 'قدس', 'addr:street': 'بلوار انقلاب', 'amenity': 'music_school', 'name': 'آموزشگاه موسیقی جانا', 'opening_hours': 'Mo-Su 10:00-20:00', 'operator': 'همایون پور', 'phone': '+98 935 636 9394'}"
478,node,10819391105,35.7178011,51.1953937,"{'amenity': 'atm', 'opening_hours': '24/7'}"
479,node,10822838992,35.7237674,51.2150454,"{'amenity': 'toilets', 'name': 'سرویس بهداشتی بوستان سوم', 'unisex': 'yes'}"
480,node,10833738010,35.7323683,51.2378073,"{'amenity': 'university', 'name': 'دانشگاه علوم و فنون هوافضای عاشورا'}"
481,node,10873403429,35.7515244,51.2456658,"{'addr:city': 'تهران', 'addr:housenumber': '55', 'addr:postcode': '1494735511', 'amenity': 'pharmacy', 'name': 'داروخانه دکتر سارا میرحسینی', 'opening_hours': '10:00-22:00', 'phone': '+982144924881', 'source': 'Note 3551725', 'website': 'mirhosseinipharmacy.ir'}"
482,node,10875785768,35.7516498,51.2883236,"{'addr:city': 'تهران', 'addr:street': 'شهرک شهدا', 'amenity': 'dentist', 'healthcare': 'dentist', 'name': 'مطب دندانپزشکی دکتر ناصری', 'opening_hours': 'Mo-Su 09:00-20:00', 'operator': 'دکتر نیما ناصری'}"
483,node,10921190006,35.7172342,51.2853804,"{'amenity': 'vehicle_inspection', 'name': 'مرکز معاینه فنی آزادی'}"
484,node,10921460375,35.745912,51.2301484,"{'addr:housenumber': '1', 'addr:street': 'بلوار امیرکبیر', 'amenity': 'dentist', 'healthcare': 'dentist', 'healthcare:speciality': 'dentist', 'mobile': '+989121052699', 'name': 'کلینیک دندانپزشکی کامکار', 'name:en': 'Kamkar Dental Clinic', 'opening_hours': 'Mo-Su 11:00-20:00', 'operator': 'کامکار', 'phone': '+982144714001'}"
485,node,10972875655,35.7234881,51.1113623,"{'amenity': 'bank', 'brand': 'بانک ملی', 'brand:en': 'Bank Melli Iran', 'brand:wikidata': 'Q806640', 'name': 'بانک ملی', 'name:en': 'Bank Melli Iran'}"
486,node,10994874105,35.7253075,51.1029055,"{'addr:housenumber': '33', 'addr:street': 'شهید ناچیزی', 'amenity': 'place_of_worship', 'email': 'mgs72710@gmail.com', 'name': 'مسجد وحسینیه بیت الاحزان حضرت فاطمة الزهرا سلام الله علیها', 'name:en': 'Beyt-ol-ahzan Mosque', 'phone': '+989199925413'}"
487,node,11017298206,35.7360094,51.1132412,"{'addr:city': 'شهر قدس', 'addr:street': 'فرنان', 'amenity': 'events_venue', 'name': 'باغ عمارت لیان', 'operator': 'اسداللهی', 'phone': '+98  912 003 9725'}"
488,node,11047305867,35.7304669,51.1703442,{'amenity': 'toilets'}
489,node,11047305872,35.7299713,51.1701903,"{'amenity': 'place_of_worship', 'name': 'نمازخانه'}"
490,node,11047305873,35.7297948,51.1655226,{'amenity': 'toilets'}
491,node,11047307216,35.7308952,51.1697625,"{'amenity': 'fast_food', 'contact:email': 'Delgoshacafe@gmail.com', 'contact:mobile': '+989914902015', 'fast_food': 'cafeteria', 'name': 'کافه ترانه دلگشا', 'opening_hours': 'Sa-Fr 11:00-19:00'}"
492,node,11047808526,35.7529379,51.2748822,"{'amenity': 'restaurant', 'name': 'مجتمع گردشگری و رستوران دا', 'opening_hours': '09:00-00:00', 'phone': '02144313923'}"
493,node,11092823299,35.751408,51.2133707,"{'amenity': 'cafe', 'name': 'کافه خلیج فارس'}"
494,node,11126865269,35.7505003,51.2586451,"{'amenity': 'school', 'name': 'دبستان دخترانه چشمه اندیشه'}"
495,node,11129425955,35.7647342,51.2020985,"{'amenity': 'school', 'name': 'حوزه علمیه بقیه الله'}"
496,node,11152246184,35.7545726,51.2398925,"{'amenity': 'fast_food', 'name': 'باروس برگر'}"
497,node,11169221607,35.7487569,51.2413842,"{'amenity': 'restaurant', 'name': 'سوخاری کیلویی hero chicken'}"
498,node,11194153820,35.7666886,51.2886897,"{'amenity': 'restaurant', 'name': 'چلو کباب حاج مرتضی'}"
499,node,11198467824,35.7581931,51.2395722,"{'amenity': 'restaurant', 'name': 'تهیه غذای پرتقالی'}"
500,node,11218792794,35.7476279,51.2454627,"{'amenity': 'bank', 'brand': 'بانک قرض الحسنه مهر ایران', 'brand:en': 'Qarz Al-Hasaneh Mehr Iran Bank', 'brand:fa': 'بانک قرض الحسنه مهر ایران', 'brand:wikidata': 'Q18327813', 'name': 'بانک قرض الحسنه مهر ایران', 'name:en': 'Qarz Al-Hasaneh Mehr Iran Bank', 'name:fa': 'بانک قرض الحسنه مهر ایران', 'short_name': 'QMB'}"
501,node,11248371176,35.7467077,51.2395681,"{'addr:city': 'Tehran', 'addr:housenumber': '12', 'addr:postcode': '1493967343', 'addr:street': 'گل افشان', 'amenity': 'clinic', 'description': 'Pcychology, skin care , hair care , dental care', 'healthcare': 'clinic', 'healthcare:speciality': 'skin_care;community;humanistic;psychiatry;dental_oral_maxillo_facial_surgery;dentist', 'mobile': '+989101498696', 'name': 'کلینیک سونریسا', 'name:en': 'Sonrisa Clinic', 'opening_hours': 'Sat-Mon-Wed 10-19', 'operator': 'Mr. Ehsan Sadri', 'operator:type': 'private', 'phone': '+982144771418', 'website': 'www.sonrisaclinic.ir', 'wheelchair': 'yes'}"
502,node,11277956469,35.7234674,51.1006733,"{'amenity': 'restaurant', 'name': 'رستوران حاج بهرام'}"
503,node,11293581166,35.7304499,51.2837777,"{'amenity': 'restaurant', 'name': 'سوئینی'}"
504,node,11293581167,35.7304327,51.2838131,"{'amenity': 'restaurant', 'name': 'عطاویچ'}"
505,node,11335927408,35.7290189,51.108674,"{'amenity': 'pharmacy', 'healthcare': 'pharmacy', 'name': 'داروخانه شبانه روزی شکری'}"
506,node,11341249817,35.741546,51.2892413,"{'addr:city': 'شهر زیبا', 'addr:street': 'شهید شربیانی', 'amenity': 'cafe', 'name': 'قهوه وانیلا', 'opening_hours': '06:00-23:00', 'phone': '09122758679'}"
507,node,11350495434,35.7478014,51.2428545,"{'amenity': 'pharmacy', 'healthcare': 'pharmacy', 'name': 'داروخانه دکتر فریبا خلیلی', 'operator': 'دکتر فریبا خلیلی'}"
508,node,11518451049,35.7547072,51.2470429,"{'addr:city': 'شهر تهران', 'addr:housenumber': '۷۱', 'addr:street': 'بلوار گلها', 'amenity': 'fast_food', 'brand': 'blucasa', 'cuisine': 'pizza;burger;sandwich;chicken;hot_dog;pasta;salad', 'delivery': 'yes', 'name': 'blucasa   بلوکازا', 'opening_hours': 'Mo-Su 11:00-23:30', 'phone': '02144771008', 'takeaway': 'yes', 'website': 'https://www.blucasacafe.com/', 'website:menu': 'https://www.blucasacafe.com/menu/'}"
509,node,11524682343,35.7263922,51.2466093,"{'amenity': 'cafe', 'name': 'کافه خاتون'}"
510,node,11525752058,35.7232405,51.1187078,"{'addr:city': 'شهر قدس', 'addr:housenumber': '163', 'addr:postcode': '37518-81189', 'addr:street': 'خیابان پردیس', 'amenity': 'pharmacy', 'healthcare': 'pharmacy', 'name': 'داروخانه دکتر سمیه امیری', 'phone': '+982146891019'}"
511,node,11533201361,35.7291996,51.2474602,"{'amenity': 'pharmacy', 'name': 'داروخانه تیام اصفهانی'}"
512,node,11542592341,35.7472051,51.240419,"{'amenity': 'restaurant', 'name': 'کافه رستوران سفارت', 'phone': '021۴۴۷۷۱۰۰۷'}"
513,node,11556530574,35.7550331,51.2347429,"{'addr:city': 'تهران', 'addr:street': 'سروستان نهم', 'amenity': 'language_school', 'name': 'آموزشگاه هنروکامپیوتر و زبان نصیر', 'phone': '۰۲۱۴۴۷۱۵۱۹۰'}"
514,node,11626866060,35.7439687,51.2533024,"{'addr:city': 'تهران', 'addr:housenumber': 'ب 9', 'addr:street': 'مهستان', 'amenity': 'cafe', 'cuisine': 'pizza', 'name': 'کافه ولی', 'phone': '09122072921'}"
515,node,11633651353,35.7465756,51.2339192,"{'amenity': 'doctors', 'healthcare': 'doctor', 'name': 'کلینیک زیبایی تلما'}"
516,node,11650613885,35.7473469,51.2467462,"{'addr:city': 'تهران', 'addr:housenumber': '278', 'addr:postcode': '1493653741', 'addr:street': 'بلوار امیرکبیر', 'amenity': 'cafe', 'cuisine': 'coffee_bakery;فست_فود;شیرینی', 'name': 'کافه نان طُره (torreh cafe bakery)', 'opening_hours': '08:00-22:00', 'phone': '02144707000', 'website': 'https://www.instagram.com/torrehcafebakery/'}"
