amenity,count
atm,28
bank,42
bench,4
bicycle_parking,1
bicycle_rental,1
bus_station,12
cafe,9
car_wash,9
cinema,4
clinic,14
college,1
community_centre,1
courthouse,2
dentist,1
doctors,4
driving_school,2
events_venue,3
fast_food,5
fire_station,3
food_court,12
fuel,9
hospital,2
ice_cream,5
internet_cafe,3
kindergarten,2
language_school,2
library,6
marketplace,1
parking,5
payment_terminal,1
pharmacy,25
place_of_worship,57
police,7
post_box,1
post_office,2
recycling,3
restaurant,20
school,48
taxi,6
telephone,3
toilets,35
townhall,5
vehicle_inspection,1
weighbridge,4
