highway,count,length
bus_guideway,2,213.496
bus_stop,15,1049.64
busway,6,1156.487
construction,12,1957.479
footway,2179,143424.761
living_street,243,24425.477
motorway,4,3898.379
motorway_link,2,886.394
path,24,11804.504
pedestrian,37,2011.637
primary,77,47883.765
primary_link,42,4147.263
raceway,28,6779.683
residential,4785,577035.875
secondary,499,155290.426
secondary_link,167,10740.531
service,1202,224117.522
steps,331,4181.087
tertiary,862,180361.883
tertiary_link,88,3108.156
track,55,78021.098
trunk,229,141353.791
trunk_link,344,79602.113
unclassified,112,30921.165
