highway,count,length
busway,5,4303.697
construction,17,4356.839
footway,1113,85850.774
living_street,29,5565.867
motorway,16,10315.586
motorway_link,17,5562.136
path,8,4711.722
pedestrian,1,140.176
primary,158,125312.771
primary_link,88,10781.188
raceway,1,1289.986
residential,4290,457577.826
secondary,262,75325.584
secondary_link,71,7187.733
service,625,142862.923
services,1,236.756
steps,178,1945.437
tertiary,587,165472.687
tertiary_link,47,2666.434
track,18,7158.23
trunk,136,91779.318
trunk_link,124,28335.868
unclassified,108,31183.25
