,type,id,lat,lon,tags
0,node,2888616130,35.6404498,51.4676818,"{'amenity': 'restaurant', 'name': 'رستوران زیتون'}"
1,node,3300382116,35.6613139,51.4825715,"{'amenity': 'dentist', 'healthcare': 'dentist', 'name': 'مرکز جامع تخصصی دندانپزشکی شفا', 'phone': '+98 21 3380 2751'}"
2,node,4141046790,35.63952,51.4889026,"{'addr:city': 'شهر تهران', 'addr:street': 'بلوار خاتم الانبیا', 'amenity': 'place_of_worship', 'denomination': 'shia', 'name': 'مسجد امام جعفر صادق (ع)', 'religion': 'muslim'}"
3,node,4141065391,35.6388826,51.4984383,"{'addr:street': 'سعیدغلامی', 'amenity': 'place_of_worship', 'name': 'مسجد امام حسن مجتبی', 'religion': 'muslim'}"
4,node,4160630590,35.6327143,51.4361034,"{'amenity': 'bank', 'branch': 'فدک', 'brand': 'بانک ملی', 'brand:en': 'Bank Melli Iran', 'brand:wikidata': 'Q806640', 'brand:wikipedia': 'en:Bank Melli Iran', 'name': 'بانک ملی', 'name:en': 'Bank Melli Iran'}"
5,node,4160637989,35.6318823,51.4869389,"{'addr:street': 'بزرگراه امام رضا', 'amenity': 'bank', 'branch': 'میدان بسیج', 'brand': 'بانک ملی', 'brand:en': 'Bank Melli Iran', 'brand:wikidata': 'Q806640', 'brand:wikipedia': 'en:Bank Melli Iran', 'name': 'بانک ملی', 'name:en': 'Bank Melli Iran'}"
6,node,4160638089,35.6230999,51.4948919,"{'addr:street': 'بزرگراه امام رضا', 'amenity': 'bank', 'branch': 'میدان آقانور', 'brand': 'بانک ملی', 'brand:en': 'Bank Melli Iran', 'brand:wikidata': 'Q806640', 'brand:wikipedia': 'en:Bank Melli Iran', 'name': 'بانک ملی', 'name:en': 'Bank Melli Iran'}"
7,node,4174121690,35.6517773,51.4684815,"{'amenity': 'bank', 'atm': 'no', 'name': 'بانک شهر'}"
8,node,4200077516,35.6232012,51.499921,"{'addr:street': 'ابومسلم خراسانی', 'amenity': 'fuel', 'fuel:cng': 'yes', 'name': 'پمپ گاز مسعودیه', 'name:en': 'CNG', 'name:fa': 'جایگاه CNG مسعودیه', 'surface': 'concrete'}"
9,node,4200091995,35.6226392,51.4932986,"{'amenity': 'place_of_worship', 'name': 'مسجد سیدالشهدا (ع)', 'religion': 'muslim'}"
10,node,4235167091,35.6268893,51.5102993,"{'addr:street': 'کلهر', 'amenity': 'place_of_worship', 'name': 'مسجد رسول اکرم صلی الله', 'religion': 'muslim'}"
11,node,4242733089,35.6134313,51.4926913,"{'addr:street': 'اسکندرلو', 'amenity': 'bank', 'branch': 'رضویه', 'brand': 'بانک ملی', 'brand:en': 'Bank Melli Iran', 'brand:wikidata': 'Q806640', 'brand:wikipedia': 'en:Bank Melli Iran', 'name': 'بانک ملی', 'name:en': 'Bank Melli Iran', 'opening_hours': 'Sa-Th 07:00-16:00'}"
12,node,4268954590,35.6301892,51.4993225,"{'addr:street': 'شیرازی', 'amenity': 'police', 'name': 'کلانتری ۱۵۷ مسعودیه'}"
13,node,4270051834,35.6377151,51.4863435,"{'addr:street': 'اردیبهشت', 'amenity': 'fire_station', 'name': 'ایستگاه ۱۵ آتش نشانی'}"
14,node,4272124390,35.6311335,51.4979174,"{'addr:street': 'ابومسلم خراسانی', 'amenity': 'taxi', 'name': 'آژانس توریستی محمود', 'opening_hours': '24/7', 'operator': 'علیرضا علی اوسط', 'phone': '+98 21 3664 2141'}"
15,node,4272124391,35.6233975,51.4963445,"{'addr:street': 'مظاهر', 'amenity': 'fire_station', 'name': 'ایستگاه ۳۷ آتش نشانی مسعودیه'}"
16,node,4272170992,35.6350727,51.4920763,"{'addr:street': 'قائم', 'amenity': 'place_of_worship', 'name': 'مسجد جامع مسعودیه', 'religion': 'muslim'}"
17,node,4299948724,35.6186846,51.4361775,"{'amenity': 'fountain', 'name': 'فواره های فروشگاه نجم'}"
18,node,4335191579,35.6286749,51.498267,"{'addr:street': 'ابومسلم خراسانی', 'amenity': 'pharmacy', 'healthcare': 'pharmacy', 'name': 'داروخانه شبانه\u200cروزی دكتر محسن امیری', 'name:fa': 'داروخانه دکتر امیری', 'opening_hours': '24/7'}"
19,node,4341522891,35.6243955,51.4876978,"{'amenity': 'bank', 'atm': 'yes', 'branch': 'مشیریه', 'brand': 'بانک پارسیان', 'brand:en': 'Parsian Bank', 'brand:wikidata': 'Q2410404', 'brand:wikipedia': 'en:Parsian Bank', 'name': 'بانک پارسیان', 'name:en': 'Parsian Bank'}"
20,node,4341522892,35.6155446,51.4838854,"{'amenity': 'bank', 'brand': 'بانک تجارت', 'brand:wikidata': 'Q7695198', 'brand:wikipedia': 'en:Tejarat Bank', 'name': 'بانک تجارت'}"
21,node,4341523591,35.6254565,51.4895569,"{'addr:street': 'صالحی', 'amenity': 'bank', 'atm': 'yes', 'brand': 'بانک مسکن', 'brand:en': 'Bank Maskan', 'brand:wikidata': 'Q4855942', 'brand:wikipedia': 'en:Bank Maskan', 'name': 'بانک مسکن', 'name:en': 'Bank Maskan'}"
22,node,4341524791,35.6651766,51.4463054,"{'amenity': 'bank', 'brand': 'بانک ملت', 'brand:en': 'Bank Mellat', 'brand:wikidata': 'Q4855944', 'brand:wikipedia': 'en:Bank Mellat', 'name': 'بانک ملت', 'name:en': 'Bank Mellat'}"
23,node,4341524792,35.6652413,51.4470396,"{'amenity': 'bank', 'brand': 'بانک صادرات', 'brand:en': 'Bank Saderat Iran', 'brand:fa': 'بانک صادرات', 'brand:wikidata': 'Q2882608', 'brand:wikipedia': 'en:Bank Saderat Iran', 'name': 'بانک صادرات', 'name:en': 'Bank Saderat Iran', 'name:fa': 'بانک صادرات'}"
24,node,4341563689,35.6245913,51.488711,"{'addr:street': 'صالحی', 'amenity': 'bank', 'atm': 'yes', 'brand': 'بانک صادرات', 'brand:en': 'Bank Saderat Iran', 'brand:wikidata': 'Q2882608', 'brand:wikipedia': 'en:Bank Saderat Iran', 'name': 'بانک صادرات', 'name:en': 'Bank Saderat Iran', 'opening_hours': 'Sa-Th 07:30-15:00', 'phone': '+98 21 3386 0542'}"
25,node,4346241490,35.6651165,51.4458572,"{'amenity': 'atm', 'branch': 'میدان خراسان'}"
26,node,4346362694,35.61639,51.4920762,"{'amenity': 'school', 'name': 'مرکز اموزش فنی حرفه ای شماره نه'}"
27,node,4347747298,35.6532716,51.4933196,{'amenity': 'bench'}
28,node,4397623291,35.6436614,51.4558288,"{'amenity': 'atm', 'name': 'عابر بانک', 'name:en': 'ATM'}"
29,node,4397690789,35.6440466,51.4563603,"{'amenity': 'atm', 'name': 'عابر بانک', 'name:en': 'ATM'}"
30,node,4399108893,35.6186551,51.4498835,"{'amenity': 'bank', 'brand': 'بانک صادرات', 'brand:en': 'Bank Saderat Iran', 'brand:wikidata': 'Q2882608', 'brand:wikipedia': 'en:Bank Saderat Iran', 'name': 'بانک صادرات', 'name:en': 'Bank Saderat Iran'}"
31,node,4399252091,35.6184641,51.44802,"{'amenity': 'bank', 'branch': 'دولت آباد', 'brand': 'بانک ملت', 'brand:en': 'Bank Mellat', 'brand:wikidata': 'Q4855944', 'brand:wikipedia': 'en:Bank Mellat', 'name': 'بانک ملت', 'name:en': 'Bank Mellat'}"
32,node,4399368991,35.6181375,51.4477045,"{'amenity': 'bank', 'brand': 'بانک مسکن', 'brand:en': 'Bank Maskan', 'brand:wikidata': 'Q4855942', 'brand:wikipedia': 'en:Bank Maskan', 'name': 'بانک مسکن', 'name:en': 'Bank Maskan'}"
33,node,4399377190,35.6184241,51.4497916,"{'amenity': 'bank', 'brand': 'بانک تجارت', 'brand:wikidata': 'Q7695198', 'brand:wikipedia': 'en:Tejarat Bank', 'name': 'بانک تجارت', 'name:en': 'tejarat bank'}"
34,node,4406034190,35.6207326,51.4899798,"{'amenity': 'school', 'name': 'هنرستان پانزده خرداد'}"
35,node,4406038890,35.6201101,51.4893109,"{'amenity': 'school', 'name': 'ابتدایی ادب'}"
36,node,4413441190,35.6243885,51.4937828,"{'amenity': 'atm', 'name': 'بانک ملی آقا نور'}"
37,node,4458435577,35.6555796,51.4640973,"{'amenity': 'place_of_worship', 'building': 'mosque', 'denomination': 'shia', 'name': 'مسجد حضرت عباس', 'religion': 'muslim'}"
38,node,4472309511,35.6572755,51.4770964,"{'amenity': 'fast_food', 'name': 'غذای حاضری', 'name:en': 'fast food'}"
39,node,4473012690,35.6586622,51.4694372,"{'amenity': 'fast_food', 'name': 'عطاویچ', 'name:en': 'atavich fastfood', 'phone': '+98 21 3368 2245'}"
40,node,4534091092,35.6644204,51.4875063,{'amenity': 'atm'}
41,node,4594529165,35.638547,51.4346635,"{'amenity': 'fuel', 'name': 'پمپ بنزین'}"
42,node,4597503905,35.6404461,51.4777005,"{'amenity': 'atm', 'cash_in': 'yes'}"
43,node,4600504359,35.6285363,51.4589839,"{'amenity': 'restaurant', 'name': 'باغ تالار توسکا'}"
44,node,4605414094,35.6381237,51.4870313,"{'addr:city': 'شهر تهران', 'addr:street': 'بلوار خاتم الانبیا', 'amenity': 'bank', 'brand': 'بانک ملت', 'brand:en': 'Bank Mellat', 'brand:wikidata': 'Q4855944', 'brand:wikipedia': 'en:Bank Mellat', 'name': 'بانک ملت', 'name:en': 'Bank Mellat'}"
45,node,4631836391,35.6512805,51.4511871,"{'amenity': 'place_of_worship', 'building': 'mosque', 'denomination': 'shia', 'name': 'مسجد نبوی', 'name:en': 'Nabavi mosque', 'religion': 'muslim'}"
46,node,4642415113,35.6293349,51.5022471,"{'amenity': 'place_of_worship', 'building': 'mosque', 'denomination': 'shia', 'name': 'مسجد امام حسین', 'religion': 'muslim'}"
47,node,4642415114,35.6281274,51.4929465,"{'amenity': 'place_of_worship', 'building': 'mosque', 'denomination': 'shia', 'name': 'مسجد امام حسن', 'religion': 'muslim'}"
48,node,4676887545,35.6548039,51.469268,"{'amenity': 'theatre', 'name': 'پردیس تئاتر تهران'}"
49,node,4680608791,35.618278,51.4436831,"{'amenity': 'restaurant', 'name': 'طباخی سحر', 'opening_hours': 'Sa-Th 05:00-10:00, 15:30-18:30; Fr 04:30-11:00'}"
50,node,4680658010,35.6182743,51.4770157,"{'amenity': 'place_of_worship', 'name': 'مسجد صاحب\u200cالزمان (عج)', 'religion': 'muslim'}"
51,node,4680658011,35.6163173,51.4792391,"{'amenity': 'place_of_worship', 'name': 'مسجد ولی عصر (عج)', 'religion': 'muslim'}"
52,node,4680658012,35.6237295,51.4858629,"{'amenity': 'place_of_worship', 'name': 'مسجد النبی', 'religion': 'muslim'}"
53,node,4680658022,35.6211503,51.4877251,"{'addr:street': 'بوعلی شرقی', 'amenity': 'bank', 'brand': 'بانک ملی', 'brand:en': 'Bank Melli Iran', 'brand:wikidata': 'Q806640', 'name': 'بانک ملی', 'name:en': 'Bank Melli Iran'}"
54,node,4680658023,35.6253506,51.4893697,"{'amenity': 'bank', 'atm': 'yes', 'brand': 'بانک ایران زمین', 'brand:en': 'Iran Zamin Bank', 'brand:wikidata': 'Q5934423', 'brand:wikipedia': 'en:Iran Zamin Bank', 'name': 'بانک ایران زمین', 'name:en': 'Iran Zamin Bank'}"
55,node,4680658024,35.6246506,51.4882256,"{'amenity': 'bank', 'atm': 'yes', 'brand': 'بانک سپه', 'brand:en': 'Bank Sepah', 'brand:wikidata': 'Q2882624', 'brand:wikipedia': 'en:Bank Sepah', 'name': 'بانک سپه', 'name:en': 'Bank Sepah'}"
56,node,4680658025,35.6238874,51.4875057,"{'amenity': 'bank', 'atm': 'yes', 'brand': 'بانک سپه', 'brand:en': 'Bank Sepah', 'brand:wikidata': 'Q2882624', 'brand:wikipedia': 'en:Bank Sepah', 'name': 'بانک سپه', 'name:en': 'Bank Sepah'}"
57,node,4680658026,35.623528,51.486907,"{'amenity': 'bank', 'atm': 'yes', 'brand': 'بانک سپه', 'brand:en': 'Bank Sepah', 'brand:wikidata': 'Q2882624', 'brand:wikipedia': 'en:Bank Sepah', 'name': 'بانک سپه', 'name:en': 'Bank Sepah'}"
58,node,4692560519,35.6648216,51.447849,"{'amenity': 'fuel', 'fuel': 'petrol;gasoline', 'name': 'پمپ بنزین میدان خراسان'}"
59,node,4699069293,35.664321,51.4859294,"{'amenity': 'fast_food', 'description:en': 'Nice kebab', 'description:ru': 'Вкусный люля-кебаб'}"
60,node,4704086889,35.6210258,51.4791624,{'amenity': 'bank'}
61,node,4727607090,35.613783,51.4355466,"{'addr:street': 'بلوار فداییان اسلام', 'amenity': 'university', 'name': 'دانشگاه یادگار امام واحد شیخ صدوق'}"
62,node,4739480424,35.6533639,51.4987045,"{'addr:housenumber': '17', 'addr:postcode': '17849745', 'addr:street': 'بیست متری افسریه', 'amenity': 'doctors', 'healthcare': 'doctor', 'healthcare:speciality': 'radiology', 'name': 'رادیولوژی و سونوگرافی یاسین', 'name:en': 'Yasin imaging center', 'phone': '+982133208760'}"
63,node,4758748323,35.6110813,51.4549971,{'amenity': 'bank'}
64,node,4758760221,35.6538236,51.483168,{'amenity': 'atm'}
65,node,4779295196,35.66259,51.4320822,"{'amenity': 'fuel', 'name': 'جایگاه CNG'}"
66,node,4781484527,35.6302639,51.4342413,"{'amenity': 'events_venue', 'name': 'تالار عروسی'}"
67,node,4789716421,35.6145946,51.4948968,"{'amenity': 'place_of_worship', 'name': 'مسجد امام سجاد (ع)', 'religion': 'muslim'}"
68,node,4798579622,35.6457382,51.469676,{'amenity': 'atm'}
69,node,4798579623,35.6463917,51.4690788,{'amenity': 'atm'}
70,node,4798593823,35.6461351,51.4669392,{'amenity': 'atm'}
71,node,4809852222,35.6324566,51.4877704,"{'addr:street': 'مظاهر', 'amenity': 'place_of_worship', 'name': 'مسجد الحسین', 'religion': 'muslim'}"
72,node,4835656527,35.6111744,51.4460443,{'amenity': 'courthouse'}
73,node,4876222521,35.6141618,51.4499749,{'amenity': 'atm'}
74,node,4886309580,35.6229877,51.4764409,"{'amenity': 'place_of_worship', 'denomination': 'shia', 'name': 'مسجد امام علی', 'name:en': 'Emam Ali Mosque', 'religion': 'muslim'}"
75,node,4889224898,35.6614243,51.4854032,"{'addr:street': 'بلوار ابوذر', 'amenity': 'fast_food', 'cuisine': 'kebab', 'name': 'کبابی ممتاز گلپایگانی', 'name:en': 'Kbabi momtz golpygni', 'phone': '+98 21 3365 5500'}"
76,node,4889234953,35.6605355,51.4798574,"{'addr:street': 'بلوار نبرد', 'amenity': 'bank', 'branch': 'شهرداری منطقه ۱۴', 'brand': 'بانک شهر', 'brand:en': 'Shahr Bank', 'brand:fa': 'بانک شهر', 'brand:wikidata': 'Q5941033', 'brand:wikipedia': 'fa:بانک شهر', 'name': 'بانک شهر', 'name:en': 'Shahr Bank', 'name:fa': 'بانک شهر', 'operator': 'بانک شهر', 'phone': '+982133439995', 'website': 'http://www.city-bank.ir'}"
77,node,4889234981,35.6631028,51.4837764,"{'addr:street': 'پاکزاد', 'amenity': 'library', 'name': 'کتابخانه عمومی گلسار', 'name:en': 'Public Library Golsar', 'opening_hours': 'Sa-Th 07:30-17:00', 'phone': '+98 21 3384 3550', 'website': 'http://golsar-tehran-blogfa.com'}"
78,node,4895747679,35.659991,51.4732789,"{'amenity': 'atm', 'name': 'خودپرداز بانک پارسیان'}"
79,node,4895747680,35.660368,51.4739145,"{'amenity': 'bank', 'atm': 'yes', 'brand': 'بانک ملت', 'brand:en': 'Bank Mellat', 'brand:wikidata': 'Q4855944', 'brand:wikipedia': 'en:Bank Mellat', 'name': 'بانک ملت', 'name:en': 'Bank Mellat'}"
80,node,4935720921,35.6186348,51.456222,"{'amenity': 'bank', 'atm': 'yes', 'brand': 'بانک تجارت', 'brand:wikidata': 'Q7695198', 'brand:wikipedia': 'en:Tejarat Bank', 'name': 'بانک تجارت', 'name:en': 'tejarat bank'}"
81,node,4935720922,35.6183664,51.4481895,"{'amenity': 'bank', 'brand': 'بانک سپه', 'brand:en': 'Bank Sepah', 'brand:wikidata': 'Q2882624', 'brand:wikipedia': 'en:Bank Sepah', 'name': 'بانک سپه', 'name:en': 'Bank Sepah'}"
82,node,4935721021,35.6184085,51.4568373,"{'amenity': 'pharmacy', 'healthcare': 'pharmacy', 'name': 'داروخانه زهرا ثابت قدم', 'name:en': 'zahra sabetghadam pharmacy'}"
83,node,4935721022,35.6187915,51.4508845,"{'amenity': 'bank', 'brand': 'بانک ملی', 'brand:en': 'Bank Melli Iran', 'brand:wikidata': 'Q806640', 'brand:wikipedia': 'en:Bank Melli Iran', 'name': 'بانک ملی', 'name:en': 'Bank Melli Iran'}"
84,node,4958335560,35.6583858,51.5087956,"{'amenity': 'fire_station', 'name': 'ایستگاه آتش نشانی قصر فیروزه'}"
85,node,4966582022,35.622913,51.4531891,{'amenity': 'atm'}
86,node,4987052625,35.6473218,51.4598006,{'amenity': 'car_wash'}
87,node,4987150124,35.6494571,51.458821,{'amenity': 'atm'}
88,node,4987150126,35.6440483,51.4644819,"{'amenity': 'bus_station', 'name': 'پایانه هاشم آباد', 'name:en': 'hashem abad'}"
89,node,4987184721,35.6442938,51.4651708,"{'amenity': 'library', 'name': 'کتابخانه جعفری نژاد', 'name:en': 'jafari nezhad'}"
90,node,4987198721,35.63873,51.4803399,"{'amenity': 'bank', 'brand': 'بانک شهر', 'brand:en': 'Shahr Bank', 'brand:fa': 'بانک شهر', 'brand:wikidata': 'Q5941033', 'brand:wikipedia': 'fa:بانک شهر', 'name': 'بانک شهر', 'name:en': 'Shahr Bank', 'name:fa': 'بانک شهر'}"
91,node,5001301722,35.6515254,51.4570657,"{'amenity': 'pharmacy', 'name': 'داروخانه شبانه روزی وحیدیه', 'name:en': 'vahidyyeh'}"
92,node,5039317527,35.6209367,51.4654147,"{'addr:city': 'تهران', 'addr:street': 'دولت آباد', 'amenity': 'fire_station', 'name': 'ایستگاه آتش نشانی شماره ۷۹'}"
93,node,5039734773,35.62969,51.470581,{'amenity': 'parking'}
94,node,5054708748,35.6408678,51.497817,"{'amenity': 'police', 'name': 'کیوسک پلیس'}"
95,node,5073288621,35.6179645,51.4568091,"{'amenity': 'place_of_worship', 'name': 'مسجد الامام حسن المجتبى دولت اباد', 'name:en': 'emam hasan mojtaba mosque', 'religion': 'muslim'}"
96,node,5086207122,35.6386356,51.4945025,"{'amenity': 'atm', 'not:brand:wikidata': 'Q4117676', 'opening_hours': '24/7', 'operator': 'بانک سامان'}"
97,node,5097146935,35.6383446,51.468198,"{'addr:street': 'شهرک شهید بروجردی', 'amenity': 'place_of_worship', 'name': 'مسجد امام حسن مجتبی (ع)', 'religion': 'muslim'}"
98,node,5156307822,35.6419931,51.4934355,"{'amenity': 'bank', 'brand': 'بانک مسکن', 'brand:en': 'Bank Maskan', 'brand:wikidata': 'Q4855942', 'brand:wikipedia': 'en:Bank Maskan', 'name': 'بانک مسکن', 'name:en': 'Bank Maskan'}"
99,node,5156307828,35.6445679,51.5052869,"{'amenity': 'restaurant', 'name': 'رستوران قصر فیروزه'}"
100,node,5156346285,35.6641988,51.4918416,"{'amenity': 'bank', 'atm': 'yes', 'brand': 'بانک سپه', 'brand:en': 'Bank Sepah', 'brand:wikidata': 'Q2882624', 'brand:wikipedia': 'en:Bank Sepah', 'name': 'بانک سپه', 'name:en': 'Bank Sepah'}"
101,node,5158242484,35.6513692,51.5037212,"{'amenity': 'bank', 'atm': 'yes', 'brand': 'بانک سامان', 'brand:en': 'Saman Bank', 'brand:wikidata': 'Q4117676', 'brand:wikipedia': 'en:Saman Bank', 'name': 'بانک سامان', 'name:en': 'Saman Bank'}"
102,node,5158242486,35.6514024,51.5041003,"{'amenity': 'bank', 'atm': 'yes', 'brand': 'بانک سپه', 'brand:en': 'Bank Sepah', 'brand:wikidata': 'Q2882624', 'brand:wikipedia': 'en:Bank Sepah', 'name': 'بانک سپه', 'name:en': 'Bank Sepah'}"
103,node,5160917323,35.6350592,51.4917414,"{'addr:street': 'قائم', 'amenity': 'clinic', 'healthcare': 'clinic', 'name': 'مجتمع پزشکان قائم'}"
104,node,5160917324,35.640447,51.4950487,"{'addr:street': 'بلوار والفجر', 'amenity': 'restaurant', 'name': 'تالار ایرانیان'}"
105,node,5160917431,35.63533,51.4965719,"{'addr:street': 'طاهر پناه', 'amenity': 'clinic', 'healthcare': 'clinic', 'name': 'درمانگاه تخصصی مسعودیه'}"
106,node,5160955321,35.6443759,51.4964606,"{'addr:street': 'اردیبهشت', 'amenity': 'pharmacy', 'healthcare': 'pharmacy', 'name': 'داروخانه افسریه'}"
107,node,5163776622,35.6492147,51.4826401,"{'addr:street': 'بلوار ابوذر', 'amenity': 'bank', 'brand': 'بانک صادرات', 'brand:en': 'Bank Saderat Iran', 'brand:wikidata': 'Q2882608', 'brand:wikipedia': 'en:Bank Saderat Iran', 'name': 'بانک صادرات', 'name:en': 'Bank Saderat Iran', 'opening_hours': 'Sa-Th 08:00-14:00'}"
108,node,5174779825,35.6336517,51.4973458,"{'addr:street': 'ابومسلم خراسانی', 'amenity': 'bank', 'brand': 'بانک مسکن', 'brand:en': 'Bank Maskan', 'brand:wikidata': 'Q4855942', 'brand:wikipedia': 'en:Bank Maskan', 'name': 'بانک مسکن', 'name:en': 'Bank Maskan'}"
109,node,5174779828,35.6337727,51.4969899,"{'addr:street': 'علی خانی', 'amenity': 'clinic', 'healthcare': 'clinic', 'name': 'درمانگاه رازی'}"
110,node,5174779829,35.6341277,51.4969572,{'amenity': 'atm'}
111,node,5174808025,35.6341897,51.4969025,"{'addr:street': 'ابومسلم خراسانی', 'amenity': 'bank', 'name': 'بانک نور'}"
112,node,5174812223,35.6387523,51.4987747,"{'amenity': 'atm', 'name': 'خودپرداز بانک پارسیان'}"
113,node,5174823921,35.6363503,51.4969434,"{'addr:street': 'ابومسلم خراسانی', 'amenity': 'school', 'name': 'هنرستان فنی هفت تیر'}"
114,node,5177071825,35.6542642,51.4929953,"{'addr:street': 'بیست متری افسریه', 'amenity': 'bank', 'brand': 'بانک پاسارگاد', 'brand:en': 'Bank Pasargad', 'brand:wikidata': 'Q4855962', 'brand:wikipedia': 'en:Bank Pasargad', 'name': 'بانک پاسارگاد', 'name:en': 'Bank Pasargad'}"
115,node,5177072228,35.6548947,51.4905628,"{'addr:street': 'افسریه', 'amenity': 'pharmacy', 'healthcare': 'pharmacy', 'name': 'داروخانه ارجمند'}"
116,node,5177072421,35.6534874,51.4976251,"{'amenity': 'pharmacy', 'healthcare': 'pharmacy', 'name': 'داروخانه امیدزاده'}"
117,node,5177072524,35.6552831,51.4894889,"{'amenity': 'police', 'name': 'کیوسک پلیس شماره یک افسریه'}"
118,node,5177072525,35.6551731,51.4901166,"{'addr:city': 'شهر تهران', 'addr:street': 'بیست متری افسریه', 'amenity': 'post_office', 'name': 'اداره پست افسریه'}"
119,node,5177072527,35.650518,51.5031674,{'amenity': 'atm'}
120,node,5177072921,35.6548919,51.4913208,"{'amenity': 'bank', 'brand': 'بانک ایران زمین', 'brand:en': 'Iran Zamin Bank', 'brand:wikidata': 'Q5934423', 'brand:wikipedia': 'en:Iran Zamin Bank', 'name': 'بانک ایران زمین', 'name:en': 'Iran Zamin Bank'}"
121,node,5178603996,35.6523509,51.5042746,"{'amenity': 'atm', 'not:brand:wikidata': 'Q4117676', 'operator': 'بانک سامان'}"
122,node,5180656928,35.6411316,51.5009179,"{'amenity': 'bus_station', 'bus': 'yes', 'name': 'پایانه والفجربهارستان', 'public_transport': 'station'}"
123,node,5180656932,35.635012,51.491757,"{'amenity': 'pharmacy', 'healthcare': 'pharmacy', 'name': 'داروخانه افشین راد'}"
124,node,5180687926,35.6375453,51.4898666,"{'amenity': 'atm', 'brand': 'بانک پاسارگاد', 'brand:en': 'Bank Pasargad', 'brand:wikidata': 'Q4855962', 'brand:wikipedia': 'en:Bank Pasargad', 'name': 'بانک پاسارگاد', 'name:en': 'Bank Pasargad', 'operator': 'بانک پاسارگاد', 'operator:wikidata': 'Q4855962', 'operator:wikipedia': 'en:Bank Pasargad'}"
125,node,5180687927,35.6404966,51.4902732,"{'amenity': 'events_venue', 'name': 'تالار پذیرایی چهلستون'}"
126,node,5185773122,35.639739,51.4955754,{'amenity': 'toilets'}
127,node,5185773123,35.6390893,51.4943509,"{'addr:street': 'هنرستان', 'amenity': 'community_centre', 'name': 'سرای محله والفجر'}"
128,node,5208505721,35.636066,51.4478144,"{'amenity': 'bank', 'brand': 'بانک مسکن', 'brand:en': 'Bank Maskan', 'brand:wikidata': 'Q4855942', 'brand:wikipedia': 'en:Bank Maskan', 'name': 'بانک مسکن', 'name:en': 'Bank Maskan'}"
129,node,5208505822,35.6373694,51.4508429,"{'amenity': 'pharmacy', 'dispensing': 'yes', 'healthcare': 'pharmacy', 'name': 'داروخانه شبانه روزی بازرگانی'}"
130,node,5217640440,35.6190144,51.4900815,"{'amenity': 'bus_station', 'bus': 'yes', 'name': 'پایانه مشیریه', 'public_transport': 'station'}"
131,node,5246199621,35.6585638,51.5009973,{'amenity': 'atm'}
132,node,5301951434,35.637546,51.4604017,"{'amenity': 'place_of_worship', 'denomination': 'shia', 'name': 'مسجد جامع صاحب الزمان', 'religion': 'muslim'}"
133,node,5360143923,35.6616238,51.4396646,{'amenity': 'theatre'}
134,node,5430755904,35.6511228,51.4868987,"{'amenity': 'clinic', 'healthcare': 'clinic', 'name': 'درمانگاه فرهنگیان زینب بختیاری'}"
135,node,5443473422,35.6121287,51.4479403,"{'amenity': 'restaurant', 'name': 'پدر خوب', 'name:en': 'Pdr khob'}"
136,node,5443477621,35.6190374,51.4461157,"{'amenity': 'fire_station', 'name': 'ایستگاه شماره ۱۴ آتش نشانی دولت آباد', 'name:en': 'Shahid reza sharifi'}"
137,node,5506709748,35.6192472,51.4838158,"{'amenity': 'atm', 'currency:IRR': 'yes', 'operator': 'بانک اقتصاد نوین'}"
138,node,5561369924,35.637478,51.4348101,"{'amenity': 'fuel', 'name': 'جایگاه CNG فدایان اسلام', 'name:en': 'CNG'}"
139,node,5569076462,35.6624827,51.4326075,"{'amenity': 'toilets', 'opening_hours': 'Mo-Su 07:00-18:00', 'operator': 'بوستان ری'}"
140,node,5599594023,35.6471932,51.4771824,"{'amenity': 'atm', 'opening_hours': '24/7', 'operator': 'Saman Bank'}"
141,node,5664662496,35.6440009,51.4772266,"{'amenity': 'school', 'name': 'مرکز آموزش استثنایی رجائیه'}"
142,node,5737267121,35.6504493,51.4456083,"{'amenity': 'school', 'name': 'مدرسه چمران'}"
143,node,5749904455,35.6119748,51.5051494,"{'amenity': 'restaurant', 'name': 'رستوران توسکا سرا'}"
144,node,5750035422,35.6315247,51.4826498,"{'amenity': 'bus_station', 'bus': 'yes', 'name': 'شرکت واحد اتوبوسرانی تهران و حومه (منطقه ۳)', 'public_transport': 'station'}"
145,node,5758054892,35.6548033,51.5022812,"{'amenity': 'police', 'name': 'پاسگاه دژبانی'}"
146,node,5758054917,35.6559572,51.5028988,{'amenity': 'atm'}
147,node,5763319457,35.6433478,51.4948323,"{'amenity': 'pharmacy', 'healthcare': 'pharmacy', 'name': 'داروخانه'}"
148,node,5769150161,35.6072386,51.4982102,"{'amenity': 'place_of_worship', 'name': 'مسجد امام زمان عج', 'religion': 'muslim'}"
149,node,5769150163,35.6326782,51.4987036,"{'amenity': 'place_of_worship', 'name': 'مسجد حضرت ابوالفضل (ع)', 'religion': 'muslim'}"
150,node,5769150184,35.6246868,51.497566,"{'amenity': 'place_of_worship', 'name': 'مسجدالرسول(ص)', 'religion': 'muslim'}"
151,node,5769150188,35.6314135,51.5009586,"{'amenity': 'place_of_worship', 'name': 'مسجد موسی بن جعفر (ع)', 'religion': 'muslim'}"
152,node,5769150191,35.6317821,51.4872036,"{'amenity': 'restaurant', 'name': 'تالار شادی های زندگی'}"
153,node,5769150199,35.6111438,51.492485,"{'amenity': 'place_of_worship', 'name': 'مسجد قائم(عج)', 'religion': 'muslim'}"
154,node,5769150202,35.635855,51.4966471,"{'amenity': 'bank', 'atm': 'yes', 'brand': 'بانک آینده', 'brand:en': 'Ayandeh Bank', 'brand:wikidata': 'Q5938144', 'brand:wikipedia': 'en:Ayandeh Bank', 'name': 'بانک آینده', 'name:en': 'Ayandeh Bank'}"
155,node,5769150209,35.6219116,51.5005087,"{'amenity': 'place_of_worship', 'name': 'مسجد تربزقیها', 'religion': 'muslim'}"
156,node,5769152754,35.6430673,51.4872833,"{'amenity': 'place_of_worship', 'name': 'مسجد الزهرا', 'religion': 'muslim'}"
157,node,5769590925,35.6565513,51.4920645,"{'amenity': 'place_of_worship', 'name': 'مسجد رضویه', 'religion': 'muslim'}"
158,node,5769591658,35.6609254,51.4927885,"{'amenity': 'place_of_worship', 'name': 'مسجد فاطمیه', 'religion': 'muslim'}"
159,node,5769652296,35.6583125,51.4951919,"{'amenity': 'bank', 'atm': 'yes', 'brand': 'بانک سپه', 'brand:en': 'Bank Sepah', 'brand:wikidata': 'Q2882624', 'name': 'بانک سپه', 'name:en': 'Bank Sepah'}"
160,node,5769652304,35.6598394,51.4957354,"{'amenity': 'pharmacy', 'healthcare': 'pharmacy', 'name': 'داروخانه'}"
161,node,5770180707,35.6415545,51.4784751,"{'amenity': 'bus_station', 'bus': 'yes', 'name': 'پایانه اتوبوس خاوران', 'public_transport': 'station'}"
162,node,5770180734,35.6419087,51.4778713,"{'amenity': 'atm', 'not:brand:wikidata': 'Q5323768', 'operator': 'بانک اقتصاد نوین'}"
163,node,5770180751,35.6420479,51.4780692,"{'amenity': 'atm', 'not:brand:wikidata': 'Q4117676', 'operator': 'بانک سامان'}"
164,node,5770180755,35.6387165,51.4815752,"{'amenity': 'bus_station', 'bus': 'yes', 'name': 'ترمینال ورامین افسریه اسلامشهر', 'public_transport': 'station'}"
165,node,5770180770,35.6407195,51.4776081,"{'amenity': 'restaurant', 'name': 'تالار پذیرایی قصر الماس'}"
166,node,5770224035,35.6360776,51.4794576,"{'amenity': 'taxi', 'name': 'پایانه تاکسیرانی'}"
167,node,5775195453,35.6491226,51.4862116,"{'amenity': 'events_venue', 'name': 'تالار گلهای زندگی'}"
168,node,5776115056,35.6399209,51.487396,"{'amenity': 'doctors', 'healthcare': 'doctor', 'name': 'میکرودرم دکتر آزادی فر'}"
169,node,5776172853,35.6580098,51.4849727,"{'amenity': 'fast_food', 'name': 'فست فود داوین'}"
170,node,5793711622,35.6320516,51.4593051,"{'amenity': 'place_of_worship', 'name': 'حسینیه علی ابن ابیطالب(میاندوآبیها)', 'religion': 'muslim'}"
171,node,5795954260,35.622449,51.4578297,{'amenity': 'waste_disposal'}
172,node,5800406156,35.6310426,51.4980757,"{'addr:street': 'شیرازی', 'amenity': 'pharmacy', 'healthcare': 'pharmacy', 'name': 'داروخانه هجرت', 'opening_hours': 'Sa-Th 08:00-22:00'}"
173,node,5803926869,35.6528125,51.4444959,"{'amenity': 'pharmacy', 'healthcare': 'pharmacy', 'name': 'داروخانه هفده شهریور'}"
174,node,5803926872,35.6504441,51.4428652,"{'amenity': 'place_of_worship', 'denomination': 'shia', 'name': 'مسجد قائم', 'religion': 'muslim'}"
175,node,5803926873,35.6525165,51.4444344,"{'amenity': 'bank', 'atm': 'yes', 'brand': 'بانک صادرات', 'brand:en': 'Bank Saderat Iran', 'brand:wikidata': 'Q2882608', 'brand:wikipedia': 'en:Bank Saderat Iran', 'name': 'بانک صادرات', 'name:en': 'Bank Saderat Iran'}"
176,node,5840019986,35.6481593,51.4708765,"{'amenity': 'bank', 'atm': 'no', 'brand': 'بانک صادرات', 'brand:en': 'Bank Saderat Iran', 'brand:wikidata': 'Q2882608', 'brand:wikipedia': 'en:Bank Saderat Iran', 'name': 'بانک صادرات', 'name:en': 'Bank Saderat Iran'}"
177,node,5840253062,35.6504065,51.4463623,"{'amenity': 'place_of_worship', 'denomination': 'shia', 'name': 'اکبر علی مسجد', 'religion': 'muslim'}"
178,node,5885335364,35.6526251,51.4771313,"{'amenity': 'school', 'name': 'مدرسه صدرا'}"
179,node,5989115643,35.6619685,51.4466971,"{'amenity': 'bank', 'atm': 'yes', 'brand': 'بانک صادرات', 'brand:en': 'Bank Saderat Iran', 'brand:fa': 'بانک صادرات', 'brand:wikidata': 'Q2882608', 'brand:wikipedia': 'en:Bank Saderat Iran', 'name': 'بانک صادرات', 'name:en': 'Bank Saderat Iran', 'name:fa': 'بانک صادرات'}"
180,node,5989125375,35.6610172,51.4448085,"{'amenity': 'bank', 'atm': 'yes', 'brand': 'بانک صادرات', 'brand:en': 'Bank Saderat Iran', 'brand:fa': 'بانک صادرات', 'brand:wikidata': 'Q2882608', 'brand:wikipedia': 'en:Bank Saderat Iran', 'name': 'بانک صادرات', 'name:en': 'Bank Saderat Iran', 'name:fa': 'بانک صادرات'}"
181,node,5989159059,35.6652939,51.444727,"{'amenity': 'place_of_worship', 'denomination': 'shia', 'name': 'مسجد نور', 'religion': 'muslim'}"
182,node,5989357010,35.6461967,51.4442597,"{'amenity': 'bus_station', 'bus': 'yes', 'name': 'انتها هفده شهریور', 'public_transport': 'station'}"
183,node,6024312417,35.6557649,51.4467289,"{'amenity': 'place_of_worship', 'denomination': 'shia', 'name': 'مسجد امام جعفر صادق', 'religion': 'muslim'}"
184,node,6029559985,35.6336829,51.4583156,"{'amenity': 'bus_station', 'bus': 'yes', 'name': 'کیانشهر', 'public_transport': 'station'}"
185,node,6056774387,35.6625194,51.4501881,"{'amenity': 'police', 'name': 'کیوسک پلیس'}"
186,node,6056774388,35.6464591,51.4726141,"{'addr:street': 'خاوران', 'amenity': 'bank', 'atm': 'yes', 'brand': 'بانک سپه', 'brand:en': 'Bank Sepah', 'brand:wikidata': 'Q2882624', 'brand:wikipedia': 'en:Bank Sepah', 'name': 'بانک سپه', 'name:en': 'Bank Sepah'}"
187,node,6056774485,35.6640044,51.4501448,"{'addr:street': 'اعظم نظامی', 'amenity': 'fire_station', 'name': 'ایستگاه ۹۹ آتش نشانی'}"
188,node,6056774487,35.663199,51.4501544,"{'amenity': 'pharmacy', 'healthcare': 'pharmacy', 'name': 'داروخانه شهدا گمنام'}"
189,node,6056774986,35.6610263,51.4561304,"{'amenity': 'bank', 'brand': 'بانک ملی', 'brand:en': 'Bank Melli Iran', 'brand:wikidata': 'Q806640', 'brand:wikipedia': 'en:Bank Melli Iran', 'name': 'بانک ملی', 'name:en': 'Bank Melli Iran'}"
190,node,6056781489,35.6422207,51.4775888,"{'amenity': 'police', 'name': 'کیوسک پلیس'}"
191,node,6056781496,35.6423285,51.4778482,"{'amenity': 'toilets', 'name': 'دستشویی', 'note': 'دستش'}"
192,node,6080693669,35.6554925,51.444642,"{'amenity': 'driving_school', 'name': 'آموزشگاه رانندگی طبرستان'}"
193,node,6080693679,35.6589927,51.4449065,"{'amenity': 'place_of_worship', 'denomination': 'shia', 'name': 'مسجد رضوان', 'religion': 'muslim'}"
194,node,6089231991,35.6561596,51.4447157,"{'amenity': 'pharmacy', 'healthcare': 'pharmacy', 'name': 'داروخانه ظفر'}"
195,node,6089231993,35.6561936,51.4449618,"{'amenity': 'place_of_worship', 'name': 'حسینیه همت آبادیهای'}"
196,node,6089238687,35.6395165,51.4958909,"{'amenity': 'گجج', 'bus': 'yes', 'highway': 'bus_stop', 'name': 'پارک والفجر', 'public_transport': 'platform'}"
197,node,6101587685,35.6551221,51.4446172,"{'amenity': 'clinic', 'healthcare': 'clinic', 'name': 'درمانگاه پانزده شعبان'}"
198,node,6105411097,35.6512448,51.4446732,"{'amenity': 'courthouse', 'name': 'شورا حل اختلاف شماره ۱۵'}"
199,node,6106464165,35.6559782,51.4941944,"{'amenity': 'pharmacy', 'healthcare': 'pharmacy', 'name': 'داروخانه'}"
200,node,6106464172,35.6583388,51.5002485,"{'amenity': 'school', 'name': 'دبستان فرشتگان'}"
201,node,6106475349,35.6537614,51.4935824,"{'amenity': 'pharmacy', 'healthcare': 'pharmacy', 'name': 'داروخانه خرمی'}"
202,node,6106475503,35.6474506,51.4914413,"{'amenity': 'bank', 'brand': 'بانک ملی', 'brand:en': 'Bank Melli Iran', 'brand:wikidata': 'Q806640', 'brand:wikipedia': 'en:Bank Melli Iran', 'name': 'بانک ملی', 'name:en': 'Bank Melli Iran'}"
203,node,6106475512,35.6576556,51.4949101,"{'amenity': 'pharmacy', 'healthcare': 'pharmacy', 'name': 'داروخانه'}"
204,node,6106543094,35.6525836,51.4932587,"{'amenity': 'place_of_worship', 'name': 'مسجد حضرت ابوالفضل', 'religion': 'muslim'}"
205,node,6106800815,35.6277221,51.4915361,"{'amenity': 'bus_station', 'highway': 'bus_stop', 'name': 'پایانه ثامن الحجج'}"
206,node,6106800837,35.627432,51.4910983,{'amenity': 'taxi'}
207,node,6111507885,35.6633867,51.4459034,"{'addr:street': 'طیب', 'amenity': 'pharmacy', 'healthcare': 'pharmacy', 'name': 'داروخانه شبانه روزی', 'opening_hours': '24/7'}"
208,node,6114046597,35.6390552,51.4987087,"{'amenity': 'clinic', 'healthcare': 'clinic', 'name': 'درمانگاه شبانه روزی طب الحسن', 'opening_hours': '24/7'}"
209,node,6114046602,35.6388783,51.4987536,"{'amenity': 'pharmacy', 'healthcare': 'hospital', 'name': 'داروخانه'}"
210,node,6116234988,35.6603321,51.4406583,"{'amenity': 'bank', 'atm': 'yes', 'brand': 'بانک سپه', 'brand:en': 'Bank Sepah', 'brand:wikidata': 'Q2882624', 'name': 'بانک سپه', 'name:en': 'Bank Sepah'}"
211,node,6116234989,35.6649371,51.448616,"{'amenity': 'cinema', 'name': 'سینما پیوند'}"
212,node,6116261789,35.6608178,51.4446262,"{'amenity': 'bank', 'brand': 'بانک صادرات', 'brand:en': 'Bank Saderat Iran', 'brand:fa': 'بانک صادرات', 'brand:wikidata': 'Q2882608', 'brand:wikipedia': 'en:Bank Saderat Iran', 'name': 'بانک صادرات', 'name:en': 'Bank Saderat Iran', 'name:fa': 'بانک صادرات'}"
213,node,6120803548,35.6187008,51.4493374,"{'amenity': 'post_office', 'name': 'اداره پست', 'name:en': 'post station'}"
214,node,6120857849,35.6225835,51.4436009,"{'amenity': 'fuel', 'name': 'پمپ بنزین'}"
215,node,6120899410,35.6176952,51.4456226,"{'amenity': 'library', 'name': 'کتابخانه شهید صدوق'}"
216,node,6121056965,35.6383832,51.4411645,"{'amenity': 'place_of_worship', 'denomination': 'shia', 'name': 'مسجد', 'religion': 'muslim'}"
217,node,6124781432,35.6155177,51.4822402,"{'amenity': 'community_centre', 'name': 'سرای محله مشیریه'}"
218,node,6124791601,35.6338732,51.4430868,"{'amenity': 'place_of_worship', 'denomination': 'shia', 'name': 'مسجد حضرت رقیه', 'name:en': 'Hazrat Roghayeh Mosque', 'religion': 'muslim'}"
219,node,6124791602,35.635454,51.4461092,"{'amenity': 'bank', 'atm': 'yes', 'brand': 'بانک سپه', 'brand:en': 'Bank Sepah', 'brand:wikidata': 'Q2882624', 'name': 'بانک سپه', 'name:en': 'Bank Sepah'}"
220,node,6124791603,35.6393484,51.4489313,"{'amenity': 'post_office', 'name': 'اداره پست کیانشهر'}"
221,node,6137203986,35.6504391,51.4689236,"{'amenity': 'place_of_worship', 'name': 'حسینیه سید الشهد'}"
222,node,6137216685,35.6642197,51.4513522,"{'amenity': 'bank', 'brand': 'بانک ایران زمین', 'brand:en': 'Iran Zamin Bank', 'brand:wikidata': 'Q5934423', 'brand:wikipedia': 'en:Iran Zamin Bank', 'name': 'بانک ایران زمین', 'name:en': 'Iran Zamin Bank'}"
223,node,6137217085,35.6639758,51.4518603,"{'amenity': 'bank', 'brand': 'بانک صادرات', 'brand:en': 'Bank Saderat Iran', 'brand:fa': 'بانک صادرات', 'brand:wikidata': 'Q2882608', 'brand:wikipedia': 'en:Bank Saderat Iran', 'name': 'بانک صادرات', 'name:en': 'Bank Saderat Iran', 'name:fa': 'بانک صادرات'}"
224,node,6151888185,35.6118469,51.4384466,"{'amenity': 'bank', 'brand': 'بانک صادرات', 'brand:en': 'Bank Saderat Iran', 'brand:wikidata': 'Q2882608', 'brand:wikipedia': 'en:Bank Saderat Iran', 'name': 'بانک صادرات', 'name:en': 'Bank Saderat Iran'}"
225,node,6151888186,35.6107594,51.4406459,"{'amenity': 'social_facility', 'name': 'بهزیستی ری'}"
226,node,6151888285,35.6104392,51.4424681,"{'amenity': 'bank', 'brand': 'بانک رفاه', 'brand:en': 'Refah Bank', 'brand:wikidata': 'Q7307083', 'brand:wikipedia': 'en:Refah Bank', 'check_date': '2023-09-26', 'name': 'بانک رفاه', 'name:en': 'Refah Bank'}"
227,node,6151888286,35.6102295,51.4432798,"{'amenity': 'bank', 'brand': 'بانک سپه', 'brand:en': 'Bank Sepah', 'brand:wikidata': 'Q2882624', 'brand:wikipedia': 'en:Bank Sepah', 'name': 'بانک سپه', 'name:en': 'Bank Sepah'}"
228,node,6151888385,35.624317,51.4437929,"{'amenity': 'bank', 'brand': 'بانک تجارت', 'brand:wikidata': 'Q7695198', 'brand:wikipedia': 'en:Tejarat Bank', 'name': 'بانک تجارت'}"
229,node,6200994089,35.6560158,51.4505947,"{'amenity': 'pharmacy', 'healthcare': 'pharmacy', 'name': 'داروخانه', 'name:fa': 'داروخانه ایرانی'}"
230,node,6201022985,35.66084,51.4454381,"{'amenity': 'pharmacy', 'healthcare': 'pharmacy', 'name': 'داروخانه'}"
231,node,6202289793,35.6608227,51.4451933,"{'amenity': 'drinking_water', 'name': 'چهار راه تیر دوقلو'}"
232,node,6202289987,35.6599699,51.4371635,"{'amenity': 'drinking_water', 'name': 'چهار راه لب خط'}"
233,node,6228484153,35.6382202,51.4791789,"{'addr:city': 'تهران', 'addr:street': 'حسینی', 'amenity': 'place_of_worship', 'denomination': 'shia', 'name': 'مسجد حضرت علی اکبر علیه السلام', 'name:en': 'Ali Akbar Mosque', 'religion': 'muslim'}"
234,node,6276275687,35.6184587,51.4548406,"{'amenity': 'pharmacy', 'healthcare': 'pharmacy', 'name': 'داروخانه ائمه اطهار', 'name:en': 'Aemehathar pharmacy'}"
235,node,6387321685,35.6401402,51.4673556,"{'addr:street': 'شهرک بروجردی - دهقان', 'amenity': 'events_venue', 'name': 'تالار مجموعه پذیرایی زیتون', 'name:en': 'zeitoon salon'}"
236,node,6409449017,35.6395032,51.4513393,"{'amenity': 'fire_station', 'name': 'ایستگاه آتش نشانی ۲۱ کیانشهر', 'name:en': 'Kian Shahr Fire Station'}"
237,node,6409449018,35.6390861,51.4507602,{'amenity': 'toilets'}
238,node,6412816387,35.6400136,51.4675668,"{'addr:street': 'امام خمینی', 'amenity': 'bank', 'brand': 'بانک اقتصاد نوین', 'brand:en': 'EN Bank', 'brand:wikidata': 'Q5323768', 'brand:wikipedia': 'en:EN Bank', 'name': 'بانک اقتصاد نوین', 'name:en': 'EN Bank'}"
239,node,6423647886,35.6554394,51.4322825,"{'addr:city': 'Tehran', 'addr:housenumber': '1321', 'addr:street': 'فداییان اسلام', 'amenity': 'restaurant', 'capacity': '30', 'cuisine': 'kebab;asian', 'delivery': 'yes', 'diet:halal': 'yes', 'diet:meat': 'yes', 'internet_access': 'no', 'name': 'کبابی حاج رضا', 'opening_hours': 'Mo-Su 12:00-17:00', 'outdoor_seating': 'yes', 'phone': '+989121141192', 'smoking': 'no', 'takeaway': 'yes'}"
240,node,6462860861,35.6395417,51.4522957,{'amenity': 'toilets'}
241,node,6482507468,35.6427222,51.4758825,"{'amenity': 'driving_school', 'name': 'آموزشگاه موتور سیکلت طاهر'}"
242,node,6531373578,35.6098344,51.4976366,"{'amenity': 'library', 'name': 'کتابخانه کوهسار'}"
243,node,6531373584,35.6096873,51.4974572,"{'amenity': 'place_of_worship', 'name': 'حسینیه چهارده معصوم', 'religion': 'muslim'}"
244,node,6547845212,35.645213,51.4939,"{'amenity': 'place_of_worship', 'name': 'مسجد بعثت', 'religion': 'muslim'}"
245,node,6547875044,35.6458797,51.4904015,"{'amenity': 'clinic', 'healthcare': 'clinic', 'healthcare:speciality': 'درمانگاه جواد ائمه', 'name': 'درمانگاه جواد ائمه'}"
246,node,6656847852,35.649785,51.4765057,"{'addr:street': 'بلوار بقایی', 'amenity': 'pharmacy', 'name': 'داروخانه شبانه روزی دکتر مهرآبادی'}"
247,node,6749627750,35.6547934,51.4511617,"{'amenity': 'toilets', 'name': 'دستشویی غربی'}"
248,node,6749803207,35.6582284,51.4476394,"{'amenity': 'restaurant', 'name': 'چلو کبابی برادران'}"
249,node,6760413985,35.6397457,51.470462,"{'amenity': 'bank', 'brand': 'بانک سپه', 'brand:en': 'Bank Sepah', 'brand:wikidata': 'Q2882624', 'name': 'بانک سپه', 'name:en': 'Bank Sepah', 'old_name': 'بانک انصار'}"
250,node,6760413986,35.6396574,51.4708515,"{'amenity': 'college', 'name': 'سرای محله شهرک شهید بروجردی', 'name:en': 'Saraye Mahalleh'}"
251,node,6775719577,35.643124,51.4878762,{'amenity': 'pharmacy'}
252,node,6776215851,35.6642125,51.4314447,"{'amenity': 'library', 'name': 'کتابخانه بهشتی'}"
253,node,6776215854,35.6582988,51.4845465,"{'amenity': 'place_of_worship', 'name': 'مسجد جامع ابوذر', 'religion': 'muslim'}"
254,node,6858145586,35.6542617,51.5012199,{'amenity': 'drinking_water'}
255,node,6864426985,35.6581587,51.473655,"{'amenity': 'restaurant', 'name': 'رستوران تاک', 'name:en': 'Taak Restaurant'}"
256,node,6881488285,35.6597123,51.4483302,"{'amenity': 'pharmacy', 'healthcare': 'pharmacy', 'name': 'داروخانه شعبانی'}"
257,node,7025388985,35.6305231,51.4864488,"{'addr:street': 'بزرگراه امام رضا', 'amenity': 'restaurant', 'name': 'کافه پرشین', 'operator': 'محمد سکاکی', 'phone': '+98 21 3347 1779'}"
258,node,7071784186,35.6416026,51.4604429,{'amenity': 'toilets'}
259,node,7071784285,35.6417463,51.4605686,"{'amenity': 'drinking_water', 'name': 'آبخوری'}"
260,node,7071784785,35.6429937,51.4607613,{'amenity': 'drinking_water'}
261,node,7074268238,35.6527486,51.4517248,"{'amenity': 'toilets', 'name': 'دستشویی جنوبی'}"
262,node,7074440387,35.6613572,51.4628882,"{'amenity': 'theatre', 'name': 'خانه فرهنگ زيتون'}"
263,node,7074440451,35.6634426,51.4672282,{'amenity': 'place_of_worship'}
264,node,7076218388,35.6521652,51.4542562,"{'amenity': 'bus_station', 'highway': 'bus_stop', 'name': 'پایانه ولیعصر'}"
265,node,7232645699,35.664925,51.4357703,"{'amenity': 'place_of_worship', 'name': 'مسجد همت آبادی', 'religion': 'muslim'}"
266,node,7287606685,35.6062981,51.5022938,"{'addr:street': 'اسکندرلو', 'amenity': 'fuel', 'name': 'پمپ بنزین رضویه'}"
267,node,7441507896,35.6625345,51.4532614,"{'amenity': 'place_of_worship', 'name': 'حسینیه قومیون'}"
268,node,7441507897,35.6605386,51.4545755,"{'amenity': 'place_of_worship', 'denomination': 'shia', 'name': 'مسجد امام علی نقی', 'religion': 'muslim'}"
269,node,7455282431,35.6459484,51.4794583,"{'amenity': 'school', 'name': 'مدرسه مجتهدی'}"
270,node,7477106885,35.6546299,51.4451915,"{'addr:street': 'هفده شهریور', 'amenity': 'childcare', 'name': 'پرورشگاه شبیر', 'name:en': 'Shobir'}"
271,node,7552518367,35.6373218,51.4678878,{'amenity': 'atm'}
272,node,7553048557,35.6376102,51.4675149,"{'amenity': 'school', 'name': 'مدرسه پسرانه شهید امیرعلی محمدیان', 'old_name': 'مدرسه پسرانه هدف'}"
273,node,7553048559,35.6379611,51.469492,"{'amenity': 'school', 'name': 'مدرسه پیروان امام علی'}"
274,node,7553048562,35.6380899,51.4675911,"{'amenity': 'school', 'name': 'مدرسه دخترانه نور'}"
275,node,7553048565,35.6396834,51.4706561,"{'amenity': 'library', 'name': 'کتابخانه شهرک'}"
276,node,7554421385,35.6491814,51.4586046,"{'addr:street': 'ذوالفقاری (اتابک)', 'amenity': 'restaurant', 'name': 'کبابسرای گلپایگانی'}"
277,node,7555764506,35.6334308,51.4784486,"{'amenity': 'library', 'name': 'کتابخانه پارک پردیس'}"
278,node,7555764518,35.6350309,51.4762162,"{'amenity': 'theatre', 'name': 'آمفی تئاتر پردیس بانوان'}"
279,node,7556238053,35.6238193,51.4781643,"{'amenity': 'library', 'name': 'کتابخانه پامچال'}"
280,node,7556238061,35.6266354,51.4809906,"{'amenity': 'language_school', 'name': 'مرکز مهارت آموزی کوثر بانوان'}"
281,node,7567085787,35.6185628,51.4787278,"{'amenity': 'pharmacy', 'healthcare': 'pharmacy', 'name': 'داروخانه دکتر سعید'}"
282,node,7567086385,35.6182898,51.4781495,"{'amenity': 'atm', 'not:brand:wikidata': 'Q5938144', 'operator': 'بانک آینده'}"
283,node,7567086589,35.6243627,51.4881974,"{'amenity': 'bank', 'atm': 'yes', 'brand': 'بانک صادرات', 'brand:en': 'Bank Saderat Iran', 'brand:fa': 'بانک صادرات', 'brand:wikidata': 'Q2882608', 'brand:wikipedia': 'en:Bank Saderat Iran', 'name': 'بانک صادرات', 'name:en': 'Bank Saderat Iran', 'name:fa': 'بانک صادرات'}"
284,node,7567086591,35.6192793,51.4794034,"{'amenity': 'fast_food', 'name': 'دیدو مک'}"
285,node,7567088186,35.6250962,51.4894592,"{'amenity': 'pharmacy', 'healthcare': 'pharmacy', 'name': 'داروخانه دکتر احمدی'}"
286,node,7567088686,35.6182269,51.4776611,"{'amenity': 'pharmacy', 'healthcare': 'pharmacy', 'name': 'داروخانه دکتر نصر اصفهانی'}"
287,node,7568801701,35.6214427,51.483374,"{'amenity': 'atm', 'operator': 'بانک شهر'}"
288,node,7572307487,35.610151,51.44355,"{'amenity': 'bench', 'backrest': 'yes'}"
289,node,7572307488,35.6062105,51.4382242,"{'amenity': 'bench', 'backrest': 'yes'}"
290,node,7572307786,35.6107694,51.44112,{'amenity': 'bench'}
291,node,7602694556,35.6345945,51.4370014,"{'amenity': 'vehicle_inspection', 'craft': 'carpenter', 'name': 'مرکز معاینه فنی شماره ۶ فدائیام اسلام'}"
292,node,7772410766,35.6179226,51.4639851,"{'amenity': 'bus_station', 'bus': 'yes', 'name': 'پایانه قدس', 'public_transport': 'station'}"
293,node,7773219808,35.6198025,51.4471545,"{'amenity': 'townhall', 'name': 'شهرداری ناحیه چهار منطقه بیست'}"
294,node,7790751864,35.6486073,51.4823056,"{'amenity': 'pharmacy', 'healthcare': 'pharmacy', 'name': 'داروخانه جابری'}"
295,node,7790751865,35.6512617,51.4829796,"{'amenity': 'school', 'name': 'حوزه علمیه سفیران هدایت امام صادق علیه السلام'}"
296,node,7790751875,35.6390371,51.4489474,"{'addr:street': 'میدان امام رضا', 'amenity': 'townhall', 'name': 'شهرداری ناحیه سه منطقه پانزده', 'nat_name': 'شهرداری ناحیه 3 منطقه 15'}"
297,node,7790751877,35.6507532,51.4835105,"{'amenity': 'bank', 'brand': 'بانک پاسارگاد', 'brand:en': 'Bank Pasargad', 'brand:wikidata': 'Q4855962', 'brand:wikipedia': 'en:Bank Pasargad', 'name': 'بانک پاسارگاد', 'name:en': 'Bank Pasargad'}"
298,node,7804542585,35.6568757,51.484866,"{'amenity': 'pharmacy', 'healthcare': 'pharmacy'}"
299,node,7920567085,35.6519726,51.4927672,"{'addr:street': '۱۵ متری دوم', 'amenity': 'pharmacy', 'healthcare': 'pharmacy', 'name': 'داروخانه پورقاسمی'}"
300,node,7958538077,35.6577613,51.4761268,"{'addr:street': 'آهنگ', 'amenity': 'clinic', 'healthcare': 'clinic', 'name': 'درمانگاه آهنگ'}"
301,node,7958538083,35.6565888,51.4745249,"{'amenity': 'place_of_worship', 'name': 'مسجد قرآن', 'religion': 'muslim'}"
302,node,7965592272,35.6497159,51.4486918,{'amenity': 'toilets'}
303,node,7965592273,35.6496016,51.4491279,"{'amenity': 'library', 'name': 'کتابخانه پیامبر'}"
304,node,7965592276,35.6514654,51.4460587,"{'amenity': 'school', 'name': 'دبیرستان دخترانه دوره اول بینایی'}"
305,node,7975857891,35.6259613,51.43574,"{'amenity': 'clinic', 'healthcare': 'clinic', 'name': 'درمانگاه آزادگان'}"
306,node,8013790106,35.654917,51.4320226,"{'amenity': 'bank', 'brand': 'بانک صادرات', 'brand:en': 'Bank Saderat Iran', 'brand:fa': 'بانک صادرات', 'brand:wikidata': 'Q2882608', 'brand:wikipedia': 'en:Bank Saderat Iran', 'name': 'بانک صادرات', 'name:en': 'Bank Saderat Iran', 'name:fa': 'بانک صادرات'}"
307,node,8013790107,35.6549122,51.432041,"{'amenity': 'atm', 'brand': 'بانک صادرات', 'brand:en': 'Bank Saderat Iran', 'brand:fa': 'بانک صادرات', 'brand:wikidata': 'Q2882608', 'brand:wikipedia': 'en:Bank Saderat Iran', 'name': 'بانک صادرات', 'name:en': 'Bank Saderat Iran', 'name:fa': 'بانک صادرات', 'operator': 'بانک صادرات', 'operator:wikidata': 'Q2882608', 'operator:wikipedia': 'en:Bank Saderat Iran'}"
308,node,8013790109,35.6563774,51.4315877,"{'amenity': 'bank', 'brand': 'بانک تجارت', 'brand:wikidata': 'Q7695198', 'brand:wikipedia': 'en:Tejarat Bank', 'name': 'بانک تجارت'}"
309,node,8013790110,35.6563609,51.4315804,"{'amenity': 'atm', 'brand': 'بانک تجارت', 'brand:wikidata': 'Q7695198', 'brand:wikipedia': 'en:Tejarat Bank', 'name': 'بانک تجارت', 'operator': 'بانک تجارت', 'operator:wikidata': 'Q7695198', 'operator:wikipedia': 'en:Tejarat Bank'}"
310,node,8065100561,35.6453925,51.4743994,"{'amenity': 'toilets', 'name': 'دستشویی'}"
311,node,8148287615,35.6413739,51.4903375,"{'amenity': 'pharmacy', 'healthcare': 'pharmacy', 'name': 'داروخانه شاد خو'}"
312,node,8148324518,35.6419323,51.4891252,"{'amenity': 'toilets', 'name': 'سرویس بهداشتی', 'unisex': 'yes'}"
313,node,8149604879,35.6643868,51.4885708,{'amenity': 'toilets'}
314,node,8150577186,35.6486754,51.5028621,"{'amenity': 'place_of_worship', 'name': 'مسجد امام خمینی', 'religion': 'muslim'}"
315,node,8248230965,35.6383337,51.4346328,"{'amenity': 'toilets', 'name': 'دستشویی'}"
316,node,8248230980,35.6363573,51.4344209,"{'amenity': 'hospital', 'healthcare': 'hospital', 'name': 'بیمارستان روانپزشکی دلارام سینا'}"
317,node,8330739406,35.617783,51.4369098,"{'addr:city': 'شهر ری', 'addr:housenumber': 'بزرگراه آزادگان شرق، فداییان اسلام جنوب، هایپر استار نجم خاورمیانه، باقلوا علی کنتیا', 'addr:street': 'بلوار فداییان اسلام', 'amenity': 'cafe', 'cuisine': 'regional;coffee_shop', 'name': 'کافه باقلوای ترکی علی کنتیا', 'website': 'https://takseen-baklava.com'}"
318,node,8661119217,35.6501358,51.4590794,{'amenity': 'atm'}
319,node,8758147558,35.6465601,51.4723755,"{'amenity': 'clinic', 'name': 'مرکز بهداشت ۱۲ بهمن'}"
320,node,8758689875,35.6596684,51.5002853,"{'amenity': 'clinic', 'healthcare': 'clinic', 'name': 'مرکز بهداشت افسریه', 'nat_name': 'مرکز خدمات جامع سلامت شهری افسریه', 'phone': '+98 21 3315 7333'}"
321,node,8764489842,35.6446747,51.4953312,"{'addr:city': 'شهر تهران', 'addr:street': 'رضا حقیقت', 'amenity': 'clinic', 'healthcare': 'clinic', 'name': 'مرکز بهداشت بعثت', 'phone': '+982133640051'}"
322,node,8764748326,35.6282887,51.4911155,"{'amenity': 'clinic', 'name': 'مرکز بهداشت مسعودیه', 'phone': '+982133868199'}"
323,node,8772336329,35.6370684,51.4664476,"{'amenity': 'clinic', 'name': 'مرکز بهداشت آفرینش'}"
324,node,8780870771,35.6540904,51.4937715,"{'amenity': 'clinic', 'healthcare': 'clinic', 'name': 'مرکز بهداشت حاج یحیی آقا سید عبدالله'}"
325,node,8786286327,35.663773,51.4350647,"{'amenity': 'clinic', 'healthcare': 'clinic'}"
326,node,8786409174,35.6184574,51.4537798,"{'amenity': 'clinic', 'healthcare': 'clinic', 'name': 'مرکز بهداشت شهید یغماییان'}"
327,node,8788212840,35.6427571,51.4933066,"{'amenity': 'car_pooling', 'name': 'نمایندگی ایران خودرو کد ۱۱۳۶'}"
328,node,8825780887,35.6301422,51.5048792,"{'amenity': 'place_of_worship', 'name': 'مسجد الزهرا', 'religion': 'muslim'}"
329,node,8825780888,35.6309095,51.504706,"{'amenity': 'school', 'name': 'مدرسه ابتدایی سعدی'}"
330,node,8825780889,35.6308957,51.5000503,"{'amenity': 'toilets', 'name': 'دستشویی'}"
331,node,8837855695,35.6094322,51.436608,"{'amenity': 'place_of_worship', 'religion': 'muslim'}"
332,node,8837855704,35.6090046,51.4356679,"{'amenity': 'place_of_worship', 'name': 'مسجد جامع منصوریه', 'religion': 'muslim'}"
333,node,8841144717,35.623674,51.4866447,"{'amenity': 'bank', 'atm': 'yes', 'brand': 'بانک آینده', 'brand:en': 'Ayandeh Bank', 'brand:wikidata': 'Q5938144', 'brand:wikipedia': 'en:Ayandeh Bank', 'name': 'بانک آینده', 'name:en': 'Ayandeh Bank'}"
334,node,8914862925,35.6355692,51.4897188,{'amenity': 'atm'}
335,node,8934098160,35.6376988,51.4850395,{'amenity': 'toilets'}
336,node,8934098169,35.6457204,51.4908612,{'amenity': 'parking'}
337,node,8951225733,35.6423147,51.4904226,"{'amenity': 'shelter', 'shelter_type': 'picnic_shelter'}"
338,node,8951225734,35.6419442,51.4896421,"{'amenity': 'shelter', 'shelter_type': 'picnic_shelter'}"
339,node,8951225735,35.643082,51.4884673,{'amenity': 'place_of_worship'}
340,node,8951225736,35.6427768,51.4888589,"{'amenity': 'shelter', 'shelter_type': 'picnic_shelter'}"
341,node,8951234324,35.6447282,51.4878651,{'amenity': 'atm'}
342,node,8951234325,35.642906,51.4876532,{'amenity': 'atm'}
343,node,8951234326,35.6380734,51.4856791,{'amenity': 'atm'}
344,node,8951234327,35.6381954,51.4869853,"{'amenity': 'atm', 'brand': 'بانک ملت', 'brand:en': 'Bank Mellat', 'brand:wikidata': 'Q4855944', 'brand:wikipedia': 'en:Bank Mellat', 'cash_in': 'no', 'currency:IRR': 'yes', 'drive_through': 'no', 'name': 'خودپرداز بانک ملت', 'name:en': 'Bank Mellat', 'operator': 'بانک ملت', 'operator:wikidata': 'Q4855944', 'operator:wikipedia': 'en:Bank Mellat'}"
345,node,8951240331,35.638505,51.4855959,{'amenity': 'place_of_worship'}
346,node,8954712589,35.6442121,51.4612901,"{'amenity': 'vehicle_inspection', 'name': 'مرکز معاینه فنی بعثت'}"
347,node,8954718789,35.6466888,51.4500515,{'amenity': 'toilets'}
348,node,9013026807,35.6375525,51.4512507,"{'amenity': 'clinic', 'healthcare': 'clinic', 'name': 'درمانگاه شبانه روزی امین'}"
349,node,9013026810,35.6366926,51.4494541,{'amenity': 'toilets'}
350,node,9019963815,35.6378614,51.4864363,{'amenity': 'drinking_water'}
351,node,9024733494,35.6399093,51.4903343,"{'amenity': 'atm', 'brand': 'بانک سپه', 'brand:en': 'Bank Sepah', 'brand:wikidata': 'Q2882624', 'brand:wikipedia': 'en:Bank Sepah', 'cash_in': 'no', 'currency:IRR': 'yes', 'drive_through': 'no', 'name': 'بانک سپه', 'name:en': 'Bank Sepah', 'operator': 'بانک سپه', 'operator:wikidata': 'Q2882624', 'operator:wikipedia': 'en:Bank Sepah'}"
352,node,9024733495,35.6395976,51.4889569,"{'amenity': 'atm', 'brand': 'بانک سپه', 'brand:en': 'Bank Sepah', 'brand:wikidata': 'Q2882624', 'brand:wikipedia': 'en:Bank Sepah', 'name': 'بانک سپه', 'name:en': 'Bank Sepah', 'operator': 'بانک سپه', 'operator:wikidata': 'Q2882624', 'operator:wikipedia': 'en:Bank Sepah'}"
353,node,9105895410,35.6422148,51.4888762,{'amenity': 'place_of_worship'}
354,node,9182279446,35.6625474,51.4594474,"{'amenity': 'clinic', 'healthcare': 'clinic', 'name': 'درمانگاه آزادگان'}"
355,node,9182279453,35.6652146,51.4574497,"{'amenity': 'toilets', 'name': 'دستشویی'}"
356,node,9182279469,35.6623541,51.4593657,"{'amenity': 'pharmacy', 'healthcare': 'pharmacy', 'name': 'داروخانه مینا جعفرزاده'}"
357,node,9182279482,35.6611602,51.4592559,"{'amenity': 'place_of_worship', 'name': 'مسجد چهارده معصوم', 'religion': 'muslim'}"
358,node,9311669792,35.6181856,51.4547596,"{'amenity': 'school', 'name': 'مدرسه مهرگان'}"
359,node,9311669793,35.6171059,51.452614,"{'amenity': 'clinic', 'healthcare': 'clinic', 'name': 'مرکز بهداشت دولت آباد'}"
360,node,9311761164,35.6147253,51.4590612,"{'amenity': 'toilets', 'name': 'دستشویی'}"
361,node,9311789126,35.6182153,51.4444075,"{'amenity': 'restaurant', 'name': 'تالار مجلل داریوش'}"
362,node,9350049633,35.6151495,51.4748697,{'amenity': 'toilets'}
363,node,9372779876,35.6396533,51.4961976,"{'amenity': 'place_of_worship', 'name': 'حسینیه جواد ائمه'}"
364,node,9372779881,35.6354105,51.494254,"{'addr:city': 'تهران', 'addr:street': 'بلوار قائم', 'amenity': 'fuel', 'name': 'پمپ بنزین مسعودیه'}"
365,node,9375273512,35.6256053,51.4980166,"{'amenity': 'school', 'name': 'دبستان پسرانه صاحب الزمان'}"
366,node,9375283562,35.636174,51.4986689,"{'amenity': 'school', 'name': 'دبستان شهید یوسفی'}"
367,node,9375283568,35.6374969,51.4988489,"{'amenity': 'school', 'name': 'دبیرستان نمونه دولتی سلمان فارسی'}"
368,node,9375288745,35.6255241,51.4986382,"{'amenity': 'school', 'name': 'دبستان دخترانه بقعه الله اعظم'}"
369,node,9375288746,35.6238749,51.4998751,"{'amenity': 'school', 'name': 'مدرسه دخترانه سعدی'}"
370,node,9375328243,35.6363194,51.451875,"{'amenity': 'school', 'name': 'مدرسه ثانی'}"
371,node,9375328244,35.6341911,51.4518656,"{'amenity': 'place_of_worship', 'name': 'مسجد بهشتی', 'religion': 'muslim'}"
372,node,9375333027,35.6404121,51.445405,"{'amenity': 'school', 'name': 'دبیرستان دخترانه آوینی'}"
373,node,9375333028,35.6402995,51.4447669,{'amenity': 'school'}
374,node,9375333029,35.6408737,51.444828,"{'amenity': 'school', 'name': 'دبستان پسرانه بنی هاشم'}"
375,node,9375333030,35.6394519,51.4454012,"{'amenity': 'clinic', 'healthcare': 'clinic', 'name': 'مرکز توانبخشی معلولان ذهنی آوای رضوان'}"
376,node,9394235704,35.613511,51.4527176,"{'amenity': 'clinic', 'name': 'درمانگاه خیریه حضرت علی\u200cاصغر'}"
377,node,9416324126,35.6558549,51.4886585,"{'access': 'yes', 'amenity': 'toilets', 'changing_table': 'no', 'toilets:handwashing': 'yes', 'unisex': 'yes', 'wheelchair': 'limited'}"
378,node,9530909719,35.6582346,51.4563643,"{'amenity': 'place_of_worship', 'name': 'مسجد امام حسن عسگری', 'religion': 'muslim'}"
379,node,9530909730,35.6598203,51.4581419,"{'amenity': 'atm', 'not:brand:wikidata': 'Q2882608', 'operator': 'بانک صادرات'}"
380,node,9652366651,35.6648261,51.4671423,{'amenity': 'toilets'}
381,node,9652366675,35.661395,51.4631244,"{'amenity': 'library', 'name': 'کتابخانه آهنگ'}"
382,node,9652366704,35.6641903,51.4656161,"{'amenity': 'school', 'name': 'دبیرستان دخترانه تربیت'}"
383,node,9652386317,35.6612067,51.4663329,"{'amenity': 'townhall', 'name': 'شهرداری منطقه ۱۴ ناحیه ۵'}"
384,node,9652386324,35.6647418,51.4660137,"{'amenity': 'school', 'name': 'دبستان دخترانه ابرار'}"
385,node,9659096409,35.6345063,51.4967836,"{'amenity': 'bank', 'brand': 'بانک سپه', 'brand:en': 'Bank Sepah', 'brand:wikidata': 'Q2882624', 'brand:wikipedia': 'en:Bank Sepah', 'name': 'بانک سپه', 'name:en': 'Bank Sepah'}"
386,node,9685640359,35.6577416,51.4756341,"{'amenity': 'internet_cafe', 'name': 'کافی نت کالج'}"
387,node,9722512338,35.6362331,51.4963917,"{'amenity': 'fast_food', 'cuisine': 'kebab', 'name': 'کباب بناب شعبه مسعودیه تهران'}"
388,node,9909233017,35.6338343,51.4508022,"{'addr:street': 'صالحی', 'amenity': 'bus_station', 'name': 'مترو کیانشهر'}"
389,node,9918610392,35.660991,51.4313011,"{'amenity': 'taxi', 'name': 'پایانه تاکسی شوش'}"
390,node,9942452778,35.6069932,51.4451508,"{'amenity': 'toilets', 'name': 'سرویس بهداشتی'}"
391,node,9958814519,35.64736,51.4713845,"{'amenity': 'clinic', 'name': 'مرکز مشاوره روانشناسی دکتر علیرضا چیره نژاد'}"
392,node,10178160224,35.6192958,51.4558229,"{'addr:city': 'شهر ری', 'addr:housenumber': '27', 'addr:street': 'علیزاده', 'amenity': 'doctors', 'contact:instagram': 'drzahrasotoudeh/', 'healthcare': 'doctor', 'healthcare:speciality': 'gynaecology', 'name': 'دکتر زهرا ستوده', 'phone': '+982133765350', 'website': 'https://drsotoudeh.com/'}"
393,node,10239774800,35.6632064,51.4685279,"{'amenity': 'pharmacy', 'name': 'داروخانه دکتر سلیمی'}"
394,node,10239832305,35.6641217,51.4660013,"{'amenity': 'school', 'name': 'دبیرستان دخترانه سمیه'}"
395,node,10258924988,35.657634,51.4774328,"{'amenity': 'fast_food', 'name': 'فست فود هایدا ده حقی'}"
396,node,10675964029,35.6645087,51.4885759,{'amenity': 'toilets'}
397,node,10709363685,35.6522095,51.5046868,"{'amenity': 'post_office', 'name': 'اداره پست قصرفیروزه۲'}"
398,node,10712032942,35.6602884,51.4849564,"{'amenity': 'community_centre', 'name': 'سرای محله شهدای گمنام'}"
399,node,10716696421,35.6608117,51.4990739,"{'addr:city': 'شهر تهران', 'addr:street': 'حمید رحیمی', 'amenity': 'fast_food', 'name': 'سرزمین سوخاری افسریه', 'opening_hours': 'Mo-Su 12:00-00:00', 'operator': 'علیرضایی', 'phone': '+98 21 3322 3900'}"
400,node,10751063077,35.6610168,51.5085994,"{'amenity': 'bank', 'atm': 'yes', 'name': 'خودپرداز بانک حکمت ایرانیان'}"
401,node,10751063078,35.6608264,51.5090311,"{'amenity': 'driving_school', 'name': 'آموزشگاه رانندگی هدف'}"
402,node,10751063980,35.6606434,51.5019092,"{'amenity': 'university', 'name': 'دانشگاه پدافند هوایی خاتم الانبیا'}"
403,node,10827370181,35.6618031,51.4790013,{'amenity': 'toilets'}
404,node,10870711005,35.6597568,51.4639188,"{'amenity': 'fuel', 'name': 'پمپ بنزین عصر جدید', 'name:en': 'Asre Jadid Gas station'}"
405,node,10998468367,35.6589579,51.4387292,"{'amenity': 'place_of_worship', 'name': 'مسجد امام حسن مجتبی', 'religion': 'muslim'}"
406,node,10998468379,35.6521416,51.4413511,"{'amenity': 'clinic', 'healthcare': 'clinic', 'name': 'چشم پزشکی خیریه امیرالمومنین'}"
407,node,10998468385,35.6530652,51.4409979,"{'amenity': 'place_of_worship', 'name': 'مسجد حضرت ابوالفضل', 'religion': 'muslim'}"
408,node,10998468390,35.6548094,51.4408548,"{'amenity': 'pharmacy', 'healthcare': 'pharmacy', 'name': 'داروخانه بوعلی'}"
409,node,10998468396,35.6576604,51.4406105,"{'amenity': 'clinic', 'healthcare': 'clinic', 'name': 'خانه و سلامت ارج شوش'}"
410,node,10998468398,35.6548148,51.4406421,"{'amenity': 'clinic', 'healthcare': 'clinic', 'name': 'کلینیک شهید هادی'}"
411,node,10998468399,35.6493861,51.4389213,{'amenity': 'toilets'}
412,node,10998468400,35.6477973,51.4398456,"{'amenity': 'place_of_worship', 'name': 'مسجد زینب کبری', 'religion': 'muslim'}"
413,node,10998473205,35.6563756,51.4407099,"{'amenity': 'bank', 'name': 'بانک صادرات'}"
414,node,11016547429,35.6548014,51.4918286,"{'amenity': 'atm', 'not:brand:wikidata': 'Q10860246', 'operator': 'بانک سینا'}"
415,node,11043130039,35.6187302,51.45579,"{'amenity': 'doctors', 'healthcare': 'doctor', 'healthcare:speciality': 'radiology', 'name': 'رادیولوژی و سونوگرافی اطلس', 'opening_hours': '09:00-20:30'}"
416,node,11049054074,35.6628613,51.4322315,"{'amenity': 'fuel', 'name': 'پمپ بنزین ۱۱ ری'}"
417,node,11182626040,35.6403219,51.4816609,"{'amenity': 'school', 'name': 'دبیرستان غیردولتی سادات حسینی دوره دوم پسرانه'}"
418,node,11199258885,35.6186311,51.448439,"{'amenity': 'ice_cream', 'name': 'بستنی نعمت دولت آباد'}"
419,node,11219377035,35.611128,51.4432183,{'amenity': 'bench'}
420,node,11219379326,35.6104173,51.4422451,"{'amenity': 'bank', 'atm': 'yes', 'brand': 'بانک سینا', 'brand:en': 'Sina Bank', 'brand:wikidata': 'Q10860246', 'name': 'بانک سینا', 'name:en': 'Sina Bank'}"
421,node,11219386876,35.611217,51.4432426,{'amenity': 'bench'}
422,node,11219397693,35.6110702,51.4430972,"{'addr:housenumber': '36', 'amenity': 'language_school', 'name': 'مرکز آموزشی زبان\u200cهای خارجی کلام', 'phone': '+982133381000'}"
423,node,11219402638,35.6110152,51.4434157,"{'amenity': 'bus_station', 'bus': 'yes', 'public_transport': 'station'}"
424,node,11285483601,35.6172386,51.4942288,"{'amenity': 'clinic', 'name': 'درمانگاه سجاد'}"
425,node,11285921822,35.6562133,51.4911616,"{'amenity': 'language_school', 'name': 'آموزشگاه زبان های خارجی پارس میتوس'}"
426,node,11343576640,35.6182126,51.4478266,"{'amenity': 'fast_food', 'name': 'سوخاری یاس چیکن'}"
427,node,11377482791,35.6188456,51.4491101,"{'amenity': 'doctors', 'name': 'مطب دکتر چراغچی'}"
428,node,11391361584,35.6562852,51.4859887,"{'addr:street': 'بلوار ده حقی (آهنگ)', 'amenity': 'fast_food', 'cuisine': 'juice;ice_cream;coffee_shop', 'name': 'آبمیوه بستنی حیدربابا', 'opening_hours': '10:00-24:00', 'operator': 'جواد موگوئی', 'phone': '02133203816'}"
429,node,11407563469,35.6541354,51.4947709,"{'amenity': 'bank', 'brand': 'بانک سپه', 'brand:en': 'Bank Sepah', 'brand:wikidata': 'Q2882624', 'name': 'بانک سپه', 'name:en': 'Bank Sepah'}"
430,node,11419995129,35.6353384,51.4932005,"{'amenity': 'atm', 'brand': 'بانک سامان', 'brand:en': 'Saman Bank', 'brand:wikidata': 'Q4117676', 'name': 'خودپرداز بانک سامان', 'name:en': 'Saman Bank', 'operator': 'بانک سامان', 'operator:wikidata': 'Q4117676'}"
431,node,11419995130,35.6535674,51.497107,"{'amenity': 'atm', 'brand': 'بانک سامان', 'brand:en': 'Saman Bank', 'brand:wikidata': 'Q4117676', 'name': 'شعبه افسریه', 'name:en': 'Saman Bank', 'operator': 'بانک سامان', 'operator:wikidata': 'Q4117676'}"
432,node,11428452423,35.6520216,51.4422257,"{'addr:city': 'تهران', 'addr:street': 'یزدی', 'amenity': 'internet_cafe', 'name': 'کافی نت و لوازم جانبی موبایل کوروش', 'operator': 'معصومه پاژخ', 'phone': '09965958625'}"
433,node,11510863715,35.6369247,51.4499399,"{'amenity': 'bank', 'brand': 'بانک ملی', 'brand:en': 'Bank Melli Iran', 'brand:wikidata': 'Q806640', 'brand:wikipedia': 'en:Bank Melli Iran', 'name': 'بانک ملی', 'name:en': 'Bank Melli Iran'}"
434,node,11521374873,35.6231481,51.4474686,"{'amenity': 'fast_food', 'name': 'فست\u200cفود زنجیره\u200cای ویکو (دولت آباد)'}"
435,node,11521376359,35.6235107,51.447381,"{'amenity': 'restaurant', 'name': 'گاص شاورما'}"
436,node,11523740146,35.6235442,51.4348451,"{'amenity': 'restaurant', 'name': 'سرای سنتی کیان', 'opening_hours': '08:00-23:00', 'phone': '۰۹۱۲۷۰۶۳۱۷۰'}"
437,node,11524126769,35.6069778,51.4448693,"{'addr:city': 'شهر ری', 'addr:housenumber': '۱۹', 'addr:postcode': '1863746855', 'addr:street': 'بیست و دوم بهمن', 'amenity': 'cafe', 'internet_access': 'no', 'name': 'سورنا', 'outdoor_seating': 'yes', 'website': 'نه'}"
438,node,11533450569,35.6586458,51.473705,{'amenity': 'school'}
439,node,11583759139,35.6522618,51.4958248,"{'amenity': 'place_of_worship', 'name': 'حسینیه حضرت صاحب الزمان (عج)', 'religion': 'muslim'}"
440,node,11617897851,35.6134489,51.5042657,"{'amenity': 'clinic', 'name': 'مرکز ترک اعتیاد سیدین ۲'}"
