amenity,count
arts_centre,3
atm,76
bank,297
bbq,1
beauty clinic,1
bench,22
bicycle_parking,3
bicycle_rental,8
bureau_de_change,11
bus_station,8
cafe,134
car_rental,5
car_wash,20
cinema,8
clinic,100
college,12
community_centre,8
conference_centre,1
courthouse,4
coworking_space,1
dentist,38
disused,1
doctors,95
dojo,1
drinking_water,18
driving_school,5
events_venue,8
fast_food,141
food_court,2
fountain,5
fuel,4
hospital,4
ice_cream,15
internet_cafe,2
karaoke_box,1
kindergarten,5
language_school,14
library,13
marketplace,1
motorcycle_parking,1
music_school,4
nursing_home,1
parking,17
parking_entrance,18
payment_terminal,2
pharmacy,163
place_of_worship,26
planetarium,1
police,20
post_box,3
post_office,9
pub,1
public_bath,1
public_bookcase,1
recycling,1
research_institute,3
restaurant,183
school,60
shelter,4
social_facility,3
studio,3
taxi,43
telephone,36
theatre,2
toilets,66
townhall,9
training,1
university,22
vending_machine,4
veterinary,12
waste_basket,14
waste_disposal,8
کلینیک_زیبایی,1
