highway,count,length
bus_guideway,2,213.496
construction,39,9095.94
cycleway,23,14666.501
emergency_access_point,1,274.382
footway,1586,138677.336
living_street,175,26041.823
motorway,24,63343.992
motorway_link,72,24868.969
path,9,964.385
pedestrian,84,17856.498
primary,86,69660.183
primary_link,31,2707.183
raceway,33,7712.308
residential,3757,472210.295
secondary,452,169086.638
secondary_link,141,10435.845
service,1289,252448.018
services,1,170.307
steps,114,2038.275
tertiary,969,286726.706
tertiary_link,150,7333.835
track,37,19165.026
trunk,169,154629.744
trunk_link,267,70297.963
unclassified,313,106677.765
