,type,id,lat,lon,tags
0,node,2484944382,35.6608807,51.3422009,"{'amenity': 'library', 'check_date': '2023-07-26', 'name': 'کتابخانه شهدای محله بهداشت', 'name:en': ""Behdasht Neighborhood Martyrs' Library""}"
1,node,2484981344,35.6641026,51.3358196,"{'amenity': 'bank', 'atm': 'yes', 'brand': 'بانک ملی', 'brand:en': 'Bank Melli Iran', 'brand:wikidata': 'Q806640', 'brand:wikipedia': 'en:Bank Melli Iran', 'check_date': '2023-07-26', 'name': 'بانک ملی', 'name:en': 'Bank Melli Iran'}"
2,node,2484981345,35.6641792,51.3402569,"{'amenity': 'bank', 'atm': 'yes', 'brand': 'بانک صادرات', 'brand:en': 'Bank Saderat Iran', 'brand:fa': 'بانک صادرات', 'brand:wikidata': 'Q2882608', 'brand:wikipedia': 'en:Bank Saderat Iran', 'name': 'بانک صادرات', 'name:en': 'Bank Saderat Iran', 'name:fa': 'بانک صادرات'}"
3,node,2484981349,35.6623604,51.343959,"{'amenity': 'bank', 'atm': 'yes', 'branch': 'جاویدالاثر عباس کهن', 'brand': 'بانک کشاورزی', 'brand:en': 'Bank Keshavarzi Iran', 'brand:wikidata': 'Q6395007', 'brand:wikipedia': 'en:Bank Keshavarzi Iran', 'name': 'بانک کشاورزی', 'name:en': 'Bank Keshavarzi Iran', 'wheelchair': 'limited'}"
4,node,2484981350,35.6617603,51.3467231,"{'amenity': 'bank', 'atm': 'yes', 'branch': 'بازار مبل ایران', 'brand': 'بانک ملت', 'brand:en': 'Bank Mellat', 'brand:wikidata': 'Q4855944', 'brand:wikipedia': 'en:Bank Mellat', 'name': 'بانک ملت', 'name:en': 'Bank Mellat', 'source': 'https://www.bankmellat.ir/3/OnePane/167/1/Mellat/2/186/1/125.aspx?itemid=125'}"
5,node,2485404334,35.6617216,51.3437274,"{'addr:street': 'عباس کهن', 'amenity': 'pharmacy', 'healthcare': 'pharmacy', 'level': '-1', 'name': 'داروخانه امیر کبیر', 'name:en': 'Amir Kabir Pharmacy', 'opening_hours': '24/7', 'wheelchair': 'no'}"
6,node,2485469285,35.6687037,51.3472294,"{'amenity': 'bus_station', 'bus': 'yes', 'name': 'پایانه بوتان', 'public_transport': 'station', 'shelter': 'yes', 'tactile_paving': 'no', 'wheelchair': 'yes'}"
7,node,2485523393,35.6650463,51.3451599,"{'amenity': 'police', 'name': 'راهنمایی و رانندگی منطقه۱۷', 'name:en': 'Traffic Police 17 District', 'name:fa': 'پلیس راهنمایی و رانندگی منطقه ۱۷'}"
8,node,2485571583,35.6655228,51.3445612,"{'amenity': 'bus_station', 'bench': 'yes', 'bus': 'yes', 'highway': 'bus_stop;platform', 'lit': 'yes', 'name': 'پل ساوه', 'public_transport': 'platform', 'shelter': 'yes', 'tactile_paving': 'no'}"
9,node,2485690160,35.6617333,51.3437569,"{'amenity': 'clinic', 'healthcare': 'clinic', 'name': 'درمانگاه امیرکبیر', 'name:en': 'Amir Kabir Clinic'}"
10,node,2501688079,35.6617929,51.3442048,"{'amenity': 'taxi', 'name': 'ایستگاه تاکسی', 'name:en': 'Taxi Stop'}"
11,node,2505906101,35.6633817,51.344581,"{'amenity': 'bank', 'atm': 'yes', 'brand': 'بانک آینده', 'brand:en': 'Ayandeh Bank', 'brand:wikidata': 'Q5938144', 'brand:wikipedia': 'en:Ayandeh Bank', 'name': 'بانک آینده', 'name:en': 'Ayandeh Bank', 'wheelchair': 'no'}"
12,node,2505906102,35.6615728,51.3456214,"{'amenity': 'bank', 'atm': 'yes', 'brand': 'بانک سامان', 'brand:en': 'Saman Bank', 'brand:wikidata': 'Q4117676', 'brand:wikipedia': 'en:Saman Bank', 'name': 'بانک سامان', 'name:en': 'Saman Bank'}"
13,node,2505906110,35.6683568,51.3468576,"{'amenity': 'clinic', 'healthcare': 'clinic', 'level': '2', 'name': 'درمانگاه شبانه\u200cروزی مشیری', 'name:en': 'Moshiri Clinic', 'opening_hours': '24/7', 'wheelchair': 'no'}"
14,node,2505906117,35.6703522,51.3524395,"{'amenity': 'pharmacy', 'healthcare': 'pharmacy', 'name': 'داروخانه مقدم'}"
15,node,2575325428,35.6498058,51.3441031,"{'amenity': 'police', 'name': 'کلانتری ۱۵۳ شهرک ولیعصر', 'name:en': 'Police station No 153-Valiasr suburb'}"
16,node,2575495695,35.6464555,51.3400085,"{'amenity': 'place_of_worship', 'denomination': 'shia', 'name': 'مسجد امام هادی ع', 'religion': 'muslim'}"
17,node,2575569964,35.6324888,51.3431929,"{'amenity': 'fuel', 'fuel:cng': 'yes', 'name': 'CNG', 'name:en': 'CNG Station', 'name:fa': 'پمپ گاز', 'surface': 'concrete'}"
18,node,2585452672,35.654314,51.3289444,"{'amenity': 'library', 'name': 'کتابخانه قائم'}"
19,node,2585454102,35.6569572,51.3282603,"{'amenity': 'theatre', 'name': 'آمفی تئاتر پارک'}"
20,node,3032690385,35.6625112,51.2631094,"{'amenity': 'place_of_worship', 'denomination': 'shia', 'name': 'مسجد الجواد', 'religion': 'muslim'}"
21,node,3345837501,35.6563233,51.3163775,"{'addr:city': 'تهران', 'addr:housenumber': '86', 'addr:postcode': '13719-76831', 'addr:street': 'بلوار معلم-بهاران۲', 'amenity': 'marketplace', 'contact:phone': '+982166319570', 'description': 'سایت بازارآهن ؛ مرجع لیست قیمت آهن،میلگرد،ورق ،نبشی،لوله،پروفیل،رول ورق،ناودانی،تیرآهن،استیل، گالوانیزه،رنگی،آلیاژی،سپری،نورد,66319570', 'name': 'بازارآهن', 'name:fa': 'بازارآهن شادآباد', 'source': 'آهن آلات ایران', 'website': 'https://www.iranzaminsteel.com/', 'wheelchair': 'no'}"
22,node,3926569361,35.6585018,51.3537795,"{'amenity': 'school', 'name': 'شهید سید عباس طباطبایی'}"
23,node,3926569362,35.6585054,51.3539937,"{'amenity': 'school', 'name': 'بشارت'}"
24,node,3926569363,35.6584879,51.3542633,"{'amenity': 'bank', 'atm': 'yes', 'brand': 'بانک صادرات', 'brand:en': 'Bank Saderat Iran', 'brand:fa': 'بانک صادرات', 'brand:wikidata': 'Q2882608', 'brand:wikipedia': 'en:Bank Saderat Iran', 'name': 'بانک صادرات', 'name:en': 'Bank Saderat Iran', 'name:fa': 'بانک صادرات'}"
25,node,3953304450,35.6547325,51.2674837,"{'amenity': 'place_of_worship', 'name': 'مسجد جامع حضرت رسول اکرم', 'religion': 'muslim'}"
26,node,4304542830,35.682005,51.3562524,"{'access': 'yes', 'amenity': 'parking', 'fee': 'no', 'parking': 'surface'}"
27,node,4304575756,35.6830741,51.3556661,"{'amenity': 'bus_station', 'bus': 'yes', 'name': 'پایانه مالک اشتر', 'public_transport': 'station'}"
28,node,4320470589,35.6516558,51.3543114,"{'addr:street': 'اسلامی', 'amenity': 'place_of_worship', 'religion': 'muslim'}"
29,node,4336557598,35.6769213,51.327891,"{'amenity': 'clinic', 'healthcare': 'clinic', 'name': 'درمانگاه خانواده'}"
30,node,4383824478,35.6553035,51.3557526,"{'amenity': 'place_of_worship', 'name': 'مسجد چهارده معصوم', 'religion': 'muslim'}"
31,node,4393864795,35.6557356,51.35354,"{'amenity': 'clinic', 'healthcare': 'clinic', 'name': 'کلینیک سید الشهدا'}"
32,node,4393864796,35.6556005,51.3536178,"{'amenity': 'clinic', 'healthcare': 'clinic', 'name': 'کلینیک امام رضا'}"
33,node,4394921113,35.6492733,51.3561472,"{'amenity': 'cinema', 'name': 'سینما بهاران'}"
34,node,4396352626,35.6568719,51.35284,"{'amenity': 'place_of_worship', 'name': 'مسجد مسلم ابن عقیل', 'religion': 'muslim'}"
35,node,4396365594,35.6529013,51.3540434,"{'amenity': 'bank', 'atm': 'yes', 'branch': 'وصفنارد', 'brand': 'بانک ملی', 'brand:en': 'Bank Melli Iran', 'brand:wikidata': 'Q806640', 'brand:wikipedia': 'en:Bank Melli Iran', 'name': 'بانک ملی', 'name:en': 'Bank Melli Iran'}"
36,node,4396368670,35.6555095,51.3531465,"{'amenity': 'pharmacy', 'healthcare': 'pharmacy', 'name': 'داروخانه وهاب زاده', 'name:en': 'VahhabZade Pharmacy'}"
37,node,4396368671,35.6557092,51.3536177,"{'amenity': 'pharmacy', 'healthcare': 'pharmacy', 'name': 'داروخانه سجاد'}"
38,node,4397616108,35.6588589,51.3514779,"{'amenity': 'place_of_worship', 'name': 'مسجد باب الحوائج (ع)', 'religion': 'muslim'}"
39,node,4397659998,35.6506533,51.355763,"{'amenity': 'pharmacy', 'healthcare': 'pharmacy', 'name': 'داروخانه شبانه روزی شفق', 'name:en': 'Shafaq Pharmacy'}"
40,node,4401309035,35.6581646,51.3558427,"{'amenity': 'restaurant', 'name': 'دنیز'}"
41,node,4402490462,35.654438,51.340632,"{'amenity': 'atm', 'operator': 'بانک کشاورزی'}"
42,node,4411776406,35.6504544,51.3562798,"{'amenity': 'clinic', 'healthcare': 'clinic', 'name': 'درمانگاه بهاران'}"
43,node,4411776407,35.6525293,51.352573,"{'amenity': 'school', 'name': 'مدرسه هدایت'}"
44,node,4411776408,35.6522896,51.3535869,"{'amenity': 'school', 'name': 'مدرسه فاطمه زهرا'}"
45,node,4411776409,35.6537118,51.3541529,"{'amenity': 'place_of_worship', 'denomination': 'shia', 'name': 'حسینیه طاهری', 'religion': 'muslim'}"
46,node,4411777932,35.6582524,51.3539624,"{'amenity': 'school', 'name': 'شاهد گل نرگس'}"
47,node,4411796139,35.6609911,51.3457226,"{'amenity': 'bank', 'atm': 'yes', 'branch': 'بازار مبل ایران', 'brand': 'بانک پارسیان', 'brand:en': 'Parsian Bank', 'brand:wikidata': 'Q2410404', 'brand:wikipedia': 'en:Parsian Bank', 'drive_through': 'no', 'name': 'بانک پارسیان', 'name:en': 'Parsian Bank'}"
48,node,4411796140,35.6614838,51.3455461,"{'addr:street': 'یافت آباد', 'amenity': 'bank', 'atm': 'yes', 'branch': 'بازار مبل ایران', 'brand': 'بانک صادرات', 'brand:en': 'Bank Saderat Iran', 'brand:fa': 'بانک صادرات', 'brand:wikidata': 'Q2882608', 'brand:wikipedia': 'en:Bank Saderat Iran', 'name': 'بانک صادرات', 'name:en': 'Bank Saderat Iran', 'name:fa': 'بانک صادرات'}"
49,node,4423810723,35.6579115,51.3488843,"{'amenity': 'school', 'name': 'هنرستان دخترانه'}"
50,node,4423810724,35.6613967,51.3482899,"{'amenity': 'place_of_worship', 'name': 'مسجد صاحب الزمان', 'religion': 'muslim'}"
51,node,4423810727,35.6551752,51.3532772,"{'amenity': 'place_of_worship', 'name': 'مسجد علویون', 'religion': 'muslim'}"
52,node,4432897694,35.6552051,51.3559315,{'amenity': 'atm'}
53,node,4434767056,35.6586734,51.3538291,{'amenity': 'taxi'}
54,node,4436383762,35.6436117,51.3528149,"{'addr:city': 'تهران', 'amenity': 'place_of_worship', 'denomination': 'shia', 'name': 'مسجد جامع سید الشهدا', 'religion': 'muslim'}"
55,node,4469636961,35.6583542,51.3533966,"{'amenity': 'atm', 'level': '0'}"
56,node,4474699614,35.6760357,51.3072714,"{'amenity': 'bank', 'brand': 'بانک شهر', 'brand:en': 'Shahr Bank', 'brand:fa': 'بانک شهر', 'brand:wikidata': 'Q5941033', 'name': 'بانک شهر', 'name:en': 'Shahr Bank', 'name:fa': 'بانک شهر'}"
57,node,4481165197,35.6568287,51.3532458,{'amenity': 'cafe'}
58,node,4481165198,35.6571622,51.3507294,"{'amenity': 'school', 'name': 'ابرار'}"
59,node,4481165199,35.6570961,51.3511576,{'amenity': 'school'}
60,node,4481165203,35.6575418,51.3467407,"{'amenity': 'events_venue', 'name': 'تالار مرندیان'}"
61,node,4481985787,35.6560495,51.353047,"{'amenity': 'toilets', 'unisex': 'yes'}"
62,node,4482031001,35.6531683,51.3543617,"{'amenity': 'fast_food', 'name': 'ترنج', 'takeaway': 'yes'}"
63,node,4482031002,35.6529709,51.3543815,"{'amenity': 'pharmacy', 'healthcare': 'pharmacy', 'operator': 'التیام'}"
64,node,4482031004,35.6522906,51.3545791,"{'amenity': 'ice_cream', 'name': 'یزدی', 'name:en': 'Yazdi', 'takeaway': 'no'}"
65,node,4482031007,35.6499537,51.3558429,{'amenity': 'police'}
66,node,4482269290,35.6501959,51.3562805,{'amenity': 'ice_cream'}
67,node,4482269294,35.6542877,51.3535864,"{'amenity': 'taxi', 'name': 'سجاد'}"
68,node,4482495577,35.6542014,51.3540182,{'amenity': 'atm'}
69,node,4482512200,35.651273,51.3549272,"{'amenity': 'restaurant', 'cuisine': 'regional', 'name': 'سالار'}"
70,node,4482524604,35.654182,51.3557302,"{'amenity': 'taxi', 'name': 'رنگین کمان'}"
71,node,4497175656,35.652161,51.3546149,{'amenity': 'restaurant'}
72,node,4498608562,35.6583496,51.3529039,{'amenity': 'restaurant'}
73,node,4498608563,35.6585197,51.3530162,"{'amenity': 'pharmacy', 'healthcare': 'pharmacy', 'name': 'احتشامی'}"
74,node,4498608565,35.6565181,51.3523157,{'amenity': 'atm'}
75,node,4498608567,35.6559774,51.3526963,{'amenity': 'drinking_water'}
76,node,4498608568,35.6562412,51.3533501,"{'amenity': 'clinic', 'healthcare': 'clinic', 'name': 'صبا'}"
77,node,4498608570,35.6556364,51.3536969,"{'amenity': 'restaurant', 'name': 'مائده'}"
78,node,4498608571,35.6542214,51.3539616,{'amenity': 'post_box'}
79,node,4504642609,35.6565195,51.3556402,{'amenity': 'drinking_water'}
80,node,4504642610,35.6563451,51.3556294,"{'amenity': 'toilets', 'unisex': 'yes'}"
81,node,4504650824,35.6523394,51.3557206,"{'amenity': 'place_of_worship', 'denomination': 'shia', 'religion': 'muslim'}"
82,node,4511636676,35.6715802,51.3131112,"{'amenity': 'bank', 'atm': 'yes', 'branch': 'صنعتی', 'brand': 'بانک سپه', 'brand:en': 'Bank Sepah', 'brand:wikidata': 'Q2882624', 'name': 'بانک سپه', 'name:en': 'Bank Sepah'}"
83,node,4514034670,35.6518815,51.3543712,"{'amenity': 'recycling', 'recycling_type': 'container'}"
84,node,4529939329,35.6421641,51.3056263,"{'amenity': 'pharmacy', 'healthcare': 'pharmacy', 'name': 'داروخانه دکتر یوسف نیا'}"
85,node,4530753809,35.6426163,51.3469994,"{'amenity': 'pharmacy', 'healthcare': 'pharmacy', 'name': 'داروخانه دکتر خداپور'}"
86,node,4530795075,35.642264,51.3400166,"{'amenity': 'pharmacy', 'healthcare': 'pharmacy', 'name': 'داروخانه شهبازی'}"
87,node,4532714481,35.6473984,51.3428132,"{'amenity': 'bank', 'name': 'بانک ملی', 'name:en': 'Melli Bank'}"
88,node,4534048914,35.662872,51.3512751,"{'addr:street': 'یافت آباد', 'amenity': 'bank', 'atm': 'yes', 'brand': 'بانک آینده', 'brand:en': 'Ayandeh Bank', 'brand:wikidata': 'Q5938144', 'brand:wikipedia': 'en:Ayandeh Bank', 'name': 'بانک آینده', 'name:en': 'Ayandeh Bank'}"
89,node,4534048923,35.6639949,51.3518078,"{'amenity': 'events_venue', 'name': 'تالار قصر پارسیان'}"
90,node,4534048951,35.6634802,51.3445408,"{'access': 'yes', 'amenity': 'parking', 'fee': 'yes', 'layer': '-1', 'parking': 'underground'}"
91,node,4534048952,35.6609483,51.3458531,"{'amenity': 'parking', 'layer': '-1', 'parking': 'underground'}"
92,node,4534049804,35.6611688,51.3491924,"{'amenity': 'parking', 'layer': '-1', 'parking': 'underground'}"
93,node,4537446328,35.6625098,51.3093232,"{'amenity': 'bank', 'atm': 'yes', 'brand': 'بانک سپه', 'brand:en': 'Bank Sepah', 'brand:wikidata': 'Q2882624', 'brand:wikipedia': 'en:Bank Sepah', 'name': 'بانک سپه', 'name:en': 'Bank Sepah'}"
94,node,4537446329,35.6626367,51.3104928,"{'amenity': 'bank', 'atm': 'yes', 'brand': 'بانک صادرات', 'brand:en': 'Bank Saderat Iran', 'brand:wikidata': 'Q2882608', 'brand:wikipedia': 'en:Bank Saderat Iran', 'name': 'بانک صادرات', 'name:en': 'Bank Saderat Iran'}"
95,node,4537698669,35.6698168,51.2998075,"{'amenity': 'bank', 'brand': 'بانک تجارت', 'brand:wikidata': 'Q7695198', 'name': 'بانک تجارت'}"
96,node,4537698670,35.6697907,51.3000435,"{'amenity': 'bank', 'brand': 'بانک صادرات', 'brand:en': 'Bank Saderat Iran', 'brand:fa': 'بانک صادرات', 'brand:wikidata': 'Q2882608', 'name': 'بانک صادرات', 'name:en': 'Bank Saderat Iran', 'name:fa': 'بانک صادرات'}"
97,node,4540177489,35.6754168,51.3007273,"{'amenity': 'bank', 'brand': 'بانک صادرات', 'brand:en': 'Bank Saderat Iran', 'brand:wikidata': 'Q2882608', 'brand:wikipedia': 'en:Bank Saderat Iran', 'name': 'بانک صادرات', 'name:en': 'Bank Saderat Iran'}"
98,node,4540177490,35.675446,51.2997105,"{'amenity': 'bank', 'brand': 'بانک پارسیان', 'brand:en': 'Parsian Bank', 'brand:wikidata': 'Q2410404', 'brand:wikipedia': 'en:Parsian Bank', 'name': 'بانک پارسیان', 'name:en': 'Parsian Bank'}"
99,node,4540177491,35.6754995,51.2995587,"{'amenity': 'bank', 'brand': 'بانک رفاه', 'brand:en': 'Refah Bank', 'brand:wikidata': 'Q7307083', 'brand:wikipedia': 'en:Refah Bank', 'name': 'بانک رفاه', 'name:en': 'Refah Bank'}"
100,node,4540177492,35.6754349,51.3004288,"{'amenity': 'bank', 'brand': 'بانک اقتصاد نوین', 'brand:en': 'EN Bank', 'brand:wikidata': 'Q5323768', 'brand:wikipedia': 'en:EN Bank', 'name': 'بانک اقتصاد نوین', 'name:en': 'EN Bank'}"
101,node,4540177493,35.6754031,51.3008995,"{'amenity': 'bank', 'brand': 'بانک پاسارگاد', 'brand:en': 'Bank Pasargad', 'brand:wikidata': 'Q4855962', 'brand:wikipedia': 'en:Bank Pasargad', 'name': 'بانک پاسارگاد', 'name:en': 'Bank Pasargad'}"
102,node,4545121577,35.6619436,51.3457581,"{'amenity': 'bank', 'atm': 'yes', 'brand': 'بانک پاسارگاد', 'brand:en': 'Bank Pasargad', 'brand:wikidata': 'Q4855962', 'brand:wikipedia': 'en:Bank Pasargad', 'name': 'بانک پاسارگاد', 'name:en': 'Bank Pasargad'}"
103,node,4545121582,35.661966,51.345998,"{'access': 'public', 'amenity': 'parking', 'layer': '-1', 'name': 'پارکینگ بازار مبل کاسپین', 'parking': 'underground'}"
104,node,4545155667,35.6619882,51.3476964,"{'amenity': 'bank', 'atm': 'yes', 'name': 'بانک گردشگری', 'name:en': 'Tourism Bank'}"
105,node,4545155673,35.6621145,51.3469197,"{'amenity': 'parking', 'layer': '-1', 'name': 'پارکینگ بازار مبل کوروش', 'parking': 'underground'}"
106,node,4545155674,35.6622706,51.3490113,"{'amenity': 'bank', 'atm': 'yes', 'name': 'بازار مبل'}"
107,node,4545155679,35.662459,51.3499229,"{'addr:housenumber': '92', 'amenity': 'bank', 'atm': 'yes', 'branch': 'قائم', 'brand': 'بانک ملی', 'brand:en': 'Bank Melli Iran', 'brand:wikidata': 'Q806640', 'brand:wikipedia': 'en:Bank Melli Iran', 'name': 'بانک ملی', 'name:en': 'Bank Melli Iran', 'ref': '746'}"
108,node,4545155681,35.6615528,51.351496,"{'amenity': 'school', 'name': 'هنرستان پسرانه قدس', 'name:en': 'Qods Technical High School'}"
109,node,4545155682,35.6620138,51.3510299,"{'amenity': 'school', 'name': 'دبیرستان وارثان حسین', 'name:en': 'Varesan Hossein High School'}"
110,node,4545155684,35.6625939,51.3511432,"{'amenity': 'school', 'name': 'دبیرستان علامه طباطبایی', 'name:en': 'Allameh Tabatabaei High School'}"
111,node,4545155685,35.6625248,51.3507339,"{'amenity': 'school', 'name': 'مدرسه تیزهوشان علامه حلی ۹', 'name:en': 'School for the Gifted'}"
112,node,4545156091,35.6627118,51.3517943,"{'amenity': 'bank', 'atm': 'yes', 'brand': 'بانک سپه', 'brand:en': 'Bank Sepah', 'brand:wikidata': 'Q2882624', 'brand:wikipedia': 'en:Bank Sepah', 'name': 'بانک سپه', 'name:en': 'Bank Sepah'}"
113,node,4557039186,35.6581724,51.352122,"{'amenity': 'restaurant', 'name': 'سعید'}"
114,node,4571278644,35.6534907,51.3362381,"{'amenity': 'place_of_worship', 'name': 'مسجد امیرالمؤمنین ع', 'religion': 'muslim'}"
115,node,4682619190,35.6216682,51.3426045,"{'amenity': 'atm', 'opening_hours': '24/7'}"
116,node,4696197891,35.6389867,51.3331683,"{'amenity': 'atm', 'operator': 'قره قره'}"
117,node,4697752249,35.6327847,51.3565008,"{'amenity': 'place_of_worship', 'building': 'mosque', 'name': 'مسجد امام زمان', 'religion': 'muslim'}"
118,node,4699612483,35.6744689,51.3428599,"{'amenity': 'place_of_worship', 'name': 'مسجد امام جعفر صادق ع', 'religion': 'muslim'}"
119,node,4701956089,35.6452947,51.3055782,"{'amenity': 'place_of_worship', 'name': 'مسجد امیرالمومنین', 'religion': 'muslim'}"
120,node,4701956090,35.6453004,51.3056773,"{'amenity': 'place_of_worship', 'denomination': 'shia', 'name': 'حسینیه حضرت زین العابدین', 'religion': 'muslim'}"
121,node,4701956148,35.6743427,51.3395797,"{'amenity': 'bank', 'atm': 'yes', 'brand': 'بانک سپه', 'brand:en': 'Bank Sepah', 'brand:wikidata': 'Q2882624', 'brand:wikipedia': 'en:Bank Sepah', 'name': 'بانک سپه', 'name:en': 'Bank Sepah'}"
122,node,4701956150,35.674326,51.3408088,"{'amenity': 'bank', 'atm': 'yes', 'brand': 'بانک سپه', 'brand:en': 'Bank Sepah', 'brand:wikidata': 'Q2882624', 'brand:wikipedia': 'en:Bank Sepah', 'name': 'بانک سپه', 'name:en': 'Bank Sepah'}"
123,node,4703811171,35.6416363,51.3009733,"{'amenity': 'toilets', 'name': 'دستشویی', 'unisex': 'yes'}"
124,node,4707095457,35.6426851,51.3051233,{'amenity': 'atm'}
125,node,4707095458,35.6449936,51.3069432,{'amenity': 'atm'}
126,node,4707095459,35.6449677,51.3069512,{'amenity': 'atm'}
127,node,4710070298,35.6391305,51.3000333,{'amenity': 'toilets'}
128,node,4710070299,35.6396711,51.3006782,"{'amenity': 'place_of_worship', 'name': 'مسجد صاحب الزمان', 'religion': 'muslim'}"
129,node,4710070301,35.6483474,51.3049638,{'amenity': 'parking'}
130,node,4710070310,35.6605978,51.3087235,{'amenity': 'post_box'}
131,node,4714672878,35.6484999,51.3112255,"{'amenity': 'place_of_worship', 'name': 'مسجد جامع متحدان', 'religion': 'muslim'}"
132,node,4728204689,35.6532123,51.3147006,"{'amenity': 'police', 'name': '(اداره گذرنامه غرب ( یافت آباد'}"
133,node,4729881709,35.6548987,51.3297187,"{'amenity': 'toilets', 'name': 'سرویس بهداشتی'}"
134,node,4733008994,35.6552627,51.3245768,{'amenity': 'atm'}
135,node,4733008995,35.6548488,51.3236855,{'amenity': 'atm'}
136,node,4733008996,35.6521037,51.3239229,{'amenity': 'atm'}
137,node,4733008999,35.6530736,51.3247322,"{'amenity': 'pharmacy', 'healthcare': 'pharmacy', 'name': 'داروخانه الیا'}"
138,node,4733616241,35.6624489,51.3149764,"{'amenity': 'bank', 'branch': 'بهاران', 'brand': 'بانک سپه', 'brand:en': 'Bank Sepah', 'brand:wikidata': 'Q2882624', 'brand:wikipedia': 'en:Bank Sepah', 'name': 'بانک سپه', 'name:en': 'Bank Sepah'}"
139,node,4737822922,35.6578653,51.3503767,"{'addr:street': 'پیغمبری', 'amenity': 'restaurant', 'name': 'جغول بغول', 'opening_hours': 'Mo-Su 08:00-22:00'}"
140,node,4738627752,35.6337066,51.3460138,"{'amenity': 'bus_station', 'bus': 'yes', 'name': 'پایانه اتوبوسرانی نعمت آباد', 'name:en': ""Ne'mat Abad Terminal"", 'public_transport': 'station'}"
141,node,4791678322,35.6772307,51.2326628,{'amenity': 'cafe'}
142,node,4811347469,35.6772887,51.2665721,{'amenity': 'taxi'}
143,node,4829003104,35.6773797,51.3523373,"{'amenity': 'place_of_worship', 'building': 'mosque', 'denomination': 'shia', 'name': 'مسجد صاحب الزمان', 'religion': 'muslim'}"
144,node,4854493121,35.6751922,51.2664569,"{'addr:street': 'شهدا', 'amenity': 'bank', 'brand': 'بانک مسکن', 'brand:en': 'Bank Maskan', 'brand:wikidata': 'Q4855942', 'brand:wikipedia': 'en:Bank Maskan', 'name': 'بانک مسکن', 'name:en': 'Bank Maskan', 'opening_hours': 'Sa-Th 08:00-14:30'}"
145,node,4854493221,35.6758401,51.2665966,"{'addr:street': 'لاله', 'amenity': 'bank', 'brand': 'بانک صادرات', 'brand:en': 'Bank Saderat Iran', 'brand:fa': 'بانک صادرات', 'brand:wikidata': 'Q2882608', 'brand:wikipedia': 'en:Bank Saderat Iran', 'name': 'بانک صادرات', 'name:en': 'Bank Saderat Iran', 'name:fa': 'بانک صادرات', 'opening_hours': 'Sa-Th 08:00-15:00'}"
146,node,4854493321,35.6703176,51.2654359,"{'amenity': 'police', 'contact:phone': '+98 21 6627 5703', 'name': 'کلانتری ۱۷۹ خلیج فارس'}"
147,node,4879728452,35.64679,51.337488,"{'amenity': 'atm', 'name': 'خود پرداز شتاب'}"
148,node,4879729931,35.6467748,51.3375191,"{'addr:street': 'برادران بهرامی', 'amenity': 'police', 'name': 'دفتر پلیس+۱۰', 'name:fa': 'پلیس +۱۰'}"
149,node,4879865750,35.6478237,51.3398925,"{'amenity': 'bank', 'atm': 'yes', 'brand': 'بانک رفاه', 'brand:en': 'Refah Bank', 'brand:wikidata': 'Q7307083', 'brand:wikipedia': 'en:Refah Bank', 'name': 'بانک رفاه', 'name:en': 'Refah Bank'}"
150,node,4879865752,35.6486794,51.3421042,"{'amenity': 'bank', 'atm': 'yes', 'brand': 'بانک مسکن', 'brand:en': 'Bank Maskan', 'brand:wikidata': 'Q4855942', 'brand:wikipedia': 'en:Bank Maskan', 'name': 'بانک مسکن', 'name:en': 'Bank Maskan'}"
151,node,4879865753,35.6481778,51.3411182,"{'amenity': 'bank', 'atm': 'yes', 'brand': 'بانک صادرات', 'brand:en': 'Bank Saderat Iran', 'brand:wikidata': 'Q2882608', 'brand:wikipedia': 'en:Bank Saderat Iran', 'name': 'بانک صادرات', 'name:en': 'Bank Saderat Iran'}"
152,node,4883366933,35.6513049,51.2958581,"{'amenity': 'bus_station', 'bus': 'yes', 'name': 'ایستگاه اتوبوس ابراهیم آباد- آزادی', 'public_transport': 'station'}"
153,node,4884108329,35.6613444,51.3030618,"{'amenity': 'bus_station', 'name': 'پایانه میدان شادآباد'}"
154,node,4888604221,35.648907,51.3393372,"{'amenity': 'restaurant', 'name': 'کبابی حاج ایرج', 'name:en': 'Haj Iraj Kababs'}"
155,node,4889124622,35.6722574,51.3249416,"{'addr:housenumber': '22', 'addr:postcode': '42376543', 'addr:street': 'بلوار طالقانی', 'amenity': 'bank', 'name': 'بانک پارسیان', 'name:en': 'Parsiyan'}"
156,node,4890772322,35.648388,51.341799,"{'amenity': 'restaurant', 'name': 'رستوران آریا', 'name:en': 'Ariya Restaurant'}"
157,node,4892809356,35.650743,51.3496869,{'amenity': 'car_wash'}
158,node,4892809357,35.6486725,51.3515806,"{'amenity': 'parking', 'name': 'پارکینگ سعیدی'}"
159,node,4903411821,35.6697923,51.3513304,"{'amenity': 'bank', 'brand': 'بانک سپه', 'brand:en': 'Bank Sepah', 'brand:wikidata': 'Q2882624', 'brand:wikipedia': 'en:Bank Sepah', 'name': 'بانک سپه', 'name:en': 'Bank Sepah'}"
160,node,4922733357,35.6267585,51.3355154,{'amenity': 'taxi'}
161,node,4936071559,35.6261411,51.3373411,{'amenity': 'atm'}
162,node,4945471144,35.6387498,51.3364641,"{'amenity': 'bank', 'brand': 'بانک مسکن', 'brand:en': 'Bank Maskan', 'brand:wikidata': 'Q4855942', 'brand:wikipedia': 'en:Bank Maskan', 'name': 'بانک مسکن', 'name:en': 'Bank Maskan', 'opening_hours': '08:00-13:00'}"
163,node,4945473753,35.648561,51.3428301,"{'amenity': 'bank', 'atm': 'yes', 'brand': 'بانک ایران زمین', 'brand:wikidata': 'Q5934423', 'brand:wikipedia': 'en:Iran Zamin Bank', 'name': 'بانک ایران زمین', 'name:en': 'Iran Zamin Bank', 'opening_hours': '08:00-13:00'}"
164,node,4945473754,35.6495589,51.3473082,"{'amenity': 'atm', 'not:brand:wikidata': 'Q4117676', 'operator': 'بانک سامان'}"
165,node,4947954024,35.6456276,51.3318378,"{'amenity': 'bicycle_rental', 'opening_hours': 'Sa-Th'}"
166,node,4947985521,35.6576915,51.3270989,"{'amenity': 'bicycle_rental', 'opening_hours': 'Sa-Th'}"
167,node,4973855405,35.6550816,51.355684,{'amenity': 'restaurant'}
168,node,4977403231,35.6588009,51.3183009,"{'amenity': 'bank', 'atm': 'yes', 'brand': 'بانک دی', 'brand:en': 'Bank Day', 'brand:fa': 'بانک دی', 'brand:wikidata': 'Q5942230', 'name': 'بانک دی', 'name:en': 'Bank Day', 'name:fa': 'بانک دی'}"
169,node,4981028492,35.6251988,51.3351769,{'amenity': 'toilets'}
170,node,5003540724,35.650118,51.3111066,{'amenity': 'atm'}
171,node,5003541326,35.650165,51.3111032,{'amenity': 'atm'}
172,node,5003541328,35.660192,51.3340168,"{'amenity': 'ice_cream', 'name': 'کندو'}"
173,node,5003541422,35.6502011,51.3111032,{'amenity': 'atm'}
174,node,5003541622,35.644853,51.3069385,{'amenity': 'atm'}
175,node,5003541624,35.6502566,51.3110999,{'amenity': 'atm'}
176,node,5035511021,35.6771158,51.2368076,"{'amenity': 'restaurant', 'level': '0', 'name': 'رستوران مهماندار'}"
177,node,5035535380,35.6767847,51.3289828,"{'amenity': 'bank', 'atm': 'yes', 'brand': 'بانک ملت', 'brand:en': 'Bank Mellat', 'brand:wikidata': 'Q4855944', 'brand:wikipedia': 'en:Bank Mellat', 'level': '0', 'name': 'بانک ملت', 'name:en': 'Bank Mellat'}"
178,node,5069669046,35.6570044,51.3470098,{'amenity': 'car_wash'}
179,node,5091993424,35.6446272,51.3070955,"{'addr:street': 'ظفرقندی', 'amenity': 'clinic', 'healthcare': 'clinic', 'name': 'درمانگاه خیریه محمدولی فرمانفرمائیان', 'name:en': 'Darmangah Kheyrieh', 'opening_hours': '24/7'}"
180,node,5127669321,35.6240921,51.3300503,{'amenity': 'atm'}
181,node,5150614454,35.6774873,51.3179759,{'amenity': 'parking'}
182,node,5150614456,35.67738,51.3186099,{'amenity': 'parking'}
183,node,5150678195,35.6774224,51.3223192,"{'amenity': 'place_of_worship', 'name': 'مسجد الزهرا', 'religion': 'muslim'}"
184,node,5150678206,35.6756424,51.3164862,{'amenity': 'parking'}
185,node,5155348425,35.6653011,51.2596893,{'amenity': 'motorcycle_parking'}
186,node,5161087924,35.6737581,51.3360368,"{'addr:street': 'دانشگاه هوایی جنوبی', 'amenity': 'restaurant', 'name': 'تالار آفتاب'}"
187,node,5161145821,35.670892,51.3361256,"{'addr:street': 'تفرش شرقی', 'amenity': 'pharmacy', 'healthcare': 'pharmacy', 'name': 'داروخانه نجات'}"
188,node,5185244528,35.6547536,51.2695073,"{'amenity': 'bus_station', 'bus': 'yes', 'public_transport': 'station'}"
189,node,5185325746,35.6424711,51.3054648,{'amenity': 'telephone'}
190,node,5231041156,35.6446869,51.3545744,"{'amenity': 'police', 'name': 'کلانتری ۱۶۱ ابوذر'}"
191,node,5262456069,35.6778129,51.2632829,"{'amenity': 'bank', 'atm': 'yes', 'brand': 'بانک ملی', 'brand:en': 'Bank Melli Iran', 'brand:wikidata': 'Q806640', 'brand:wikipedia': 'en:Bank Melli Iran', 'name': 'بانک ملی', 'name:en': 'Bank Melli Iran'}"
192,node,5275050223,35.6814602,51.2846802,{'amenity': 'atm'}
193,node,5281530844,35.6740001,51.3242848,"{'addr:city': 'تهران', 'addr:postcode': '42376543', 'addr:street': 'واری زاده', 'amenity': 'culture_center', 'name': 'فرهنگ سرای رویش'}"
194,node,5281534137,35.6739685,51.3247985,"{'addr:city': 'تهران', 'addr:postcode': '42376543', 'addr:street': 'حسین واشقانی فراهانی', 'amenity': 'townhall', 'contact:email': 'samjam3459@gmail.com', 'name': 'شهرداری منطقه نه ناحیه دو', 'nat_name': 'شهرداری منطقه 9 ناحیه 2'}"
195,node,5281540242,35.6695816,51.3275215,"{'addr:street': 'چهل و پنج متری زرند', 'amenity': 'arts_centre', 'contact:email': 'samjam3459@gmail.com', 'name': 'خانه فرهنگ مهرآباد و کتابخانه قیصر امین پور'}"
196,node,5281543022,35.6742745,51.3393412,"{'addr:street': 'شمشیری', 'amenity': 'community_centre', 'contact:email': 'samjam3459@gmail.com', 'name': 'خانه فرهنگ شمشیری'}"
197,node,5293327358,35.6788394,51.3375115,"{'amenity': 'fire_station', 'name': 'ایستگاه ۳۳ آتش نشانی'}"
198,node,5327232521,35.6270246,51.3492193,"{'amenity': 'place_of_worship', 'name': 'مسجد امام رضا', 'religion': 'muslim'}"
199,node,5327235389,35.6306239,51.3421974,"{'amenity': 'fuel', 'name': 'پمپ بنزین دولتخواه ۲۲۳', 'name:en': 'Dolatkhah Gas Station'}"
200,node,5335674943,35.6433695,51.3329576,"{'amenity': 'bus_station', 'bus': 'yes', 'name': 'پایانه اتوبوس شهرک ولیعصر', 'public_transport': 'station'}"
201,node,5385256542,35.6459386,51.3505764,"{'amenity': 'toilets', 'name': 'سرویس بهداشتی'}"
202,node,5430755903,35.6458887,51.3507213,"{'addr:city': 'تهران', 'amenity': 'place_of_worship', 'name': 'نمازخانه', 'religion': 'muslim', 'wheelchair': 'yes'}"
203,node,5599017576,35.6563055,51.2618142,{'amenity': 'taxi'}
204,node,5599021895,35.6779317,51.2668171,{'amenity': 'taxi'}
205,node,5599021920,35.6767737,51.2906746,"{'amenity': 'fuel', 'name': 'جایگاه بنزین ۱۶۵'}"
206,node,5605025432,35.6805769,51.2592843,"{'amenity': 'bus_station', 'bus': 'yes', 'public_transport': 'station'}"
207,node,5605028226,35.6576044,51.2622096,"{'amenity': 'bus_station', 'bus': 'yes', 'name': 'پایانه خلیج فارس', 'public_transport': 'station'}"
208,node,5607703821,35.6683928,51.3564521,"{'amenity': 'atm', 'operator': 'g'}"
209,node,5632894521,35.6635701,51.2635551,{'amenity': 'atm'}
210,node,5663882898,35.6284566,51.3361544,"{'amenity': 'taxi', 'name': 'تاکسی اسلامشهر و چهاردانگه'}"
211,node,5663883997,35.6283149,51.3355965,"{'amenity': 'bus_station', 'bus': 'yes', 'highway': 'bus_stop', 'name': 'مترو آزادگان', 'public_transport': 'station', 'shelter': 'no'}"
212,node,5665773785,35.6605907,51.3399405,"{'addr:street': 'بلوار معلم', 'amenity': 'ice_cream', 'cuisine': 'juice, ice_cream', 'diet:vegan': 'yes', 'name': 'بستنی ایوب', 'wheelchair': 'limited'}"
213,node,5673279522,35.6456298,51.3120403,{'amenity': 'atm'}
214,node,5728673684,35.6476289,51.3508771,"{'amenity': 'car_wash', 'name': 'اتو کارواش بخار اسپشیال'}"
215,node,5758690116,35.6380147,51.3539154,{'amenity': 'taxi'}
216,node,5758690118,35.6360161,51.3517173,"{'amenity': 'place_of_worship', 'name': 'مسجد امام حسن عسگری ع', 'religion': 'muslim'}"
217,node,5758691830,35.6336648,51.3455072,{'amenity': 'toilets'}
218,node,5761933969,35.649209,51.3494377,"{'amenity': 'bank', 'atm': 'yes', 'brand': 'بانک شهر', 'brand:en': 'Shahr Bank', 'brand:fa': 'بانک شهر', 'brand:wikidata': 'Q5941033', 'name': 'بانک شهر', 'name:en': 'Shahr Bank', 'name:fa': 'بانک شهر'}"
219,node,5773619359,35.6616867,51.2447554,{'amenity': 'parking_entrance'}
220,node,5773619372,35.6634318,51.2448339,{'amenity': 'parking_entrance'}
221,node,5822837746,35.6478561,51.3475793,"{'addr:city': 'تهران', 'amenity': 'place_of_worship', 'denomination': 'shia', 'name': 'مسجد المهدی', 'name:fa': 'Almahdi Mosque', 'religion': 'muslim'}"
222,node,5822870659,35.6701052,51.3519044,"{'amenity': 'bank', 'atm': 'yes', 'brand': 'بانک پارسیان', 'brand:en': 'Parsian Bank', 'brand:wikidata': 'Q2410404', 'brand:wikipedia': 'en:Parsian Bank', 'name': 'بانک پارسیان', 'name:en': 'Parsian Bank'}"
223,node,5822870661,35.6688575,51.3492069,"{'amenity': 'bank', 'atm': 'yes', 'branch': 'شعبه ۱۲۲', 'brand': 'بانک تجارت', 'brand:wikidata': 'Q7695198', 'brand:wikipedia': 'en:Tejarat Bank', 'name': 'بانک تجارت'}"
224,node,5837232085,35.6620658,51.2652129,{'amenity': 'atm'}
225,node,5859504966,35.6602993,51.3456321,"{'amenity': 'restaurant', 'name': 'ریحون', 'name:en': 'Reyhoon', 'opening_hours': 'Mo-Su 12:00-16:30, 19:30-22:45'}"
226,node,5915040643,35.6745425,51.3388197,"{'amenity': 'bank', 'atm': 'yes', 'brand': 'بانک مسکن', 'brand:en': 'Bank Maskan', 'brand:wikidata': 'Q4855942', 'brand:wikipedia': 'en:Bank Maskan', 'name': 'بانک مسکن', 'name:en': 'Bank Maskan'}"
227,node,5915043433,35.6744134,51.3361666,"{'amenity': 'atm', 'not:brand:wikidata': 'Q2882624', 'operator': 'بانک سپه'}"
228,node,5915044237,35.6741525,51.3361259,"{'amenity': 'bank', 'atm': 'yes', 'brand': 'بانک سپه', 'brand:en': 'Bank Sepah', 'brand:wikidata': 'Q2882624', 'name': 'بانک سپه', 'name:en': 'Bank Sepah'}"
229,node,5915045268,35.6715068,51.3314465,"{'amenity': 'atm', 'not:brand:wikidata': 'Q2882624', 'operator': 'بانک سپه'}"
230,node,5915047427,35.6700234,51.3301202,"{'amenity': 'place_of_worship', 'name': 'مسجد حضرت ابوالفضل (ع)', 'religion': 'muslim'}"
231,node,5915050789,35.6700738,51.3335595,"{'amenity': 'place_of_worship', 'name': 'مسجد علی ابن موسی الرضا', 'religion': 'muslim'}"
232,node,5915055143,35.6743129,51.3410528,"{'amenity': 'bank', 'atm': 'yes', 'brand': 'بانک ملی', 'brand:en': 'Bank Melli Iran', 'brand:wikidata': 'Q806640', 'brand:wikipedia': 'en:Bank Melli Iran', 'name': 'بانک ملی', 'name:en': 'Bank Melli Iran'}"
233,node,5915055881,35.6743534,51.3394728,"{'amenity': 'bank', 'atm': 'yes', 'brand': 'بانک اقتصاد نوین', 'brand:en': 'EN Bank', 'brand:wikidata': 'Q5323768', 'brand:wikipedia': 'en:EN Bank', 'name': 'بانک اقتصاد نوین', 'name:en': 'EN Bank'}"
234,node,5915056036,35.6744973,51.3399208,"{'amenity': 'bank', 'brand': 'بانک تجارت', 'brand:wikidata': 'Q7695198', 'brand:wikipedia': 'en:Tejarat Bank', 'name': 'بانک تجارت'}"
235,node,5915056639,35.6744815,51.3407711,"{'amenity': 'bank', 'atm': 'yes', 'brand': 'بانک صادرات', 'brand:en': 'Bank Saderat Iran', 'brand:fa': 'بانک صادرات', 'brand:wikidata': 'Q2882608', 'brand:wikipedia': 'en:Bank Saderat Iran', 'name': 'بانک صادرات', 'name:en': 'Bank Saderat Iran', 'name:fa': 'بانک صادرات'}"
236,node,5919941439,35.6686678,51.3476093,"{'amenity': 'fuel', 'name': 'جایگاه ۱۲۰', 'opening_hours': '24/7'}"
237,node,6034444589,35.6707401,51.3524232,{'amenity': 'police'}
238,node,6034444591,35.6762755,51.3016824,"{'amenity': 'bank', 'brand': 'بانک ملی', 'brand:en': 'Bank Melli Iran', 'brand:wikidata': 'Q806640', 'name': 'بانک ملی', 'name:en': 'Bank Melli Iran'}"
239,node,6034444592,35.6775054,51.2728403,"{'amenity': 'police', 'name': 'فرماندهی عملیات دژبان کل ناجا'}"
240,node,6034475286,35.6696115,51.3564475,"{'amenity': 'bank', 'brand': 'بانک صادرات', 'brand:en': 'Bank Saderat Iran', 'brand:fa': 'بانک صادرات', 'brand:wikidata': 'Q2882608', 'brand:wikipedia': 'en:Bank Saderat Iran', 'name': 'بانک صادرات', 'name:en': 'Bank Saderat Iran', 'name:fa': 'بانک صادرات'}"
241,node,6034475287,35.670685,51.3535965,"{'amenity': 'bus_station', 'bus': 'yes', 'name': 'پایانه شمشیری', 'public_transport': 'station'}"
242,node,6034847903,35.6755458,51.3039885,"{'amenity': 'bank', 'atm': 'yes', 'brand': 'بانک کشاورزی', 'brand:en': 'Bank Keshavarzi Iran', 'brand:wikidata': 'Q6395007', 'name': 'بانک کشاورزی', 'name:en': 'Bank Keshavarzi Iran'}"
243,node,6039868285,35.6751152,51.3467956,"{'amenity': 'place_of_worship', 'name': 'مسجد حضرت ابوالفضل', 'religion': 'muslim'}"
244,node,6039868286,35.6765521,51.291864,"{'amenity': 'bank', 'brand': 'بانک ملت', 'brand:en': 'Bank Mellat', 'brand:wikidata': 'Q4855944', 'name': 'بانک ملت', 'name:en': 'Bank Mellat'}"
245,node,6039868287,35.6783164,51.2596491,"{'amenity': 'bank', 'brand': 'بانک صادرات', 'brand:en': 'Bank Saderat Iran', 'brand:wikidata': 'Q2882608', 'brand:wikipedia': 'en:Bank Saderat Iran', 'name': 'بانک صادرات', 'name:en': 'Bank Saderat Iran'}"
246,node,6160842486,35.649367,51.3443403,"{'amenity': 'police', 'name': 'پایگاه پنجم پلیس مبارزه با موادمخدر فاتب'}"
247,node,6183338925,35.6635425,51.3012115,"{'amenity': 'police', 'name': 'کلانتری ۱۵۱ یافت آباد'}"
248,node,6378809385,35.6803964,51.3187955,"{'amenity': 'bicycle_parking', 'operator': 'hadi'}"
249,node,6403338292,35.6696789,51.3013878,"{'amenity': 'bank', 'name': 'بانک سپه - bank sepah', 'not:brand:wikidata': 'Q2882624'}"
250,node,6461132885,35.679379,51.3368341,{'amenity': 'toilets'}
251,node,6478276758,35.6753289,51.2680808,"{'amenity': 'fast_food', 'name': 'دو لپی'}"
252,node,6653178577,35.6512149,51.348505,"{'amenity': 'fuel', 'compressed_air': 'no', 'name': '۱۳۵ جایگاه اختصاصی بهران شماره', 'name:en': 'Behran Gas Station No. 135', 'opening_hours': '24/7'}"
253,node,6699915785,35.6585562,51.3549749,"{'amenity': 'drinking_water', 'name': 'اب'}"
254,node,6699915885,35.6584109,51.3550938,"{'amenity': 'drinking_water', 'name': 'اب'}"
255,node,6699915886,35.6584084,51.3550208,"{'amenity': 'drinking_water', 'name': 'اب'}"
256,node,6814342914,35.6276044,51.232279,"{'amenity': 'restaurant', 'name': 'باغ عمارت سه گل'}"
257,node,6933252346,35.6612946,51.3459828,"{'amenity': 'cafe', 'name': 'کافی شاپ کاسیت (شعبه ۱)', 'name:en': 'Kasit Coffee Shop'}"
258,node,7014394747,35.6590445,51.3151355,"{'amenity': 'bank', 'atm': 'yes', 'brand': 'بانک کشاورزی', 'brand:en': 'Bank Keshavarzi Iran', 'brand:wikidata': 'Q6395007', 'brand:wikipedia': 'en:Bank Keshavarzi Iran', 'name': 'بانک کشاورزی', 'name:en': 'Bank Keshavarzi Iran'}"
259,node,7014394751,35.6592246,51.3153965,"{'amenity': 'bank', 'atm': 'yes', 'brand': 'بانک آینده', 'brand:en': 'Ayandeh Bank', 'brand:wikidata': 'Q5938144', 'brand:wikipedia': 'en:Ayandeh Bank', 'name': 'بانک آینده', 'name:en': 'Ayandeh Bank'}"
260,node,7014394770,35.6618118,51.3144117,"{'amenity': 'bank', 'atm': 'yes', 'brand': 'بانک کارآفرین', 'brand:en': 'Karafarin Bank', 'brand:wikidata': 'Q6367875', 'name': 'بانک کارآفرین', 'name:en': 'Karafarin Bank'}"
261,node,7014410239,35.6440655,51.3272779,"{'amenity': 'bus_station', 'bus': 'yes', 'name': 'پایانه شهرک ولیعصر', 'public_transport': 'station'}"
262,node,7015716891,35.6645597,51.3542068,"{'amenity': 'place_of_worship', 'name': 'مسجد چهارده معصوم', 'religion': 'muslim'}"
263,node,7018625877,35.6643752,51.306484,"{'amenity': 'school', 'name': 'مدرسه راهنمای پسرانه نیایش'}"
264,node,7018698207,35.6651113,51.3075432,"{'amenity': 'toilets', 'name': 'سرویس بهداشتی'}"
265,node,7025388939,35.6757385,51.336337,"{'addr:city': 'تهران', 'addr:housenumber': '210', 'addr:postcode': '1385884411', 'addr:street': 'دانشگاه هوایی شمالی', 'amenity': 'internet_cafe', 'brand': 'RGJ', 'email': 'rayangostarjavan@gmail.com', 'fax': '+982166655238', 'name': 'کافی نت رایان گستر جوان', 'opening_hours': 'Mo-Su 07:00-23:00', 'operator': 'سید مهدی حسینی', 'payment:telephone_cards': 'yes', 'phone': '+989109129507'}"
266,node,7043369893,35.661918,51.3546641,"{'amenity': 'place_of_worship', 'name': 'مسجد باب الحوائج', 'religion': 'muslim'}"
267,node,7050018980,35.6607469,51.3387481,"{'addr:street': 'بلوار معلم', 'amenity': 'bank', 'atm': 'yes', 'brand': 'بانک مسکن', 'brand:en': 'Bank Maskan', 'brand:wikidata': 'Q4855942', 'brand:wikipedia': 'en:Bank Maskan', 'name': 'بانک مسکن', 'name:en': 'Bank Maskan'}"
268,node,7086547222,35.644703,51.3550212,"{'addr:street': 'مسجد', 'amenity': 'recycling', 'description': 'بازیافت و تفکیک زباله', 'name': 'بازیافت و دفع زباله شهرداری منطقه ۱۷'}"
269,node,7089543910,35.6419771,51.3510952,{'amenity': 'toilets'}
270,node,7247711580,35.6442638,51.3541475,"{'addr:street': 'مسجد', 'amenity': 'fuel', 'description': 'تاسیس شده ولی هنوز شروع بکار نکرده است', 'name': 'جایگاه بنزین', 'status': 'inactive'}"
271,node,7328312726,35.656989,51.2634569,{'amenity': 'parking_entrance'}
272,node,7392411881,35.6539462,51.3107996,"{'amenity': 'bank', 'brand': 'بانک رفاه', 'brand:en': 'Refah Bank', 'brand:wikidata': 'Q7307083', 'brand:wikipedia': 'en:Refah Bank', 'name': 'بانک رفاه', 'name:en': 'Refah Bank'}"
273,node,7447601163,35.6608684,51.3456417,{'amenity': 'parking_entrance'}
274,node,7773929329,35.6266807,51.3410111,"{'amenity': 'townhall', 'name': 'شهرداری ناحیه سه منطقه نوزده'}"
275,node,7773929349,35.6279861,51.3409225,"{'amenity': 'toilets', 'name': 'دستشویی'}"
276,node,7785421385,35.670059,51.3043007,"{'amenity': 'theatre', 'name': 'شهر کتاب شادآباد'}"
277,node,7831330913,35.6484641,51.3414176,"{'amenity': 'courthouse', 'name': 'مجتمع ۱۸ شورای حل اختلاف'}"
278,node,7844653194,35.6448573,51.355371,"{'addr:street': 'مسجد', 'amenity': 'marketplace', 'description': 'پنج شنبه بازار وصفنارد', 'name': 'پنجشنبه بازار وصفنارد'}"
279,node,7850614409,35.6716942,51.32729,"{'amenity': 'school', 'name': 'مدرسه آوینی'}"
280,node,7852253772,35.636381,51.3364644,"{'amenity': 'school', 'name': 'مدرسه قرآنی عمار'}"
281,node,7852253774,35.6362431,51.3373759,"{'amenity': 'school', 'name': 'مدرسه دخترانه موفقیان'}"
282,node,7852253777,35.6366217,51.3370999,"{'amenity': 'school', 'name': 'نهضت سواد آموزی'}"
283,node,7852253781,35.6376424,51.3336931,"{'amenity': 'school', 'name': 'مدرسه حافظ'}"
284,node,7852253782,35.6359066,51.3368124,"{'amenity': 'school', 'name': 'مدرسه پسرانه کمیل'}"
285,node,7852846197,35.6716298,51.3546862,"{'addr:street': 'نعمت الله شاه پروری', 'amenity': 'courthouse', 'name': 'دادسرای ناحیه بیست هفت ۲۷ جنایی', 'nat_name': 'دادسرای ناحیه 27'}"
286,node,7853293841,35.671304,51.3545401,"{'addr:street': 'نعمت الله شاه پروری', 'amenity': 'courthouse', 'name': 'دادسرای ناحیه سی چهار', 'nat_name': 'دادسرای ناحیه 34'}"
287,node,7980860957,35.6775694,51.3321287,"{'amenity': 'place_of_worship', 'name': 'مسجد امیر مومنین', 'religion': 'muslim'}"
288,node,7980885011,35.6697111,51.3237462,"{'amenity': 'car_wash', 'name': 'کارواش مهر آباد'}"
289,node,7980885012,35.6736935,51.3248235,{'amenity': 'atm'}
290,node,7980885014,35.6770675,51.329257,"{'amenity': 'pharmacy', 'healthcare': 'pharmacy', 'name': 'داروخانه مهرآباد'}"
291,node,7980885015,35.6743954,51.3251373,"{'amenity': 'restaurant', 'name': 'تالار آرامیس'}"
292,node,7980885016,35.6710257,51.3251555,"{'amenity': 'pharmacy', 'healthcare': 'pharmacy', 'name': 'داروخانه اسماعیلی'}"
293,node,8033130705,35.6679161,51.3339373,"{'addr:housenumber': '118', 'addr:street': 'پاسداران', 'amenity': 'clinic', 'contact:instagram': 'https://www.instagram.com/dr.barikbin_behroozclinic', 'healthcare': 'clinic', 'healthcare:speciality': 'dermatology', 'name': 'درمانگاه تخصصی پوست و مو بهروز', 'name:en': 'Behrooz Dermatology and Hair Clinic', 'phone': '+98 212 257 5757', 'website': 'https://www.behroozclinic.com'}"
294,node,8040629306,35.6661291,51.3498838,"{'amenity': 'place_of_worship', 'religion': 'muslim'}"
295,node,8043778988,35.6655641,51.3502307,{'amenity': 'toilets'}
296,node,8223753999,35.6662609,51.3422492,"{'amenity': 'bus_station', 'bench': 'yes', 'bus': 'yes', 'public_transport': 'platform', 'shelter': 'yes'}"
297,node,8223818010,35.6686791,51.3356247,"{'amenity': 'place_of_worship', 'name': 'مسجد مسلم بن عقیل', 'religion': 'muslim', 'wheelchair': 'limited'}"
298,node,8223938599,35.6767162,51.328872,"{'amenity': 'bank', 'atm': 'yes', 'branch': 'مهرآباد', 'brand': 'بانک ملی', 'brand:en': 'Bank Melli Iran', 'brand:wikidata': 'Q806640', 'brand:wikipedia': 'en:Bank Melli Iran', 'name': 'بانک ملی', 'name:en': 'Bank Melli Iran', 'phone': '+982166620112'}"
299,node,8223996308,35.6664119,51.3447708,"{'addr:housenumber': '687', 'addr:street': 'بزرگراه آیت\u200cالله سعیدی', 'amenity': 'fast_food', 'branch': 'یافت\u200cآباد', 'contact:phone': '+982166289577, +982166288318', 'cuisine': 'burger, pizza', 'name': 'سیب'}"
300,node,8254098856,35.6680283,51.3475721,"{'amenity': 'bank', 'atm': 'yes', 'brand': 'بانک ملی', 'brand:en': 'Bank Melli Iran', 'brand:wikidata': 'Q806640', 'brand:wikipedia': 'en:Bank Melli Iran', 'name': 'بانک ملی', 'name:en': 'Bank Melli Iran'}"
301,node,8293397619,35.652062,51.3405365,"{'amenity': 'clinic', 'name': 'مرکز پزشکان بازرگان'}"
302,node,8293397620,35.6272283,51.3353631,"{'amenity': 'payment_terminal', 'operator': 'taxi تاکسی شهری'}"
303,node,8293397819,35.6285386,51.3363777,"{'addr:street': 'بزرگراه آیت الله سعیدی', 'amenity': 'bus_station', 'name': 'اسلامشهر (واوان)', 'name:en': 'Eslamshahr (vavan)', 'opening_hours': 'Mo-Su 06:00-21:30'}"
304,node,8463253482,35.6577534,51.3098896,"{'amenity': 'internet_cafe', 'name': 'کافی\u200cنت سید', 'opening_hours': 'Sa-Tu 18:00-21:00'}"
305,node,8507856817,35.6606716,51.3551873,{'amenity': 'atm'}
306,node,8507856818,35.660651,51.3552023,{'amenity': 'atm'}
307,node,8507856917,35.6627944,51.3521749,"{'amenity': 'bank', 'brand': 'بانک سرمایه', 'brand:en': 'Sarmayeh Bank', 'brand:wikidata': 'Q7424291', 'brand:wikipedia': 'en:Sarmayeh Bank', 'name': 'بانک سرمایه', 'name:en': 'Sarmayeh Bank'}"
308,node,8622148851,35.6222231,51.354295,"{'addr:street': 'صبا دهم', 'amenity': 'place_of_worship', 'name': 'مسجد سیدالشهدا', 'religion': 'muslim'}"
309,node,8756206490,35.6735598,51.3460175,"{'addr:city': 'تهران', 'addr:street': 'شمشیری', 'amenity': 'pharmacy', 'contact:phone': '+982166690890', 'dispensing': 'yes', 'healthcare': 'pharmacy', 'name': 'داروخانه دکتر علوی شمشیری', 'opening_hours': 'Sa-Th 07:30-21:30', 'operator': 'دکتر علوی'}"
310,node,8758158781,35.6300901,51.3511021,"{'amenity': 'clinic', 'healthcare': 'clinic', 'name': 'مرکز بهداشت امام رضا'}"
311,node,8758232527,35.6738053,51.3506126,"{'amenity': 'clinic', 'healthcare': 'clinic', 'name': 'مرکز بهداشت تقی نیا'}"
312,node,8772343002,35.648404,51.3407879,"{'amenity': 'clinic', 'healthcare': 'clinic', 'name': 'مرکز بهداشت ولیعصر'}"
313,node,8779279476,35.6746855,51.3363969,"{'addr:city': 'تهران', 'addr:street': 'شمشیری', 'amenity': 'dentist', 'contact:email': 'dr.ahmadnamvar@gmail.com', 'contact:phone': '+982166632905', 'healthcare': 'dentist', 'healthcare:speciality': 'ایمپلنتولوژیست;جراح_دندانپزشک', 'name': 'دندانپزشکی دکتر احمد نامور', 'opening_hours': 'Mo-Su 14:00-21:00', 'operator': 'دکتر احمد نامور', 'source': 'note'}"
314,node,8780890471,35.65422,51.3216562,"{'amenity': 'clinic', 'healthcare': 'clinic', 'name': 'مرکز بهداشت صاحب الزمان'}"
315,node,8939367169,35.6658146,51.3365238,"{'amenity': 'toilets', 'name': 'دستشویی'}"
316,node,8985417847,35.6344618,51.3259759,"{'amenity': 'school', 'name': 'مدرسه ادب'}"
317,node,8986458702,35.6647371,51.2646316,"{'amenity': 'doctors', 'healthcare': 'doctor', 'healthcare:speciality': 'general', 'name': 'دکتر زارعی شریف', 'opening_hours': '24/7'}"
318,node,8995235847,35.6762897,51.3454271,"{'amenity': 'fast_food', 'name': 'جگرسرای وحید پاشا'}"
319,node,8997097032,35.6699051,51.3357554,"{'amenity': 'restaurant', 'contact:email': 'Ghaemcatering98@gmail.com', 'contact:mobile': '+982166101700', 'name': 'قائم', 'opening_hours': '12:00-16:00;19:00-23:00', 'source': 'note 2751374'}"
320,node,8997784576,35.6338378,51.3466561,"{'amenity': 'taxi', 'name': 'ایستگاه تاکسی'}"
321,node,8998121222,35.6620769,51.3439509,"{'amenity': 'driving_school', 'name': 'آموزشکاه رانندگی آرمان', 'wheelchair': 'no'}"
322,node,9013014547,35.6786371,51.3565923,"{'amenity': 'bank', 'brand': 'بانک صادرات', 'brand:en': 'Bank Saderat Iran', 'brand:fa': 'بانک صادرات', 'brand:wikidata': 'Q2882608', 'brand:wikipedia': 'en:Bank Saderat Iran', 'name': 'بانک صادرات', 'name:en': 'Bank Saderat Iran', 'name:fa': 'بانک صادرات'}"
323,node,9013014550,35.678556,51.3555829,"{'amenity': 'bank', 'brand': 'بانک ملی', 'brand:en': 'Bank Melli Iran', 'brand:wikidata': 'Q806640', 'brand:wikipedia': 'en:Bank Melli Iran', 'name': 'بانک ملی', 'name:en': 'Bank Melli Iran'}"
324,node,9013017006,35.6777521,51.3466722,"{'amenity': 'pharmacy', 'healthcare': 'pharmacy', 'name': 'داروخانه کمیل'}"
325,node,9013061852,35.6499041,51.355551,{'amenity': 'toilets'}
326,node,9016156914,35.6356153,51.3502297,"{'amenity': 'bank', 'atm': 'yes', 'branch': 'نعمت\u200cآباد', 'brand': 'بانک پارسیان', 'brand:en': 'Parsian Bank', 'brand:wikidata': 'Q2410404', 'brand:wikipedia': 'en:Parsian Bank', 'name': 'بانک پارسیان', 'name:en': 'Parsian Bank'}"
327,node,9021252230,35.6745252,51.3384018,"{'addr:street': 'شمشیری', 'amenity': 'school', 'denomination': 'shia', 'grades': '1-7', 'name': 'دبستان دخترانه', 'religion': 'muslim'}"
328,node,9029032247,35.6390407,51.3545681,"{'amenity': 'events_venue', 'name': 'تالار مینیاتور'}"
329,node,9032754339,35.6374552,51.355981,"{'amenity': 'bench', 'material': 'concrete', 'seats': '3'}"
330,node,9032754340,35.6374917,51.3559838,"{'amenity': 'bench', 'material': 'concrete', 'seats': '3'}"
331,node,9032754341,35.6375293,51.3559819,"{'amenity': 'bench', 'material': 'concrete', 'seats': '3'}"
332,node,9032754342,35.637562,51.3559762,"{'amenity': 'bench', 'material': 'concrete', 'seats': '3'}"
333,node,9041316827,35.6391829,51.3543883,{'amenity': 'restaurant'}
334,node,9041319466,35.6357062,51.3505254,{'amenity': 'dentist'}
335,node,9041319467,35.6392191,51.3543652,{'amenity': 'restaurant'}
336,node,9041326304,35.6382736,51.3548948,{'amenity': 'ice_cream'}
337,node,9041326842,35.6357173,51.3505531,"{'amenity': 'pharmacy', 'healthcare': 'pharmacy', 'name': 'داروخانه زمزم', 'opening_hours': '24/7'}"
338,node,9055250612,35.6360424,51.3518828,{'amenity': 'telephone'}
339,node,9069228992,35.6750155,51.3454839,"{'amenity': 'school', 'male': 'yes', 'name': 'مدرسه راهنمایی پسرانه شهید نورایی'}"
340,node,9072711064,35.6566792,51.3389037,"{'amenity': 'bank', 'name': 'بانک شهر شعبه شهرک ولیعصر کد ۲۱۵'}"
341,node,9072727588,35.6393133,51.3379981,"{'amenity': 'pharmacy', 'healthcare': 'pharmacy'}"
342,node,9104753858,35.6511035,51.3485739,{'amenity': 'telephone'}
343,node,9114401491,35.6395977,51.3541319,"{'amenity': 'place_of_worship', 'name': 'حسینیه متوسلین به قمر بنی\u200cهاشم', 'religion': 'muslim'}"
344,node,9114417368,35.6380029,51.3550899,"{'amenity': 'pharmacy', 'healthcare': 'pharmacy'}"
345,node,9115952780,35.637989,51.3536832,"{'amenity': 'car_wash', 'name': 'کارواش K2'}"
346,node,9121904531,35.6622917,51.3439942,{'amenity': 'telephone'}
347,node,9124945231,35.6613409,51.3319756,"{'addr:street': 'تختی', 'amenity': 'fast_food', 'cuisine': 'pizza;burger;chicken', 'name': 'ویانا', 'phone': '+982166661820', 'wheelchair': 'no'}"
348,node,9127056917,35.667466,51.3475682,"{'amenity': 'kindergarten', 'name': 'فومن لودر', 'name:en': 'Fouman Loader'}"
349,node,9132331942,35.6335608,51.3475875,{'amenity': 'telephone'}
350,node,9180066577,35.6597868,51.345139,{'amenity': 'telephone'}
351,node,9201531037,35.6486259,51.350509,{'amenity': 'car_wash'}
352,node,9202656067,35.6698368,51.3359109,"{'amenity': 'bank', 'atm': 'yes', 'branch': '۲۰ متری پادگان', 'brand': 'بانک صادرات', 'brand:en': 'Bank Saderat Iran', 'brand:fa': 'بانک صادرات', 'brand:wikidata': 'Q2882608', 'brand:wikipedia': 'en:Bank Saderat Iran', 'name': 'بانک صادرات', 'name:en': 'Bank Saderat Iran', 'name:fa': 'بانک صادرات', 'ref': '2674'}"
353,node,9202659439,35.6710198,51.3361134,"{'amenity': 'dentist', 'healthcare': 'dentist', 'name': 'دندانپزشکی دکتر طاهره توکلی'}"
354,node,9202666550,35.6700301,51.3359448,{'amenity': 'ice_cream'}
355,node,9202670246,35.6698761,51.3359115,"{'amenity': 'restaurant', 'name': 'کبابی میزبان'}"
356,node,9202670734,35.669984,51.3359416,{'amenity': 'cafe'}
357,node,9202691803,35.6709323,51.3360222,"{'amenity': 'atm', 'not:brand:wikidata': 'Q5323768', 'operator': 'بانک اقتصاد نوین'}"
358,node,9202728859,35.6675311,51.3355437,{'amenity': 'telephone'}
359,node,9202752900,35.6675852,51.3354147,"{'amenity': 'restaurant', 'name': 'طباخی سفید برفی'}"
360,node,9202755326,35.6687276,51.3358409,{'amenity': 'telephone'}
361,node,9202758243,35.667553,51.3355265,"{'amenity': 'restaurant', 'name': 'طباخی بره سفید'}"
362,node,9208470861,35.6787333,51.3328875,"{'amenity': 'school', 'name': 'دبیرستان شهدای معلم'}"
363,node,9234712335,35.6642096,51.3561583,"{'amenity': 'fast_food', 'branch': 'امامزاده حسن', 'name': 'هایدا'}"
364,node,9256830717,35.6596599,51.3545127,"{'amenity': 'restaurant', 'name': 'سوپر تک نمونه - با مدیریت شعبانی (پخش و توزیع مستقیم گوشت،مرغ،ماهی،گوسفند و گوساله زنده)'}"
365,node,9264776356,35.6270276,51.2384473,"{'amenity': 'vending_machine', 'currency:USD': 'yes', 'currency:others': 'yes', 'payment:cash': 'yes', 'payment:credit_cards': 'yes', 'vending': 'parking_tickets'}"
366,node,9264776379,35.6270214,51.2384357,"{'amenity': 'vending_machine', 'vending': 'parking_tickets'}"
367,node,9264937470,35.6501551,51.3531137,"{'amenity': 'school', 'denomination': 'shia', 'grades': '7-9', 'internet_access': 'wlan', 'internet_access:fee': 'no', 'name': 'مدرسه شهید چمران', 'religion': 'muslim', 'website': 'https://www.chamran17.com'}"
368,node,9264937471,35.6501789,51.3533258,"{'amenity': 'school', 'name': 'مدرسه پیامبر اکرم'}"
369,node,9264937472,35.6501394,51.3528258,"{'amenity': 'school', 'name': 'مدرسه شاهد هوشمند شهید مجید محسنی'}"
370,node,9444094318,35.6663175,51.3175471,"{'amenity': 'marketplace', 'name': 'بازار آهن شاداباد'}"
371,node,9516593860,35.6433177,51.3366522,{'amenity': 'toilets'}
372,node,9517281501,35.6475752,51.3555531,"{'amenity': 'library', 'name': 'کتابخانه بهاران'}"
373,node,9517315724,35.6456771,51.3553179,{'amenity': 'toilets'}
374,node,9517367683,35.6452213,51.33321,"{'amenity': 'school', 'name': 'دبستان پسرانه مصطفی خمینی'}"
375,node,9517868925,35.6361989,51.3359593,{'amenity': 'place_of_worship'}
376,node,9520577901,35.6575684,51.3295404,"{'amenity': 'courthouse', 'name': 'مجتمع قضایی مطهری'}"
377,node,9520606134,35.6623368,51.3233,"{'amenity': 'school', 'name': 'دبستان شیخ فضل\u200cالله نوری'}"
378,node,9520606141,35.6624587,51.322748,{'amenity': 'school'}
379,node,9520606142,35.6625821,51.3222389,{'amenity': 'school'}
380,node,9520606143,35.6619334,51.323057,"{'amenity': 'school', 'name': 'دبستان بانو کاظمی'}"
381,node,9537227791,35.6533259,51.280752,{'amenity': 'toilets'}
382,node,9657791492,35.6516144,51.2957857,"{'amenity': 'bus_station', 'bus': 'yes', 'name': 'ایستگاه اتوبوس ابراهیم آباد میدان سروستان', 'public_transport': 'station'}"
383,node,9657833436,35.6520155,51.2986127,"{'amenity': 'bus_station', 'bus': 'yes', 'name': 'ایستگاه اتوبوس رضوان', 'public_transport': 'station'}"
384,node,9657833437,35.6519839,51.2975921,"{'amenity': 'bus_station', 'bus': 'yes', 'name': 'ایستگاه اتوبوس رضوان', 'public_transport': 'station'}"
385,node,9815237071,35.6697604,51.3306981,"{'amenity': 'payment_terminal', 'brand': 'بهزاد و امیرحسین', 'name': 'خدمات مالی بهزاد', 'opening_hours': '24/7', 'operator': 'بهزاد و امیرحسین', 'operator:type': 'public', 'payment:cash': 'yes', 'social_facility': 'mone'}"
386,node,9845958207,35.6710603,51.3358849,"{'amenity': 'school', 'name': 'آموزشگاه اسپیگان'}"
387,node,9855930462,35.6798706,51.3137763,"{'amenity': 'college', 'name': 'هنرستان هوانوردی فراصوت'}"
388,node,9855930469,35.6781866,51.3188256,"{'amenity': 'fuel', 'fuel:gasoline': 'yes', 'name': 'پمپ بنزين پايگاه يكم'}"
389,node,9855930475,35.67772,51.3209273,"{'amenity': 'restaurant', 'name': 'como resturant'}"
390,node,9860853111,35.6667624,51.2651491,"{'amenity': 'fast_food', 'name': 'کینگ برگر', 'name:en': 'Burger King', 'phone': '+98 21 66 25 1908; +98 938 375 2253'}"
391,node,9864117759,35.6262537,51.2389668,"{'amenity': 'vending_machine', 'vending': 'parking_tickets'}"
392,node,9864117764,35.6262882,51.2390349,"{'amenity': 'vending_machine', 'vending': 'parking_tickets'}"
393,node,9875702435,35.6656939,51.3474992,"{'amenity': 'school', 'name': 'دبیرستان دخترانه امام مهدی منطقه 17'}"
394,node,9891305917,35.6374116,51.3367161,"{'amenity': 'events_venue', 'name': 'تالار گلهای زندگی'}"
395,node,9904098473,35.6755212,51.2659997,"{'amenity': 'bank', 'brand': 'بانک رفاه', 'brand:en': 'Refah Bank', 'brand:wikidata': 'Q7307083', 'name': 'بانک رفاه', 'name:en': 'Refah Bank'}"
396,node,9907437847,35.6746222,51.2657906,"{'amenity': 'pharmacy', 'dispensing': 'yes', 'healthcare': 'pharmacy', 'name': 'داروخانه'}"
397,node,9922322891,35.6764569,51.2634576,"{'amenity': 'place_of_worship', 'name': 'مسجد', 'religion': 'muslim'}"
398,node,9923844871,35.6747468,51.318142,"{'amenity': 'restaurant', 'name': 'مطبخ عمارت', 'opening_hours': 'Mo-Su 08:00-20:00', 'phone': '+98 912 954 4218'}"
399,node,9993439073,35.6760073,51.3321474,"{'amenity': 'school', 'name': 'مجتمع آموزش عالی شهید فرخی'}"
400,node,9993439080,35.6716654,51.3293229,"{'amenity': 'police', 'name': 'کیوسک پلیس'}"
401,node,9993439106,35.6716301,51.328882,{'amenity': 'toilets'}
402,node,9993452952,35.6731342,51.3389241,{'amenity': 'toilets'}
403,node,10011218402,35.6224561,51.3529209,"{'amenity': 'police', 'name': 'کلانتری ۱۵۵ نعمت آباد'}"
404,node,10046700973,35.6830083,51.3545331,{'amenity': 'toilets'}
405,node,10198853189,35.6608746,51.3394832,"{'addr:street': 'بلوار معلم', 'amenity': 'restaurant', 'name': 'کباب بناب', 'phone': '+982166649026,+982166641452'}"
406,node,10244439942,35.6620616,51.3440694,"{'addr:city': 'تهران', 'addr:housenumber': '1082', 'addr:street': 'عباس کهن', 'amenity': 'restaurant', 'contact:instagram': 'https://www.instagram.com/nardino_food', 'cuisine': 'pizza;burger;sandwich;chicken;kebab;hot_dog;steak_house', 'name': 'رستوران ناردینو', 'name:en': 'Nardino', 'phone': '+982166100110;+982166681118'}"
407,node,10253625780,35.6742674,51.3468924,"{'amenity': 'restaurant', 'name': 'کباب ذغالی مهرآباد', 'phone': '+982166648968'}"
408,node,10253639674,35.6721591,51.347488,"{'amenity': 'atm', 'cash_in': 'no', 'not:brand:wikidata': 'Q2882624', 'operator': 'بانک سپه'}"
409,node,10253647774,35.6768638,51.344424,{'amenity': 'telephone'}
410,node,10253651817,35.6738899,51.3471832,"{'amenity': 'fast_food', 'name': 'فست\u200cفود ماهلین', 'wheelchair': 'no'}"
411,node,10253654279,35.6737892,51.3472447,"{'amenity': 'restaurant', 'name': 'جگرسرای علی بابا', 'wheelchair': 'no'}"
412,node,10264591835,35.673592,51.3466458,"{'amenity': 'car_wash', 'name': 'کارواش مدرن', 'name:en': 'Modern Carwash'}"
413,node,10572267635,35.6750385,51.3143277,"{'amenity': 'parking', 'name': 'پارکینگ ساها'}"
414,node,10578294519,35.6781253,51.3471517,"{'amenity': 'bus_station', 'bench': 'yes', 'name': 'پرستش', 'shelter': 'yes', 'wheelchair': 'yes'}"
415,node,10578306467,35.6780101,51.3453072,"{'amenity': 'place_of_worship', 'name': 'مسجد امام موسی بن جعفر', 'religion': 'muslim'}"
416,node,10586729272,35.6348565,51.3502836,"{'amenity': 'pharmacy', 'name': 'داروخانه دکتر راضیه آخوندی'}"
417,node,10591195648,35.6580961,51.3264942,"{'amenity': 'school', 'name': 'دبستان شهید احمدی روشن'}"
418,node,10608665432,35.6640176,51.3405612,"{'amenity': 'fast_food', 'name': 'پیتزا ساندویچ گلها', 'phone': '+982166630934'}"
419,node,10608740306,35.6641944,51.3398699,"{'amenity': 'restaurant', 'name': 'رستوران آرامش'}"
420,node,10632402540,35.6428587,51.3080313,"{'amenity': 'place_of_worship', 'name': 'مسجد قائم', 'religion': 'muslim'}"
421,node,10632454896,35.6367015,51.3058548,"{'amenity': 'fuel', 'name': 'پمپ بنزین ۲۰۵ آزادگان'}"
422,node,10678538091,35.6569922,51.3523234,"{'addr:street': 'سجاد جنوبی', 'amenity': 'clinic', 'healthcare': 'clinic', 'name': 'خدمات پرستاری ماهور', 'opening_hours': '24/7', 'operator': 'حامد کیا', 'phone': '+98 938 173 8730'}"
423,node,10688939040,35.6762802,51.3053881,"{'amenity': 'restaurant', 'name': 'تهیه غذا برکت'}"
424,node,10689011610,35.6762928,51.3020591,"{'amenity': 'bank', 'brand': 'بانک تجارت', 'brand:wikidata': 'Q7695198', 'name': 'بانک تجارت'}"
425,node,10689011611,35.6763431,51.3010472,"{'amenity': 'bank', 'brand': 'بانک سپه', 'brand:en': 'Bank Sepah', 'brand:wikidata': 'Q2882624', 'name': 'بانک سپه', 'name:en': 'Bank Sepah'}"
426,node,10689049190,35.680377,51.2926966,"{'amenity': 'university', 'name': 'دانشگاه علمی کاربردی خانه کارگر'}"
427,node,10689073220,35.6774466,51.2743823,"{'amenity': 'police', 'name': 'ایستگاه پلیس مهرآباد'}"
428,node,10689073223,35.6777494,51.2738036,"{'amenity': 'police', 'name': 'آماد پشتیبانی کل ناجا'}"
429,node,10690261869,35.6835996,51.3501413,"{'amenity': 'school', 'name': 'مدرسه پویندگان'}"
430,node,10694800825,35.6732382,51.3467729,{'amenity': 'telephone'}
431,node,10698104828,35.6588906,51.2673997,"{'amenity': 'pharmacy', 'healthcare': 'pharmacy', 'name': 'داروخانه دکتر دوستدار'}"
432,node,10698104831,35.667102,51.2662778,"{'amenity': 'school', 'name': 'دبیرستان دکتر حسابی'}"
433,node,10698104851,35.6607606,51.2685284,"{'amenity': 'school', 'name': 'دبستان شاهد قدمی'}"
434,node,10698104854,35.6606658,51.2689256,"{'amenity': 'school', 'name': 'دبیرستان شهدای هفتم تیر'}"
435,node,10698104856,35.6667166,51.2658028,"{'amenity': 'school', 'name': 'هنرستان همت'}"
436,node,10698104858,35.6667042,51.2663505,"{'amenity': 'school', 'name': 'دبیرستان دخترانه باکری'}"
437,node,10698104861,35.6670321,51.2669808,"{'amenity': 'school', 'name': 'مدرسه تربیت'}"
438,node,10698104877,35.6587604,51.2675904,"{'amenity': 'place_of_worship', 'name': 'مسجد حضرت رقیه', 'religion': 'muslim'}"
439,node,10698104878,35.6607835,51.2680334,"{'amenity': 'school', 'name': 'مدرسه سوم شعبان'}"
440,node,10704094032,35.6699185,51.2982999,"{'amenity': 'restaurant', 'name': 'رستوران مهن', 'opening_hours': 'Mo-Su 11:30-22:00', 'phone': '+98 21 6678 1000'}"
441,node,10733416107,35.6673236,51.346052,"{'amenity': 'car_wash', 'name': 'کارواش بخار بوتان'}"
442,node,10741450286,35.6381402,51.3549412,"{'amenity': 'atm', 'name': 'بانک پاسارگاد'}"
443,node,10741481322,35.6440823,51.3522246,"{'amenity': 'bus_station', 'bus': 'yes', 'public_transport': 'station'}"
444,node,10790131174,35.6531569,51.3486902,"{'amenity': 'atm', 'brand': 'بانک گردشگری'}"
445,node,10797473209,35.6626267,51.3408843,"{'amenity': 'atm', 'cash_in': 'no', 'operator': 'بانک آینده', 'wheelchair': 'no'}"
446,node,10797473237,35.6610762,51.3407709,"{'addr:housenumber': '35', 'amenity': 'ice_cream', 'name': 'ایوب', 'outdoor_seating': 'no'}"
447,node,10799022152,35.6607183,51.3315415,{'amenity': 'ice_cream'}
448,node,10799076969,35.6606818,51.3405094,"{'amenity': 'ice_cream', 'name': 'بستنی نعمت یافت آباد'}"
449,node,10799087211,35.6608774,51.3395438,"{'addr:street': 'بلوار معلم', 'amenity': 'pharmacy'}"
450,node,10804665557,35.6608394,51.3392409,"{'addr:housenumber': '69', 'addr:street': 'بلوار معلم', 'amenity': 'bank', 'atm': 'yes', 'branch': 'معلم یافت\u200cآباد تهران', 'brand': 'بانک سپه', 'brand:en': 'Bank Sepah', 'brand:wikidata': 'Q2882624', 'name': 'بانک سپه', 'name:en': 'Bank Sepah', 'ref': '1506670'}"
451,node,10804670808,35.6607594,51.3393231,{'amenity': 'telephone'}
452,node,10804742020,35.6607526,51.3386321,"{'addr:housenumber': '83', 'addr:street': 'بلوار معلم', 'amenity': 'restaurant', 'name': 'کبابی آذربایجان'}"
453,node,10804811802,35.6608915,51.3391039,"{'amenity': 'parking', 'layer': '-1', 'parking': 'underground'}"
454,node,10804811803,35.6607602,51.3391449,"{'amenity': 'parking_entrance', 'entrance': 'garage'}"
455,node,10807997481,35.6625622,51.3398613,"{'amenity': 'language_school', 'female': 'no', 'full_name': 'آموزشگاه آزاد زبان ترمیک پسرانه فراز علم', 'male': 'yes', 'name': 'فراز علم'}"
456,node,10808000413,35.6625648,51.3398841,"{'amenity': 'language_school', 'female': 'yes', 'full_name': 'آموزشگاه آزاد زبان ترمیک دخترانه فراز دانش', 'name': 'فراز دانش'}"
457,node,10813940585,35.6385821,51.3537371,"{'amenity': 'car_wash', 'name': 'کارواش K2'}"
458,node,10813944808,35.656768,51.3463759,"{'amenity': 'bus_station', 'name': 'آموزش و پرورش', 'public_transport': 'platform', 'ref': '6661'}"
459,node,10815722374,35.6669583,51.356222,"{'amenity': 'dentist', 'healthcare': 'dentist', 'name': 'دندانپزشکی نسیم', 'phone': '+982155768460'}"
460,node,10815736262,35.664643,51.3565577,"{'access': 'yes', 'amenity': 'parking', 'level': '-1', 'name': 'پارکینگ عمومی اقبال'}"
461,node,10815765559,35.6695069,51.3553493,{'amenity': 'telephone'}
462,node,10815776135,35.6642447,51.3563969,"{'addr:housenumber': '428', 'amenity': 'place_of_worship', 'name': 'مسجد موسی بن جعفر', 'religion': 'muslim'}"
463,node,10815777397,35.667145,51.356003,"{'amenity': 'pharmacy', 'healthcare': 'pharmacy', 'name': 'داروخانه مرکزی اقبال'}"
464,node,10815785318,35.6660245,51.3563256,"{'amenity': 'atm', 'brand': 'مؤسسه مالی و اعتباری کوثر'}"
465,node,10815792536,35.666144,51.3563137,"{'addr:housenumber': '87', 'amenity': 'fast_food', 'name': 'پیتزا آنا'}"
466,node,10815792537,35.6640879,51.3559501,"{'access': 'yes', 'amenity': 'parking'}"
467,node,10815817505,35.66318,51.3525415,"{'amenity': 'bank', 'atm': 'yes', 'branch': 'بازار مبل یافت\u200cآباد', 'brand': 'بانک شهر', 'brand:en': 'Shahr Bank', 'brand:fa': 'بانک شهر', 'brand:wikidata': 'Q5941033', 'name': 'بانک شهر', 'name:en': 'Shahr Bank', 'name:fa': 'بانک شهر', 'ref': '235', 'wheelchair': 'no'}"
468,node,10822618753,35.6778402,51.3441916,"{'amenity': 'atm', 'cash_in': 'no', 'not:brand:wikidata': 'Q5942230', 'operator': 'بانک دی'}"
469,node,10833767825,35.6356869,51.3508936,"{'amenity': 'ice_cream', 'name': 'بستنی دایی غلام'}"
470,node,10833777477,35.6389949,51.3545213,"{'amenity': 'events_venue', 'name': 'تالار مینیاتور'}"
471,node,10852984054,35.6634655,51.3543481,"{'amenity': 'bank', 'name': 'مؤسسه اعتباری ملل'}"
472,node,10864374223,35.6566859,51.3387162,"{'amenity': 'fast_food', 'name': 'پیتزا پروانه'}"
473,node,10864376808,35.6557092,51.339006,"{'amenity': 'fast_food', 'name': 'پاییزان'}"
474,node,10870080447,35.6532927,51.3358055,"{'amenity': 'pharmacy', 'healthcare': 'pharmacy', 'name': 'داروخانه دکتر فهیمه احمدی', 'phone': '+989039001661', 'source': 'Note 3148384'}"
475,node,10870143637,35.6821848,51.3436711,"{'amenity': 'car_wash', 'automated': 'no', 'name': 'کارواش زیتون', 'self_service': 'no'}"
476,node,10871055155,35.6603899,51.3379033,"{'amenity': 'restaurant', 'name': 'کباب ساطوری بناب آذربایجان'}"
477,node,10871079017,35.6607006,51.3380944,{'amenity': 'waste_basket'}
478,node,10871156469,35.6605053,51.3396937,"{'amenity': 'music_school', 'full_name': 'موسسه موسیقی مهر آوای بلوط', 'name': 'بلوط', 'phone': '+982166245295'}"
479,node,10873719759,35.6739593,51.3471722,"{'amenity': 'car_wash', 'name': 'کارواش ممتاز'}"
480,node,10873730574,35.66703,51.3453359,"{'amenity': 'ice_cream', 'name': 'آبمیوه بستنی کولاک'}"
481,node,10931539721,35.6614556,51.3426924,"{'amenity': 'restaurant', 'name': 'کافه رستوران قائم'}"
482,node,10959729032,35.6603776,51.338054,"{'amenity': 'restaurant', 'level': '-1', 'name': 'رستوران شمس', 'phone': '+982166136064', 'wheelchair': 'no'}"
483,node,11020804296,35.6697923,51.3357643,"{'addr:housenumber': '108', 'addr:street': 'دانشگاه هوایی جنوبی', 'amenity': 'fast_food', 'contact:email': 'yekehtaz1351@gmail.com', 'contact:instagram': 'https://instagram.com/fastfoodafra', 'contact:mobile': '+989121461700;+989197721354;+989352773036', 'contact:phone': '+982166100926;+982166100929;+982166694039', 'name': 'فست فود افرا', 'opening_hours': '11:00-23:30', 'operator': 'محمد یکه\u200cتاز', 'website': 'https://fastfoodafra.ir'}"
484,node,11044337856,35.6605502,51.3397888,"{'amenity': 'fast_food', 'name': 'فست فود پاییز'}"
485,node,11050969708,35.6499946,51.3532048,"{'amenity': 'library', 'name': 'کتابخانه شهید چمران'}"
486,node,11050969716,35.6500749,51.3531105,"{'amenity': 'restaurant', 'cuisine': 'chicken;sandwich;pasta;kebab;falafel', 'name': 'ناهار خوری شهید چمران'}"
487,node,11052831004,35.6628654,51.2608706,"{'amenity': 'driving_school', 'name': 'اموزش رانندگی زوج همکار'}"
488,node,11062782397,35.6504103,51.3363232,"{'amenity': 'cafe', 'name': 'کافه دژاوو'}"
489,node,11063126267,35.6745865,51.3382792,"{'amenity': 'bank', 'atm': 'yes', 'brand': 'بانک سینا', 'brand:en': 'Sina Bank', 'brand:wikidata': 'Q10860246', 'name': 'بانک سینا', 'name:en': 'Sina Bank'}"
490,node,11063209588,35.6744061,51.3383526,"{'amenity': 'pharmacy', 'healthcare': 'pharmacy'}"
491,node,11063212332,35.6745523,51.3396553,"{'amenity': 'pharmacy', 'healthcare': 'pharmacy', 'opening_hours': '24/7'}"
492,node,11064846301,35.6725703,51.2660068,"{'amenity': 'doctors', 'healthcare': 'doctor', 'name': 'مطب دکتر ملک خسروی'}"
493,node,11067696901,35.6657869,51.3366078,"{'amenity': 'drinking_water', 'man_made': 'water_tap'}"
494,node,11067979465,35.6605962,51.3297313,"{'amenity': 'cafe', 'name': 'کافه سفید', 'opening_hours': 'Mo-Su 09:00-23:00'}"
495,node,11073427362,35.6700378,51.3019717,"{'amenity': 'pharmacy', 'healthcare': 'pharmacy', 'name': 'داروخانه شبانه روزی ۱۷ شهریور', 'opening_hours': '24/7'}"
496,node,11073427382,35.6703141,51.2983919,"{'amenity': 'place_of_worship', 'name': 'مسجد حضرت ابوالفضل', 'religion': 'muslim'}"
497,node,11073427384,35.6651068,51.2987769,{'amenity': 'toilets'}
498,node,11073427389,35.6601478,51.2999387,{'amenity': 'toilets'}
499,node,11073427390,35.6659062,51.2974248,"{'amenity': 'place_of_worship', 'name': 'مسجد امام حسین', 'religion': 'muslim'}"
500,node,11073427391,35.6700989,51.3017566,"{'amenity': 'clinic', 'healthcare': 'clinic', 'name': 'درمانگاه رضوان'}"
501,node,11073427394,35.6702658,51.2991807,"{'amenity': 'clinic', 'healthcare': 'clinic', 'name': 'درمانگاه شبانه روزی امام رضا', 'opening_hours': '24/7'}"
502,node,11105061443,35.6567743,51.3411773,{'amenity': 'pharmacy'}
503,node,11118242050,35.67476,51.3297365,"{'amenity': 'atm', 'not:brand:wikidata': 'Q2882608', 'operator': 'بانک صادرات'}"
504,node,11118255519,35.6746983,51.3297261,"{'amenity': 'pharmacy', 'healthcare': 'pharmacy'}"
505,node,11118263725,35.6749976,51.3297389,"{'amenity': 'pharmacy', 'healthcare': 'pharmacy', 'name': 'داروخانه دکتر سجادی', 'phone': '+982166639622'}"
506,node,11164912963,35.6355871,51.3431601,"{'addr:city': 'شهر تهران', 'addr:postcode': '1375673611', 'addr:street': 'مهر', 'alt_name': 'پردیس سینمایی پرده طلایی', 'amenity': 'cinema', 'contact:facebook': 'goldenscreencinemacomplex', 'email': 'goldenscreen.cc@gmail.com', 'name': 'پردیس سینمایی گلدن اسکرین', 'name:en': 'Golden Screen Cinema Complex', 'phone': '+98 21 6631 0025', 'screen': '9'}"
507,node,11176905376,35.6641732,51.3259199,"{'addr:city': 'تهران', 'addr:housenumber': '71', 'addr:postcode': '1371767161', 'addr:street': 'برادران اسماعیلی', 'amenity': 'doctors', 'healthcare': 'doctor', 'healthcare:speciality': 'مطب_دکتر;کلینیک_پوست;کلینیک_لیزر;جوان_سازی_پوست;لیزر_موهای_زائد;تزریق_ژل;بوتاکس;کلینیک_هایفوتراپی;آموزش_هایفوتراپی;سالن_فشیال_پوست_تخصصی;برداشتن_خال', 'image': 'https://s6.uupload.ir/files/a_oj2k.jpg', 'mobile': '+989120701041', 'name': 'مطب پوست و مو و لیزر تیارا', 'opening_hours': '24/7', 'operator': 'رمضانی', 'phone': '+982166657018', 'website': 'https://instagram.com/matab_postomo_leyzer'}"
508,node,11193934981,35.6643739,51.3389303,"{'amenity': 'atm', 'operator': 'بانک رفاه کارگران'}"
509,node,11197561226,35.676025,51.3547189,{'amenity': 'pharmacy'}
510,node,11197707282,35.6667118,51.3386939,"{'amenity': 'bus_station', 'name': 'ایستگاه وحید'}"
511,node,11197716099,35.6712552,51.336242,"{'amenity': 'doctors', 'healthcare': 'doctor', 'healthcare:speciality': 'radiology', 'name': 'رادیولوژی و سونوگرافی سبز'}"
512,node,11197716512,35.6753875,51.3362593,"{'amenity': 'cafe', 'name': 'قهوه مونرو'}"
513,node,11197736898,35.6738838,51.3383506,"{'amenity': 'ice_cream', 'name': 'بستنی، فالوده، ویتامینه حاج صمد'}"
514,node,11197739978,35.6712006,51.337158,"{'amenity': 'school', 'name': 'پیش\u200cدبستانی و دبستان دخترانه هوشمند رایحه علم'}"
515,node,11197774329,35.6711738,51.3368616,"{'amenity': 'fast_food', 'name': 'فلافل میخک', 'phone': '+982166100374;+989379044030'}"
516,node,11197800449,35.6744467,51.3367191,"{'amenity': 'pharmacy', 'name': 'داروخانه شبانه\u200cروزی دکتر ویسی', 'opening_hours': '24/7', 'phone': '+982166696255'}"
517,node,11201671335,35.6581508,51.351392,"{'amenity': 'place_of_worship', 'name': 'مسجد حضرت ابوالفضل العباس', 'religion': 'muslim'}"
518,node,11204370827,35.67201,51.3109592,"{'amenity': 'ice_cream', 'name': 'بستنی نعمت مهرآباد جنوبی'}"
519,node,11290355596,35.660523,51.3313614,{'amenity': 'pharmacy'}
520,node,11290360570,35.6533607,51.3138023,"{'amenity': 'bus_station', 'bench': 'yes', 'name': 'ایستگاه شهرک امام خمینی', 'ref': '6721', 'shelter': 'yes'}"
521,node,11290427482,35.6550187,51.3103765,{'amenity': 'pharmacy'}
522,node,11370948920,35.6416976,51.3509814,"{'access': 'yes', 'amenity': 'toilets', 'changing_table': 'yes', 'toilets:disposal': 'flush', 'unisex': 'yes', 'wheelchair': 'yes'}"
523,node,11471974151,35.676835,51.3363746,"{'amenity': 'restaurant', 'name': 'ferodig ( فرودیگ )'}"
524,node,11521265639,35.6834904,51.356325,"{'addr:city': 'شهر تهران', 'addr:street': 'مالک اشتر', 'amenity': 'restaurant', 'name': 'جگرسرای لقمه لذیذ', 'opening_hours': '09:00-24:00', 'phone': '۰۹۱۲۴۶۷۶۴۵۶'}"
525,node,11569223190,35.6762021,51.3295867,"{'amenity': 'doctors', 'healthcare': 'doctor', 'name': 'پزشکی هسته ای خورشید'}"
526,node,11584686476,35.6702165,51.354982,"{'amenity': 'clinic', 'name': 'درمانگاه منطقه ۱۰ شهرداری تهران'}"
527,node,11597857598,35.6680332,51.3335666,"{'amenity': 'cafe', 'internet_access': 'wlan', 'name': 'Cafebal', 'website': 'https://cafebal.ir/'}"
528,node,11608496758,35.665744,51.3447745,{'amenity': 'fast_food'}
529,node,11608496759,35.6658372,51.3446037,{'amenity': 'fast_food'}
530,node,11608524448,35.6657549,51.3447269,"{'amenity': 'fast_food', 'name': 'امپراطور'}"
531,node,11608565490,35.6659783,51.3448414,"{'amenity': 'toilets', 'fee': 'no'}"
532,node,11608569420,35.6657282,51.3448767,{'amenity': 'fast_food'}
533,node,11608580757,35.6658061,51.3446451,"{'amenity': 'fast_food', 'name': 'دونر سلطان'}"
534,node,11608592856,35.6657974,51.3446719,"{'amenity': 'fast_food', 'name': 'کباب ترکی سید'}"
535,node,11618413485,35.6546921,51.3419513,"{'amenity': 'cafe', 'name': 'کافه آتا'}"
536,node,11634463197,35.6763933,51.3272725,"{'addr:city': 'تهران', 'addr:housenumber': '17', 'addr:street': 'کنارگذر شهید متوسلیان', 'amenity': 'restaurant', 'cuisine': 'pizza;coffee_shop;burger;sandwich;chicken;fish;turkish;hot_dog;dessert;salad;chocolate', 'internet_access': 'yes', 'name': 'رستوران یاران', 'opening_hours': '24/7', 'phone': '+98 21 92003220', 'takeaway': 'yes', 'website': 'https://yaran.co'}"
537,node,11637554698,35.6494254,51.3116815,"{'amenity': 'clinic', 'healthcare': 'clinic', 'name': 'کلینیک زیبایی روما'}"
