,type,id,lat,lon,tags
0,node,1446174794,35.6979659,51.2678297,{'amenity': 'parking'}
1,node,1446174803,35.6998697,51.2517526,{'amenity': 'kindergarten'}
2,node,1999593352,35.7227432,51.2875393,{'amenity': 'fountain'}
3,node,3005495980,35.6934748,51.2487424,"{'amenity': 'place_of_worship', 'building': 'mosque', 'name': 'مسجد رسول اکرم تهرانسر', 'religion': 'muslim'}"
4,node,3075296844,35.6898085,51.2414087,"{'amenity': 'police', 'name': 'راهنمایی رانندگی تهرانسر'}"
5,node,3076662280,35.7020609,51.2575928,"{'amenity': 'place_of_worship', 'name': 'مسجد المهدی', 'religion': 'muslim'}"
6,node,3226116954,35.6934007,51.2492024,"{'amenity': 'bank', 'atm': 'yes', 'brand': 'بانک ملی', 'brand:en': 'Bank Melli Iran', 'brand:wikidata': 'Q806640', 'brand:wikipedia': 'en:Bank Melli Iran', 'name': 'بانک ملی', 'name:en': 'Bank Melli Iran'}"
7,node,3226116955,35.6914053,51.2484889,"{'amenity': 'restaurant', 'cuisine': 'kebab', 'name': 'تهیه غذای ولیعصر'}"
8,node,3399738588,35.6979536,51.2654687,"{'amenity': 'pharmacy', 'healthcare': 'pharmacy', 'name': 'فارماسیتی', 'name:en': 'Farmacity'}"
9,node,3399738589,35.6984067,51.2630011,"{'amenity': 'pharmacy', 'healthcare': 'pharmacy', 'name': 'داروخانه شبانه روزی دکتر قهرمانی', 'name:en': 'Dr Qahremani Pharmacy'}"
10,node,3399752611,35.6971463,51.2666663,"{'amenity': 'pharmacy', 'healthcare': 'pharmacy', 'name': 'داروخانه شبانه روزی', 'opening_hours': '24/7'}"
11,node,3399752612,35.6998252,51.2551654,"{'amenity': 'bank', 'brand': 'بانک سپه', 'brand:en': 'Bank Sepah', 'brand:wikidata': 'Q2882624', 'brand:wikipedia': 'en:Bank Sepah', 'name': 'بانک سپه', 'name:en': 'Bank Sepah'}"
12,node,3399752613,35.6990072,51.2548171,"{'amenity': 'bank', 'brand': 'بانک ملی', 'brand:en': 'Bank Melli Iran', 'brand:wikidata': 'Q806640', 'brand:wikipedia': 'en:Bank Melli Iran', 'name': 'بانک ملی', 'name:en': 'Bank Melli Iran'}"
13,node,3399752614,35.6983997,51.254687,"{'amenity': 'bank', 'brand': 'بانک سامان', 'brand:en': 'Saman Bank', 'brand:wikidata': 'Q4117676', 'brand:wikipedia': 'en:Saman Bank', 'name': 'بانک سامان', 'name:en': 'Saman Bank'}"
14,node,3399752616,35.7010277,51.2551586,"{'amenity': 'bank', 'brand': 'بانک پارسیان', 'brand:en': 'Parsian Bank', 'brand:wikidata': 'Q2410404', 'brand:wikipedia': 'en:Parsian Bank', 'name': 'بانک پارسیان', 'name:en': 'Parsian Bank'}"
15,node,3399752617,35.7007504,51.2555326,"{'amenity': 'bank', 'brand': 'بانک پاسارگاد', 'brand:en': 'Bank Pasargad', 'brand:wikidata': 'Q4855962', 'brand:wikipedia': 'en:Bank Pasargad', 'name': 'بانک پاسارگاد', 'name:en': 'Bank Pasargad'}"
16,node,3399754500,35.6979903,51.265306,"{'amenity': 'bank', 'brand': 'بانک ملی', 'brand:en': 'Bank Melli Iran', 'brand:wikidata': 'Q806640', 'brand:wikipedia': 'en:Bank Melli Iran', 'name': 'بانک ملی', 'name:en': 'Bank Melli Iran'}"
17,node,3774813991,35.7416039,51.2629574,"{'amenity': 'school', 'name': 'مدنی', 'name:en': 'Madani'}"
18,node,3774813992,35.7416823,51.2622869,"{'amenity': 'school', 'name': 'دستغیب', 'name:en': 'Dast ghaeib'}"
19,node,3805711589,35.7285491,51.1264832,"{'amenity': 'bank', 'brand': 'بانک صادرات', 'brand:en': 'Bank Saderat Iran', 'brand:wikidata': 'Q2882608', 'brand:wikipedia': 'en:Bank Saderat Iran', 'name': 'بانک صادرات', 'name:en': 'Bank Saderat Iran'}"
20,node,3805711607,35.7038788,51.1277834,"{'amenity': 'police', 'name': 'کلانتری ۱۳ ابریشم'}"
21,node,3805714703,35.7197941,51.178861,"{'amenity': 'bank', 'brand': 'بانک تجارت', 'brand:wikidata': 'Q7695198', 'brand:wikipedia': 'en:Tejarat Bank', 'name': 'بانک تجارت'}"
22,node,3805716710,35.7191259,51.1902606,"{'amenity': 'bank', 'atm': 'yes', 'brand': 'بانک ملی', 'brand:en': 'Bank Melli Iran', 'brand:wikidata': 'Q806640', 'brand:wikipedia': 'en:Bank Melli Iran', 'name': 'بانک ملی', 'name:en': 'Bank Melli Iran'}"
23,node,3805717216,35.7186536,51.1238083,"{'amenity': 'bank', 'name': 'بانک قرض الحسنه رسالت'}"
24,node,3805717332,35.7188103,51.1239463,"{'amenity': 'bank', 'brand': 'بانک سامان', 'brand:en': 'Saman Bank', 'brand:wikidata': 'Q4117676', 'brand:wikipedia': 'en:Saman Bank', 'name': 'بانک سامان', 'name:en': 'Saman Bank'}"
25,node,4123993392,35.6900337,51.2539852,{'amenity': 'toilets'}
26,node,4124098811,35.7201831,51.2204644,"{'amenity': 'toilets', 'name': 'دستشویی عمومی'}"
27,node,4124268398,35.7234673,51.222379,"{'amenity': 'toilets', 'name': 'دستشویی عمومی'}"
28,node,4131050411,35.7080782,51.2823893,{'amenity': 'atm'}
29,node,4131187116,35.7438333,51.2638591,"{'addr:street': 'دهکده المپیک', 'amenity': 'pharmacy', 'healthcare': 'pharmacy', 'name': 'داروخانه شبانه روزی', 'opening_hours': '24/7'}"
30,node,4131221934,35.7387469,51.2835498,"{'addr:street': 'بلوار تعاون', 'amenity': 'bank', 'atm': 'yes', 'brand': 'بانک مسکن', 'brand:en': 'Bank Maskan', 'brand:wikidata': 'Q4855942', 'name': 'بانک مسکن', 'name:en': 'Bank Maskan', 'opening_hours': 'Sa-We 07:30-15:00; Th 07:30-13:00'}"
31,node,4131222225,35.7296862,51.2600198,{'amenity': 'atm'}
32,node,4131222226,35.741394,51.2761062,"{'addr:street': 'اندیشه شمالی', 'amenity': 'restaurant', 'name': 'کبابی المهدی', 'name:en': 'Almahdi Kebabs'}"
33,node,4131222402,35.7378871,51.2859707,"{'addr:street': 'بلوار تعاون', 'amenity': 'clinic', 'healthcare': 'clinic', 'opening_hours': '24/7'}"
34,node,4131249590,35.7072361,51.2833856,{'amenity': 'atm'}
35,node,4131310389,35.7302778,51.2597566,{'amenity': 'atm'}
36,node,4131310489,35.7069521,51.2833601,{'amenity': 'atm'}
37,node,4280847696,35.7379203,51.1614476,"{'amenity': 'place_of_worship', 'religion': 'muslim'}"
38,node,4299950889,35.7182643,51.1953377,"{'amenity': 'bank', 'brand': 'بانک پارسیان', 'brand:en': 'Parsian Bank', 'brand:wikidata': 'Q2410404', 'brand:wikipedia': 'en:Parsian Bank', 'name': 'بانک پارسیان', 'name:en': 'Parsian Bank'}"
39,node,4317847890,35.7433536,51.1694798,"{'amenity': 'bank', 'atm': 'yes', 'brand': 'بانک تجارت', 'brand:wikidata': 'Q7695198', 'brand:wikipedia': 'en:Tejarat Bank', 'name': 'بانک تجارت', 'name:en': 'Tejarat Bank'}"
40,node,4336557793,35.6868729,51.2634354,"{'amenity': 'car_wash', 'name': 'هودین و هورام', 'name:en': 'Hudin & huram'}"
41,node,4347970356,35.7359107,51.2623769,"{'addr:city': 'تهران', 'addr:street': 'خروجی بلوارسجاد', 'amenity': 'car_wash', 'name': 'تعمیرگاه حسین باتری ساز', 'name:en': 'Hoseyn BatriSaz'}"
42,node,4370554189,35.6964081,51.2584328,"{'amenity': 'restaurant', 'name': 'رستوران سنبل'}"
43,node,4406745279,35.7246267,51.2381762,"{'amenity': 'bicycle_rental', 'name': 'ایستگاه کرایه دوچرخه'}"
44,node,4406745301,35.725698,51.2376585,"{'amenity': 'toilets', 'name': 'سرویس بهداشتی'}"
45,node,4406745302,35.72582,51.2373474,"{'amenity': 'bicycle_rental', 'name': 'ایستگاه کرایه دوچرخه'}"
46,node,4406745303,35.7261096,51.2369343,"{'amenity': 'bicycle_rental', 'name': 'ایستگاه کرایه دوچرخه'}"
47,node,4419592989,35.6999951,51.2679473,"{'addr:street': 'بلوار گلها', 'amenity': 'car_wash'}"
48,node,4419595089,35.6969084,51.2642282,"{'amenity': 'pharmacy', 'healthcare': 'pharmacy'}"
49,node,4427470092,35.6979956,51.2653961,"{'addr:housenumber': '0098-2144517405', 'addr:street': 'بلوار لاله', 'amenity': 'fast_food', 'internet_access': 'wlan', 'name': 'فست فود لاکی', 'name:en': 'Luky Fast Food', 'opening_hours': '24/7'}"
50,node,4465953390,35.6927136,51.2536735,"{'amenity': 'bank', 'brand': 'بانک قرض الحسنه مهر ایران', 'brand:en': 'Qarz Al-Hasaneh Mehr Iran Bank', 'brand:fa': 'بانک قرض الحسنه مهر ایران', 'brand:wikidata': 'Q18327813', 'name': 'بانک قرض الحسنه مهر ایران', 'name:en': 'Qarz Al-Hasaneh Mehr Iran Bank', 'name:fa': 'بانک قرض الحسنه مهر ایران', 'short_name': 'QMB', 'website': 'https://www.qmb.ir/'}"
51,node,4475317050,35.7398267,51.2232493,"{'amenity': 'toilets', 'name': 'سرویس بهداشتی'}"
52,node,4475672804,35.7141769,51.1817594,"{'amenity': 'place_of_worship', 'denomination': 'shia', 'name': 'امام حسن مجتبی', 'religion': 'muslim'}"
53,node,4479407982,35.7014534,51.1860907,"{'amenity': 'university', 'name': 'دانشگاه علمی کاربردی ایران خودرو'}"
54,node,4487842146,35.6926214,51.1980189,"{'amenity': 'place_of_worship', 'religion': 'muslim'}"
55,node,4508774113,35.7209902,51.1846934,"{'amenity': 'bank', 'brand': 'بانک ملت', 'brand:en': 'Bank Mellat', 'brand:wikidata': 'Q4855944', 'brand:wikipedia': 'en:Bank Mellat', 'name': 'بانک ملت', 'name:en': 'Bank Mellat'}"
56,node,4508774114,35.7208203,51.1850583,"{'amenity': 'bank', 'name': 'موسسه مالی مهر'}"
57,node,4528912388,35.6954878,51.2555092,"{'amenity': 'fast_food', 'name': 'پیتزا سانتی', 'name:en': 'Pizza Santi'}"
58,node,4543898337,35.7258964,51.1962816,"{'amenity': 'taxi', 'name': 'ایستگاه تاکسی مترو ایران خودرو'}"
59,node,4556903576,35.7447514,51.1688374,"{'amenity': 'library', 'name': 'کتابخانه تخصصی پلیمر'}"
60,node,4580988405,35.7439036,51.1697673,"{'amenity': 'car_rental', 'name': 'آژانس پژوهشگاه', 'phone': '+98 21 4419 6338, +98 21 4866 2204'}"
61,node,4677899955,35.7306682,51.2479659,"{'amenity': 'restaurant', 'name': 'رستوران شهرزاد'}"
62,node,4677899956,35.730259,51.2477829,"{'amenity': 'restaurant', 'name': 'رستوران هزار دستان', 'name:en': 'Hezar dastan restaurant'}"
63,node,4677899957,35.7296046,51.2479961,"{'amenity': 'bank', 'brand': 'بانک ملی', 'brand:en': 'Bank Melli Iran', 'brand:wikidata': 'Q806640', 'name': 'بانک ملی', 'name:en': 'Bank Melli Iran'}"
64,node,4713123125,35.7371783,51.1334359,{'amenity': 'post_box'}
65,node,4713123126,35.7372753,51.1334832,{'amenity': 'atm'}
66,node,4713123131,35.7372369,51.1339636,{'amenity': 'atm'}
67,node,4713123136,35.7388583,51.1342106,"{'amenity': 'pharmacy', 'healthcare': 'pharmacy'}"
68,node,4713123160,35.7442849,51.1393152,{'amenity': 'car_wash'}
69,node,4728231990,35.6914941,51.2486398,"{'amenity': 'atm', 'operator': 'اقتصاد نوین'}"
70,node,4728290889,35.6919399,51.2487667,"{'amenity': 'atm', 'opening_hours': '24/7', 'operator': 'بانک شهر'}"
71,node,4728291089,35.6916927,51.2487363,"{'amenity': 'atm', 'operator': 'سامان'}"
72,node,4730459026,35.7455624,51.2473685,"{'addr:street': 'سی وپنج متری گلها', 'amenity': 'bus_station', 'bus': 'yes', 'name': 'مجتمع نیلوفر بوستان ناز', 'public_transport': 'station'}"
73,node,4755493321,35.7077905,51.1986947,"{'amenity': 'atm', 'operator': 'عابربانک'}"
74,node,4755493322,35.715656,51.2066394,"{'amenity': 'pharmacy', 'healthcare': 'pharmacy', 'name': 'داروخانه راضیه', 'opening_hours': 'Sa-Th 10:00-23:00', 'phone': '+98 21 4490 7737'}"
75,node,4769354833,35.7260849,51.2460854,"{'amenity': 'pharmacy', 'healthcare': 'pharmacy', 'name': 'داروخانه'}"
76,node,4781275024,35.7233299,51.1110632,"{'amenity': 'restaurant', 'name': 'آشپزخانه دایی'}"
77,node,4781275025,35.7238736,51.1117499,"{'amenity': 'clinic', 'healthcare': 'clinic', 'name': 'درمانگاه لادن'}"
78,node,4781295425,35.7138961,51.1132052,"{'amenity': 'atm', 'not:brand:wikidata': 'Q5941033', 'operator': 'بانک شهر'}"
79,node,4781295523,35.7015751,51.1151003,"{'amenity': 'car_wash', 'name': 'کارواش'}"
80,node,4781300521,35.7087029,51.1179353,"{'amenity': 'school', 'name': 'دبیرستان خوارزمی'}"
81,node,4782057623,35.7006616,51.240098,{'amenity': 'post_office'}
82,node,4786754622,35.7311183,51.2745989,{'amenity': 'parking'}
83,node,4789460329,35.7139361,51.2222828,"{'addr:housenumber': '2', 'addr:street': 'بزرگراه لشگری', 'amenity': 'school', 'email': 'abmi@abmi.ir', 'name': 'موسسه اندیشه برتر میران - هنرستان پلاستیک', 'name:en': 'Andisheh Bartar Miran Institute', 'opening_hours': 'Sa-We 08:30-17:30; Th 08:30-13:30', 'operator': 'علیرضا میربلوک', 'phone': '+98 21 4458 2391', 'website': 'https://abmi.ir/'}"
84,node,4791678322,35.6772307,51.2326628,{'amenity': 'cafe'}
85,node,4795422288,35.7094385,51.1852075,{'amenity': 'atm'}
86,node,4795422289,35.7082889,51.1848925,{'amenity': 'atm'}
87,node,4808212121,35.7202555,51.1956556,{'amenity': 'police'}
88,node,4811347469,35.6772887,51.2665721,{'amenity': 'taxi'}
89,node,4860204464,35.7231219,51.2185127,"{'amenity': 'toilets', 'name': 'سرویس بهداشتی میدان چیتگر'}"
90,node,4870004234,35.7212348,51.1787245,"{'amenity': 'bank', 'brand': 'بانک تجارت', 'brand:wikidata': 'Q7695198', 'brand:wikipedia': 'en:Tejarat Bank', 'name': 'بانک تجارت', 'name:en': 'Tejarat Bank'}"
91,node,4935159806,35.7390614,51.1823635,{'amenity': 'toilets'}
92,node,4964071625,35.6948077,51.246519,"{'amenity': 'fire_station', 'name': 'ایستگاه ۱۰۴ آتش \u200cنشانی تهرانسر'}"
93,node,4969795121,35.6964995,51.2522817,{'amenity': 'waste_disposal'}
94,node,4969795122,35.6965605,51.2517193,{'amenity': 'waste_disposal'}
95,node,4969795123,35.697096,51.2500585,{'amenity': 'waste_disposal'}
96,node,4969795128,35.6995984,51.2568851,{'amenity': 'fast_food'}
97,node,4969795321,35.6966253,51.2515632,{'amenity': 'waste_disposal'}
98,node,4969795322,35.6973022,51.2495309,{'amenity': 'waste_disposal'}
99,node,4969795325,35.6929297,51.253407,{'amenity': 'atm'}
100,node,4969795326,35.6931997,51.2534616,{'amenity': 'atm'}
101,node,4969795421,35.6968246,51.2505345,{'amenity': 'waste_disposal'}
102,node,4969795424,35.6965188,51.2485522,{'amenity': 'drinking_water'}
103,node,4969795425,35.6988544,51.2603028,{'amenity': 'waste_disposal'}
104,node,4969795723,35.6948439,51.2543476,{'amenity': 'waste_disposal'}
105,node,4969795724,35.6965021,51.2542539,{'amenity': 'waste_disposal'}
106,node,4969795725,35.696774,51.2505337,{'amenity': 'waste_disposal'}
107,node,4969795726,35.6966597,51.2480118,{'amenity': 'toilets'}
108,node,4969795731,35.6859863,51.2392779,{'amenity': 'atm'}
109,node,4969797721,35.6995034,51.2548911,{'amenity': 'atm'}
110,node,4970240065,35.6998804,51.2555479,{'amenity': 'taxi'}
111,node,4970240077,35.6961568,51.2480171,{'amenity': 'fountain'}
112,node,4970240105,35.6866206,51.237521,{'amenity': 'fountain'}
113,node,4971432224,35.6991578,51.2603137,{'amenity': 'waste_disposal'}
114,node,4971432225,35.7021275,51.2562743,{'amenity': 'waste_disposal'}
115,node,4971432323,35.7016283,51.2555912,{'amenity': 'waste_disposal'}
116,node,4971432324,35.700185,51.2548961,{'amenity': 'waste_disposal'}
117,node,4971432325,35.6986504,51.2543821,{'amenity': 'waste_disposal'}
118,node,4971432326,35.696365,51.2540529,{'amenity': 'waste_disposal'}
119,node,4971432327,35.6964508,51.2529004,{'amenity': 'waste_disposal'}
120,node,4971472023,35.7088641,51.2727212,{'amenity': 'atm'}
121,node,4971472223,35.7087488,51.273372,{'amenity': 'atm'}
122,node,4972946597,35.7076629,51.2820574,"{'amenity': 'restaurant', 'name': 'تالار کلاسیک غرب'}"
123,node,4972946721,35.6994817,51.2545889,{'amenity': 'atm'}
124,node,4972946722,35.6966443,51.2540612,{'amenity': 'atm'}
125,node,4984398225,35.7014616,51.2555121,{'amenity': 'atm'}
126,node,4991913941,35.7143304,51.1133964,"{'amenity': 'atm', 'not:brand:wikidata': 'Q5941033', 'opening_hours': '24/7', 'operator': 'بانک شهر'}"
127,node,4999495321,35.7022252,51.1819903,{'amenity': 'atm'}
128,node,5018708439,35.7187952,51.2669177,"{'amenity': 'fire_station', 'name': 'ایستگاه ۲۰ آتش نشانی', 'phone': '+98 21 4473 9141', 'website': 'http://www.125.ir'}"
129,node,5035494647,35.6885831,51.2190544,"{'addr:street': 'بزرگراه باغستان', 'amenity': 'bank', 'atm': 'yes', 'brand': 'بانک سپه', 'brand:en': 'Bank Sepah', 'brand:wikidata': 'Q2882624', 'level': '0', 'name': 'بانک سپه', 'name:en': 'Bank Sepah'}"
130,node,5035511021,35.6771158,51.2368076,"{'amenity': 'restaurant', 'level': '0', 'name': 'رستوران مهماندار'}"
131,node,5073656157,35.6875873,51.1102953,"{'amenity': 'fuel', 'name': 'جایگاه CNG'}"
132,node,5077332133,35.7281821,51.2902973,"{'amenity': 'pharmacy', 'dispensing': 'yes', 'drive_through': 'yes', 'healthcare': 'pharmacy', 'name': 'داروخانه شبانه روزی دکتر نیازاده', 'opening_hours': '24/7'}"
133,node,5079551577,35.7281182,51.2903663,"{'amenity': 'fast_food', 'cuisine': 'کباب_ترکی'}"
134,node,5088457498,35.7294928,51.2895339,"{'amenity': 'atm', 'currency:IRR': 'yes', 'drive_through': 'no', 'operator': 'بانک سامان'}"
135,node,5088457499,35.7295138,51.289515,"{'amenity': 'atm', 'currency:IRR': 'yes', 'currency:ریال': 'yes', 'drive_through': 'no', 'operator': 'بانک پاسارگاد'}"
136,node,5112506774,35.7263107,51.1956172,"{'amenity': 'bus_station', 'bus': 'yes', 'name': 'پایانه مترو ایران خودرو', 'public_transport': 'station'}"
137,node,5112520708,35.7452201,51.1513421,"{'amenity': 'taxi', 'name': 'ایستگاه تاکسی مترو وردآورد'}"
138,node,5112936796,35.7174449,51.2446462,"{'amenity': 'taxi', 'name': 'ایستگاه تاکسی تراموا چیتگر'}"
139,node,5113264705,35.7240507,51.231234,"{'amenity': 'restaurant', 'name': 'رستوران کافی شاپ شب های گلستان'}"
140,node,5120468889,35.7330299,51.1893743,"{'amenity': 'place_of_worship', 'name': 'مسجد خاتم الانبیا', 'religion': 'muslim'}"
141,node,5120483718,35.7295528,51.1835614,"{'amenity': 'bus_station', 'bus': 'yes', 'name': 'پایانه شهرک شهرداری', 'name:en': 'Shahrdari Town Terminal', 'public_transport': 'station'}"
142,node,5120620262,35.7378359,51.1227966,"{'amenity': 'bus_station', 'bus': 'yes', 'name': 'ایستگاه اتوبوس امام حسین', 'public_transport': 'station'}"
143,node,5152803330,35.722504,51.1765225,"{'amenity': 'bank', 'brand': 'بانک پارسیان', 'brand:en': 'Parsian Bank', 'brand:wikidata': 'Q2410404', 'brand:wikipedia': 'en:Parsian Bank', 'name': 'بانک پارسیان', 'name:en': 'Parsian Bank'}"
144,node,5156307938,35.7121432,51.2258908,"{'addr:street': 'بزرگراه لشگری', 'amenity': 'fuel', 'name': 'جایگاه CNG', 'name:en': 'CNG', 'name:fa': 'جایگاه پمپ گاز', 'surface': 'concrete'}"
145,node,5156308021,35.7249644,51.2450443,{'amenity': 'atm'}
146,node,5164058522,35.7196414,51.1076591,{'amenity': 'atm'}
147,node,5165098122,35.7394013,51.1807945,{'amenity': 'toilets'}
148,node,5168666921,35.7247269,51.245241,"{'amenity': 'bus_station', 'bus': 'yes', 'name': 'ایستگاه ناحیه دو شهرداری', 'public_transport': 'station'}"
149,node,5168666922,35.7245777,51.2448455,"{'amenity': 'bus_station', 'bus': 'yes', 'name': 'ناحیه دو شهرداری', 'public_transport': 'station'}"
150,node,5181177021,35.7368203,51.1493784,"{'amenity': 'atm', 'name': 'خودپرداز ملی', 'name:en': 'Meli Atm', 'operator': 'ملی'}"
151,node,5202039923,35.6961605,51.1586713,"{'amenity': 'veterinary', 'name': 'دام اصیل', 'name:en': 'damasil (dairy farm)', 'source:name': 'map.ir'}"
152,node,5202573523,35.6986424,51.2660749,"{'amenity': 'driving_school', 'name': 'آموزشگاه رانندگی'}"
153,node,5202573524,35.700574,51.2563267,{'amenity': 'atm'}
154,node,5202575321,35.6984455,51.2660242,{'amenity': 'atm'}
155,node,5202575322,35.7023188,51.2556845,{'amenity': 'atm'}
156,node,5202575323,35.6996459,51.2546742,"{'amenity': 'pharmacy', 'healthcare': 'pharmacy', 'name': 'داروخانه دکتر زارعی', 'name:en': ""Dr. Zare'i Pharmacy""}"
157,node,5207403335,35.6970282,51.2454,"{'amenity': 'fuel', 'name': 'جایگاه شهرک استقلال', 'surface': 'concrete'}"
158,node,5213467427,35.7008553,51.2884298,{'amenity': 'car_wash'}
159,node,5213468221,35.6980608,51.2649499,{'amenity': 'atm'}
160,node,5220251221,35.7300905,51.285006,"{'amenity': 'atm', 'not:brand:wikidata': 'Q7424291', 'operator': 'بانک سرمایه'}"
161,node,5224986692,35.7274468,51.2862766,"{'amenity': 'car_wash', 'name': 'کارواش استقلال'}"
162,node,5234937894,35.7401065,51.2796632,"{'amenity': 'place_of_worship', 'name': 'مسجد صاحب الزمان', 'religion': 'muslim'}"
163,node,5247267822,35.6961981,51.2542615,{'amenity': 'school'}
164,node,5257727721,35.7448144,51.2666633,{'amenity': 'toilets'}
165,node,5257743421,35.7448552,51.2678746,{'amenity': 'toilets'}
166,node,5257743422,35.7436245,51.268117,{'amenity': 'drinking_water'}
167,node,5262456069,35.6778129,51.2632829,"{'amenity': 'bank', 'atm': 'yes', 'brand': 'بانک ملی', 'brand:en': 'Bank Melli Iran', 'brand:wikidata': 'Q806640', 'brand:wikipedia': 'en:Bank Melli Iran', 'name': 'بانک ملی', 'name:en': 'Bank Melli Iran'}"
168,node,5275050223,35.6814602,51.2846802,{'amenity': 'atm'}
169,node,5278944905,35.7158924,51.2071239,"{'amenity': 'clinic', 'healthcare': 'clinic', 'name': 'درمانگاه شهرک دانشگاه', 'name:en': ""Daneshgah Town's Clinic""}"
170,node,5282273821,35.700974,51.2554799,{'amenity': 'waste_disposal'}
171,node,5282274721,35.7016153,51.2558111,{'amenity': 'post_box'}
172,node,5282274722,35.6992636,51.2545874,{'amenity': 'waste_disposal'}
173,node,5282274723,35.6988294,51.254467,{'amenity': 'waste_disposal'}
174,node,5298789323,35.7001373,51.2554678,{'amenity': 'waste_disposal'}
175,node,5298803222,35.6984967,51.2660552,{'amenity': 'post_box'}
176,node,5298803321,35.6997077,51.2581701,{'amenity': 'waste_disposal'}
177,node,5298803322,35.7004817,51.2552354,{'amenity': 'waste_basket'}
178,node,5316660376,35.7300785,51.2854109,"{'amenity': 'school', 'name': 'پیش دبستات و دبستان دخترانه صدرا'}"
179,node,5328002117,35.6874721,51.237934,"{'amenity': 'toilets', 'unisex': 'yes'}"
180,node,5341049822,35.6996452,51.256663,{'amenity': 'atm'}
181,node,5341049823,35.6996551,51.256632,{'amenity': 'atm'}
182,node,5352265221,35.6808013,51.2078731,{'amenity': 'bicycle_parking'}
183,node,5382294021,35.6933197,51.2489555,{'amenity': 'toilets'}
184,node,5464912439,35.6925112,51.2547626,"{'amenity': 'bank', 'brand': 'بانک مسکن', 'brand:en': 'Bank Maskan', 'brand:wikidata': 'Q4855942', 'brand:wikipedia': 'en:Bank Maskan', 'name': 'بانک مسکن', 'name:en': 'Bank Maskan'}"
185,node,5464912440,35.6982548,51.2545478,"{'amenity': 'bank', 'brand': 'بانک سپه', 'brand:en': 'Bank Sepah', 'brand:wikidata': 'Q2882624', 'name': 'بانک سپه', 'name:en': 'Bank Sepah'}"
186,node,5501173429,35.7378685,51.1731505,"{'amenity': 'cafe', 'name': 'کافه', 'name:en': ""Botanical Museum's Cafe""}"
187,node,5515667255,35.7095868,51.1826653,"{'amenity': 'publisher', 'name': 'چاپ ماد رول'}"
188,node,5586569223,35.7081163,51.1684386,"{'addr:street': 'بزرگراه فتح', 'amenity': 'atm', 'brand': 'بانک رفاه', 'brand:en': 'Refah Bank', 'brand:wikidata': 'Q7307083', 'brand:wikipedia': 'en:Refah Bank', 'name': 'بانک رفاه', 'name:en': 'Refah Bank', 'operator': 'بانک رفاه', 'operator:wikidata': 'Q7307083', 'operator:wikipedia': 'en:Refah Bank'}"
189,node,5586626175,35.7376832,51.1285828,"{'addr:street': 'امام حسین', 'amenity': 'atm', 'operator': 'بانک شهر'}"
190,node,5586650921,35.738389,51.1288594,"{'addr:street': 'ولیعصر', 'amenity': 'atm', 'operator': 'بانک رفاه کارگران'}"
191,node,5599021895,35.6779317,51.2668171,{'amenity': 'taxi'}
192,node,5599021920,35.6767737,51.2906746,"{'amenity': 'fuel', 'name': 'جایگاه بنزین ۱۶۵'}"
193,node,5599021955,35.6928679,51.2548658,{'amenity': 'taxi'}
194,node,5605025432,35.6805769,51.2592843,"{'amenity': 'bus_station', 'bus': 'yes', 'public_transport': 'station'}"
195,node,5685094623,35.7319486,51.2016192,"{'amenity': 'restaurant', 'name': 'رستوران سنتی باراد'}"
196,node,5709167022,35.6799508,51.1692084,"{'amenity': 'atm', 'operator': 'عابر بانک'}"
197,node,5747602522,35.6927019,51.2648864,"{'amenity': 'bank', 'brand': 'بانک سپه', 'brand:en': 'Bank Sepah', 'brand:wikidata': 'Q2882624', 'brand:wikipedia': 'en:Bank Sepah', 'name': 'بانک سپه', 'name:en': 'Bank Sepah'}"
198,node,5747641622,35.7335294,51.2582043,"{'amenity': 'car_wash', 'name': 'کارواش آزادی'}"
199,node,5747641821,35.7104783,51.2650853,"{'amenity': 'bank', 'atm': 'yes', 'brand': 'بانک سپه', 'brand:en': 'Bank Sepah', 'brand:wikidata': 'Q2882624', 'name': 'بانک سپه', 'name:en': 'Bank Sepah'}"
200,node,5747641822,35.7056442,51.2659682,"{'amenity': 'bank', 'brand': 'بانک ملی', 'brand:en': 'Bank Melli Iran', 'brand:wikidata': 'Q806640', 'brand:wikipedia': 'en:Bank Melli Iran', 'name': 'بانک ملی', 'name:en': 'Bank Melli Iran'}"
201,node,5747850686,35.7227534,51.2604746,"{'amenity': 'fuel', 'fuel:gasoline': 'yes', 'name': 'جایگاه سوخت صدرا'}"
202,node,5748659460,35.7029124,51.2813124,"{'amenity': 'bank', 'atm': 'yes', 'name': 'بانک تجارت'}"
203,node,5763760126,35.700867,51.2054808,"{'amenity': 'university', 'name': 'مجتمع علوم و فنون هوا فضا سپاه'}"
204,node,5763760134,35.7003906,51.2046223,"{'amenity': 'bank', 'atm': 'yes', 'brand': 'بانک انصار', 'brand:en': 'Ansar Bank', 'brand:fa': 'بانک انصار', 'brand:wikidata': 'Q5862675', 'name': 'بانک انصار', 'name:en': 'Ansar Bank', 'name:fa': 'بانک انصار'}"
205,node,5763760139,35.7022943,51.2055184,"{'amenity': 'bank', 'atm': 'yes', 'brand': 'بانک سپه', 'brand:en': 'Bank Sepah', 'brand:wikidata': 'Q2882624', 'name': 'بانک سپه', 'name:en': 'Bank Sepah'}"
206,node,5768274998,35.7171433,51.2855601,"{'amenity': 'taxi', 'name': 'تک تاکسی'}"
207,node,5768275000,35.7177097,51.285577,"{'amenity': 'fuel', 'name': 'پمپ بنزین ورزشگاه آزادی'}"
208,node,5768275001,35.7173624,51.285563,"{'amenity': 'fuel', 'name': 'جایگاه CNG'}"
209,node,5775244355,35.7128729,51.1190813,"{'amenity': 'bank', 'brand': 'بانک پاسارگاد', 'brand:en': 'Bank Pasargad', 'brand:wikidata': 'Q4855962', 'brand:wikipedia': 'en:Bank Pasargad', 'name': 'بانک پاسارگاد', 'name:en': 'Bank Pasargad'}"
210,node,5775251857,35.715306,51.119714,"{'amenity': 'pharmacy', 'dispensing': 'yes', 'healthcare': 'pharmacy', 'name': 'داروخانه دکتر کرمی'}"
211,node,5775251859,35.7099995,51.1170482,"{'amenity': 'bank', 'atm': 'yes', 'brand': 'بانک انصار', 'brand:en': 'Ansar Bank', 'brand:fa': 'بانک انصار', 'brand:wikidata': 'Q5862675', 'brand:wikipedia': 'fa:بانک انصار', 'name': 'بانک انصار', 'name:en': 'Ansar Bank', 'name:fa': 'بانک انصار'}"
212,node,5775251860,35.7038943,51.1156756,"{'amenity': 'police', 'name': 'پلیس آگاهی شهر قدس'}"
213,node,5775257254,35.7159718,51.1217362,"{'amenity': 'bank', 'brand': 'بانک تجارت', 'brand:wikidata': 'Q7695198', 'brand:wikipedia': 'en:Tejarat Bank', 'name': 'بانک تجارت'}"
214,node,5775257554,35.7051059,51.1791121,"{'amenity': 'bank', 'brand': 'بانک ملت', 'brand:en': 'Bank Mellat', 'brand:wikidata': 'Q4855944', 'name': 'بانک ملت', 'name:en': 'Bank Mellat'}"
215,node,5775265253,35.6936856,51.1116136,"{'amenity': 'restaurant', 'name': 'پدیده تخت جمشید'}"
216,node,5778952922,35.6986947,51.1980738,"{'amenity': 'fuel', 'fuel:octane_87': 'yes', 'name': 'پمپ بنزین ۲۲۰ فجر'}"
217,node,5778952932,35.6982844,51.1977934,"{'amenity': 'fuel', 'fuel:cng': 'yes', 'name': 'جایگاه cng تهرانی مقدم'}"
218,node,5778968147,35.7054185,51.1744008,"{'addr:street': 'سولیران', 'amenity': 'townhall', 'name': 'شهردای ناحیه شش منطقه هیجده', 'nat_name': 'شهرادی ناحیه 6 منطقه 18'}"
219,node,5779006895,35.6941709,51.1740946,"{'addr:street': 'شهدای دانش', 'amenity': 'events_venue', 'internet_access': 'wlan', 'name': 'باغ تالار دانش', 'operator': 'آقای یعقوبی'}"
220,node,5779292633,35.6960429,51.18083,"{'amenity': 'pharmacy', 'name': 'داروخانه دکتر ربانی'}"
221,node,5779317043,35.6969036,51.1412689,"{'amenity': 'fuel', 'name': 'گازوئیل'}"
222,node,5789226354,35.7109794,51.1588895,"{'amenity': 'pharmacy', 'healthcare': 'pharmacy', 'name': 'جام جم دارو'}"
223,node,5789226360,35.7119081,51.1589819,"{'amenity': 'pharmacy', 'healthcare': 'pharmacy', 'name': 'شرکت داروسازی کوثر'}"
224,node,5807961799,35.6860763,51.2397339,"{'addr:street': 'خزر', 'amenity': 'bus_station', 'bus': 'yes', 'name': 'پایانه شهرک دریا', 'public_transport': 'station'}"
225,node,5807993926,35.7061716,51.2866051,"{'amenity': 'place_of_worship', 'religion': 'muslim'}"
226,node,5810976191,35.7390818,51.2836521,"{'amenity': 'bank', 'atm': 'yes', 'brand': 'بانک سپه', 'brand:en': 'Bank Sepah', 'brand:wikidata': 'Q2882624', 'name': 'بانک سپه', 'name:en': 'Bank Sepah'}"
227,node,5819470755,35.6891973,51.2202681,"{'amenity': 'car_wash', 'name': 'اتکا'}"
228,node,5868374840,35.7408531,51.1363116,"{'amenity': 'place_of_worship', 'name': 'مسجد المهدی', 'religion': 'muslim'}"
229,node,5872864886,35.7217224,51.133048,"{'amenity': 'restaurant', 'name': 'باغ دامون', 'name:en': ""Damon's Garden"", 'source:name': 'map.ir'}"
230,node,5879040986,35.7086328,51.1073439,"{'amenity': 'taxi', 'name': 'ایستگاه تاکسی عمارت'}"
231,node,5891587726,35.7316548,51.16369,"{'amenity': 'place_of_worship', 'name': 'مسجد موسی جعفر', 'religion': 'muslim'}"
232,node,5917758853,35.6949922,51.111284,"{'amenity': 'fuel', 'name': 'CNG جایگاه'}"
233,node,5924201390,35.7121711,51.1143375,"{'amenity': 'taxi', 'name': 'ایستگاه تاکسی'}"
234,node,5929404514,35.6946929,51.1117447,"{'amenity': 'fuel', 'name': 'پمپ بنزین'}"
235,node,5929647962,35.7153415,51.1451466,"{'amenity': 'fuel', 'name': 'CNG جایگاه'}"
236,node,5978128287,35.7130229,51.1191305,"{'amenity': 'bank', 'atm': 'yes', 'brand': 'بانک رفاه', 'brand:en': 'Refah Bank', 'brand:wikidata': 'Q7307083', 'brand:wikipedia': 'en:Refah Bank', 'name': 'بانک رفاه', 'name:en': 'Refah Bank'}"
237,node,5978157166,35.6940825,51.1123344,"{'amenity': 'car_wash', 'name': 'کارواش اراد'}"
238,node,6024232796,35.7242293,51.2450117,"{'amenity': 'police', 'name': 'کیوسک کلانتری ۱۴۱'}"
239,node,6032353885,35.7337376,51.1892274,"{'amenity': 'police', 'name': 'کانسک پلیس'}"
240,node,6034444592,35.6775054,51.2728403,"{'amenity': 'police', 'name': 'فرماندهی عملیات دژبان کل ناجا'}"
241,node,6034444593,35.7152671,51.1873519,"{'amenity': 'post_office', 'name': 'اداره پست ایران خودرو'}"
242,node,6034444594,35.7200343,51.2149728,"{'amenity': 'fire_station', 'name': 'ایستگاه ۷۶ آتش نشانی'}"
243,node,6037309753,35.6970789,51.2449636,"{'amenity': 'fuel', 'name': 'گازوئیل'}"
244,node,6039868287,35.6783164,51.2596491,"{'amenity': 'bank', 'brand': 'بانک صادرات', 'brand:en': 'Bank Saderat Iran', 'brand:wikidata': 'Q2882608', 'brand:wikipedia': 'en:Bank Saderat Iran', 'name': 'بانک صادرات', 'name:en': 'Bank Saderat Iran'}"
245,node,6042585744,35.7390996,51.2217602,"{'amenity': 'police', 'name': 'ایستگاه استقرار پلیس بزرگراه'}"
246,node,6044337186,35.7350023,51.189523,"{'amenity': 'pharmacy', 'healthcare': 'pharmacy', 'name': 'داروخانه'}"
247,node,6044340285,35.732952,51.1889421,"{'amenity': 'bank', 'brand': 'پست بانک', 'brand:en': 'Post Bank of Iran', 'brand:wikidata': 'Q7233625', 'brand:wikipedia': 'en:Post Bank of Iran', 'name': 'پست بانک', 'name:en': 'Post Bank of Iran'}"
248,node,6047381249,35.743842,51.2512859,"{'addr:city': 'تهران', 'addr:street': 'علی اکبر بیگدلی', 'amenity': 'pharmacy', 'healthcare': 'pharmacy', 'name': 'داروخانه ولیعصر', 'name:en': 'Valiasr Pharmacy', 'opening_hours': '24/7', 'phone': '+982144762208', 'shop': 'chemist'}"
249,node,6055081285,35.729524,51.1880933,{'amenity': 'atm'}
250,node,6064395120,35.7439773,51.2523749,"{'amenity': 'restaurant', 'name': 'تالار گل یاس'}"
251,node,6077131170,35.7177641,51.2453624,"{'amenity': 'bus_station', 'bus': 'yes', 'name': 'پایانه اتوبوسی تراموا چیتگر', 'public_transport': 'station'}"
252,node,6093286161,35.725617,51.1969489,{'amenity': 'drinking_water'}
253,node,6093303167,35.7297631,51.186624,"{'amenity': 'atm', 'atm': 'yes', 'brand': 'بانک تجارت', 'brand:wikidata': 'Q7695198', 'brand:wikipedia': 'en:Tejarat Bank', 'name': 'بانک تجارت', 'operator': 'بانک تجارت', 'operator:wikidata': 'Q7695198', 'operator:wikipedia': 'en:Tejarat Bank'}"
254,node,6100924555,35.7313713,51.1835622,"{'amenity': 'place_of_worship', 'name': 'مسجد ابوالفضل', 'religion': 'muslim'}"
255,node,6100959224,35.7445771,51.1522778,"{'amenity': 'bus_station', 'name': 'پایانه مترو وردآورد'}"
256,node,6101790620,35.7288573,51.1893312,"{'amenity': 'community_centre', 'name': 'سرای محله سروآباد', 'office': 'government'}"
257,node,6120661510,35.7073183,51.2505654,"{'amenity': 'bus_station', 'name': 'پایانه استقلال'}"
258,node,6132823686,35.6943011,51.2418031,"{'amenity': 'pharmacy', 'healthcare': 'pharmacy', 'phone': '+982144573243'}"
259,node,6236522465,35.7099336,51.2434756,"{'amenity': 'bank', 'brand': 'بانک ملت', 'brand:en': 'Bank Mellat', 'brand:wikidata': 'Q4855944', 'brand:wikipedia': 'en:Bank Mellat', 'name': 'بانک ملت', 'name:en': 'Bank Mellat'}"
260,node,6285954166,35.7257138,51.1966884,"{'amenity': 'atm', 'operator': 'خودپرداز بانک اقتصاد نوین'}"
261,node,6344775429,35.7034909,51.2641898,"{'amenity': 'marketplace', 'name': 'بازار میوه و تره بار ریما', 'operator': 'سازمان مدیریت میادین میوه و تره بارشهرداری تهران', 'source': 'map.ir'}"
262,node,6454851842,35.7450907,51.2214267,"{'amenity': 'ice_cream', 'name': 'بستني ايتاليايي', 'name:en': 'Sweety Land'}"
263,node,6454853592,35.7421366,51.2223226,"{'amenity': 'restaurant', 'name': 'برگر فکتوری', 'name:en': 'Burger Factory'}"
264,node,6454853619,35.7447294,51.2206596,"{'amenity': 'restaurant', 'name': 'رویال لانژ', 'name:en': 'Royal Restaurant'}"
265,node,6499424189,35.7018802,51.1146617,"{'addr:city': 'قدس', 'addr:housenumber': '33', 'addr:postcode': '3751184333', 'addr:street': 'بلوار کلهر، سر نبش 30 متری شورا', 'amenity': 'car_pooling', 'capacity': '100', 'description': 'وب سایت فروشگاهی اتوسریر متین، پخش کننده انواع کفپوش های سه بعدی و 5 بعدی،انواع روکش صندلی ها و لوازم جانبی خودرو به سراسر ایران', 'email': 'AutoSarir@GMail.Com', 'lit': 'yes', 'name': 'اتوسریر متین - پخش کفپوش و روکش صندلی و لوازم جانبی خودرو', 'opening_hours': '24/7', 'operator': 'اتوسریر', 'phone': '+98 21 4683 7995', 'website': 'https://AutoSarir.Com'}"
266,node,6504175874,35.7242896,51.1360447,"{'amenity': 'police', 'name': 'کیوسک پلیس'}"
267,node,6504175875,35.7314891,51.153695,"{'amenity': 'police', 'name': 'فرماندهی مهندسی'}"
268,node,6504185762,35.7202535,51.1890723,"{'amenity': 'police', 'name': 'کیوسک راهنمایی و رانندگی'}"
269,node,6504185763,35.7156611,51.18445,"{'amenity': 'police', 'name': 'کیوسک پلیس'}"
270,node,6554563606,35.7450907,51.2217825,"{'amenity': 'restaurant', 'name': 'مطعم وكوفي زاهد العراقي'}"
271,node,6594231267,35.7037759,51.2621996,{'amenity': 'toilets'}
272,node,6610961793,35.6977355,51.266589,{'amenity': 'police'}
273,node,6631731732,35.69662,51.1418554,"{'amenity': 'fuel', 'name': 'پمپ بنزین مروارید'}"
274,node,6694570429,35.7130659,51.2263318,{'amenity': 'fire_station'}
275,node,6699574639,35.6901709,51.1106182,{'amenity': 'taxi'}
276,node,6708420350,35.6847033,51.2627274,"{'amenity': 'restaurant', 'name': 'تالار گل ها', 'phone': '44516313'}"
277,node,6710435726,35.7043096,51.2637631,"{'amenity': 'school', 'name': 'یاران انقلاب'}"
278,node,6897382169,35.7420989,51.1959299,{'amenity': 'toilets'}
279,node,6897382170,35.7394718,51.199167,{'amenity': 'toilets'}
280,node,6897382171,35.743835,51.2028466,{'amenity': 'toilets'}
281,node,6897382172,35.7368771,51.2047377,{'amenity': 'toilets'}
282,node,6897382173,35.7343021,51.208901,{'amenity': 'toilets'}
283,node,6897382174,35.7282099,51.2103713,{'amenity': 'toilets'}
284,node,6897382175,35.7238755,51.2134985,"{'amenity': 'toilets', 'name': 'سرویس بهداشتی بوستان چهارم', 'unisex': 'yes'}"
285,node,6897382176,35.7212613,51.2154314,"{'access': 'yes', 'amenity': 'toilets', 'unisex': 'yes'}"
286,node,6897382177,35.7271602,51.2184688,"{'amenity': 'toilets', 'name': 'سرویس بهداشتی اقاقیا', 'unisex': 'yes'}"
287,node,6897382178,35.7245817,51.2269454,{'amenity': 'toilets'}
288,node,6897382179,35.7190182,51.23875,{'amenity': 'toilets'}
289,node,6908043885,35.7182523,51.1876782,"{'amenity': 'bank', 'name': 'بانک صنعت و معدن'}"
290,node,6934129886,35.7190151,51.0941509,"{'addr:housenumber': '7', 'addr:street': 'فرنو', 'amenity': 'school', 'name': 'دبیرستان فرنو', 'name:en': 'Farno high school', 'opening_hours': 'Sa-We 07:30-12:30', 'operator': 'alirezasalmani', 'phone': '+982146822246', 'website': 'http://farnoschool.ir'}"
291,node,6952550385,35.7252359,51.09348,"{'amenity': 'atm', 'operator': 'رزوان ٤'}"
292,node,6960799487,35.7088967,51.10724,"{'amenity': 'atm', 'operator': 'د همومی'}"
293,node,6960799488,35.718304,51.1234547,"{'amenity': 'atm', 'operator': 'رویا'}"
294,node,6961547164,35.7048521,51.234382,"{'addr:city': 'تهران', 'addr:housenumber': '29', 'addr:street': 'خیابان نخ زرین', 'amenity': 'vehicle_inspection', 'email': 'info@mashinchi.org', 'name': 'نمایشگاه ماشینچی', 'opening_hours': 'Sa-Th 08:30-17:30', 'phone': '+982144504847', 'start_date': '2019/10/03', 'website': 'https://mashinchi.org/'}"
295,node,7126546934,35.7329964,51.2536598,"{'amenity': 'fuel', 'fuel:gasoline': 'yes', 'name': 'پمپ بنزین ۲۸۰'}"
296,node,7387180496,35.7265293,51.1194531,"{'amenity': 'place_of_worship', 'name': 'حسینیه علی اصغر (ع', 'religion': 'muslim'}"
297,node,7418440785,35.7177534,51.0956675,"{'addr:housenumber': '28', 'addr:street': 'بلوار شهدا', 'amenity': 'clinic', 'healthcare': 'clinic', 'name': 'خانه بهداشت علی اصغر', 'name:en': 'Ali Asghar Comprehensive Health Services'}"
298,node,7516834290,35.7048161,51.2295372,"{'amenity': 'post_office', 'name': 'تیپاکس', 'opening_hours': 'Mo-Fr 09:00-18:00', 'payment:cash': 'yes', 'payment:credit_cards': 'yes'}"
299,node,7598253708,35.7117016,51.1049793,"{'amenity': 'place_of_worship', 'name': 'حسینیه علی اصغر', 'religion': 'muslim'}"
300,node,7598253709,35.712048,51.1041919,"{'amenity': 'place_of_worship', 'name': 'حسینیه سیدالشهداء (ع', 'religion': 'muslim'}"
301,node,7623705342,35.6833551,51.1140074,"{'amenity': 'marketplace', 'name': 'بازار سنگ شهرقدس'}"
302,node,7707547424,35.7424149,51.2221716,"{'alt_name': 'جو گریل فود', 'amenity': 'restaurant', 'name': 'کافه و رستوران جو', 'name:en': 'Jo Grilled Food', 'phone': '+982140443258', 'website': 'http://jogrilledfood.ir/'}"
303,node,7737768885,35.7341633,51.2473291,"{'amenity': 'drinking_water', 'name': 'ranjbar'}"
304,node,7795221390,35.7285587,51.1462844,"{'amenity': 'townhall', 'name': 'شهرداری ناحیه سه منطقه بیست دو', 'nat_name': 'شهرداری ناحیه 3 منطقه 22'}"
305,node,7797092459,35.7087356,51.2502303,"{'addr:street': 'کنارگذر لشگری', 'amenity': 'townhall', 'name': 'شهرداری ناحیه دو منطقه بیست یک', 'nat_name': 'شهرداری ناحیه دو منطقه 21'}"
306,node,7855119448,35.7115658,51.1152874,"{'amenity': 'public_bath', 'name': 'حمّام تاریخی سرجوب'}"
307,node,7895409785,35.7115802,51.1122998,"{'amenity': 'toilets', 'opening_hours': 'Mo-Su 09:00-09:00, 21:00-21:00', 'operator': 'Farshad'}"
308,node,7941389835,35.6879587,51.259067,"{'amenity': 'school', 'name': 'مدرسه راهنمایی امام حسین'}"
309,node,7941389850,35.6897037,51.2568689,"{'amenity': 'toilets', 'name': 'دستشویی'}"
310,node,7941389853,35.6880706,51.258044,"{'amenity': 'school', 'name': 'هنرستان دخترانه برهان'}"
311,node,7941389854,35.6899351,51.2558205,{'amenity': 'atm'}
312,node,7941389856,35.691971,51.2582191,"{'amenity': 'atm', 'brand': 'بانک سامان', 'brand:en': 'Saman Bank', 'brand:wikidata': 'Q4117676', 'brand:wikipedia': 'en:Saman Bank', 'name': 'بانک سامان', 'name:en': 'Saman Bank', 'operator': 'بانک سامان', 'operator:wikidata': 'Q4117676', 'operator:wikipedia': 'en:Saman Bank'}"
313,node,7941389883,35.6880459,51.2585808,"{'amenity': 'school', 'name': 'دبیرستان امام حسین'}"
314,node,7941458542,35.6910134,51.2487953,"{'amenity': 'toilets', 'name': 'دستشویی'}"
315,node,7941458558,35.6920743,51.2541927,"{'amenity': 'pharmacy', 'healthcare': 'pharmacy', 'name': 'داروخانه صدف'}"
316,node,7941463288,35.68577,51.2397527,"{'amenity': 'toilets', 'name': 'دستشویی'}"
317,node,7998091224,35.7109832,51.109163,"{'amenity': 'clinic', 'healthcare': 'clinic', 'name': 'درمانگاه امام حسین'}"
318,node,8043684840,35.7230776,51.096625,"{'amenity': 'place_of_worship', 'name': 'حسینیه حضرت زینب'}"
319,node,8043693153,35.7245391,51.0969116,"{'amenity': 'place_of_worship', 'name': 'حسینیه حضرت رسول'}"
320,node,8043693158,35.7237642,51.1012357,"{'amenity': 'place_of_worship', 'name': 'حسینیه حضرت قاسم'}"
321,node,8043693171,35.7242335,51.1022787,"{'amenity': 'place_of_worship', 'name': 'حسینیه امام جعفر صادق'}"
322,node,8043729162,35.7084539,51.1139519,"{'amenity': 'community_centre', 'name': 'خانه جوان شهرقدس'}"
323,node,8043729169,35.7128227,51.1126432,"{'amenity': 'place_of_worship', 'name': 'مهدیه شهرقدس'}"
324,node,8072279326,35.712528,51.1000468,"{'amenity': 'place_of_worship', 'name': 'مسجد حضرت موسی کاظم', 'religion': 'muslim'}"
325,node,8072294592,35.7126316,51.0998881,"{'amenity': 'clinic', 'healthcare': 'clinic', 'name': 'شبکه بهداشت و درمان شهرقدس'}"
326,node,8075282963,35.7261533,51.2458421,"{'amenity': 'pharmacy', 'name': 'داروخانه دکتر پریشان زاده', 'phone': '02146023704'}"
327,node,8190454117,35.6970665,51.2540968,"{'amenity': 'clinic', 'contact:phone': '+98 21 4457 5571', 'contact:website': 'pazandcenter.ir', 'healthcare': 'clinic', 'name': 'طب کار پازند'}"
328,node,8248345857,35.7235386,51.2819957,"{'amenity': 'bus_station', 'name': 'پایانه اتوبوس ورزشگاه آزادی'}"
329,node,8380979847,35.7196844,51.1248144,"{'amenity': 'restaurant', 'name': 'تالار اقبال'}"
330,node,8381027711,35.709151,51.1161703,"{'amenity': 'events_venue', 'name': 'تالار مهرآفرین'}"
331,node,8381027712,35.7213755,51.1243765,"{'amenity': 'events_venue', 'name': 'تالار اورانوس'}"
332,node,8381027713,35.7218915,51.1248938,"{'amenity': 'events_venue', 'name': 'تالار آپادانا'}"
333,node,8381027714,35.7199397,51.1230642,"{'amenity': 'events_venue', 'name': 'تالار پارسیان'}"
334,node,8381027715,35.720684,51.1220088,"{'amenity': 'events_venue', 'name': 'تالار گلچین'}"
335,node,8381040309,35.6923587,51.1293355,"{'amenity': 'events_venue', 'name': 'تالار قصر سفید'}"
336,node,8404173717,35.7421638,51.2700626,"{'amenity': 'restaurant', 'name': 'رستوران بی نام'}"
337,node,8574807023,35.7195896,51.1247006,"{'amenity': 'clinic', 'healthcare': 'clinic', 'name': 'درمانگاه شبانه روزی صداقت'}"
338,node,8651604671,35.7117989,51.1157399,"{'amenity': 'place_of_worship', 'name': 'مسجد جامع شهرقدس', 'religion': 'muslim'}"
339,node,8651617151,35.7185459,51.1083507,"{'amenity': 'place_of_worship', 'name': 'حسینیه قائم آل محمد', 'religion': 'muslim'}"
340,node,8772273415,35.7107576,51.274092,"{'amenity': 'clinic', 'name': 'خانه بهداشت شهرک آزادی'}"
341,node,8772280392,35.7133721,51.1008241,"{'amenity': 'clinic', 'healthcare': 'clinic', 'name': 'بهداشت سلامت امام حسین'}"
342,node,8786419713,35.7389907,51.1373153,"{'amenity': 'clinic', 'name': 'مرکز بهداشت وردآورد'}"
343,node,8787702518,35.6898592,51.2441433,"{'amenity': 'cafe', 'name': 'جهان شیشه کردی'}"
344,node,8932237838,35.7203978,51.1542569,{'amenity': 'toilets'}
345,node,8996684972,35.6841924,51.2386291,"{'amenity': 'language_school', 'contact:phone': '+982144547211', 'contact:website': 'www.tli-edu.com', 'name': 'آموزشگاه زبان تکنیک', 'source': 'note 2160386'}"
346,node,8996795107,35.695308,51.2544809,"{'amenity': 'clinic', 'contact:phone': '+982144582775', 'contact:website': 'https://www.dramirialavi.com', 'healthcare': 'clinic', 'name': 'کلینیک اعصاب و روان و مشاوره آلما', 'opening_hours': 'Sa-We 08:00-16:00', 'source': 'note 2333106'}"
347,node,8996818462,35.697043,51.2544407,"{'amenity': 'restaurant', 'contact:phone': '+989123690452', 'name': 'کافه رستوران يلوط طلایی', 'source': 'note 2666269'}"
348,node,8996894167,35.6992115,51.2549114,"{'amenity': 'community_centre', 'community_centre': 'cultural_centre', 'contact:phone': '+982144515206', 'contact:website': 'http://www.irps.ir', 'name': 'موسسه فرهنگی هنری پایتخت', 'opening_hours': 'Sa-Th 09:00-16:00', 'source': 'note 2041705'}"
349,node,9002126150,35.7033526,51.1968617,"{'amenity': 'bus_station', 'name': 'ایستگاه اتوبوس شهرک دانشگاه - پایانه آزادی'}"
350,node,9002135205,35.712997,51.2264246,"{'amenity': 'place_of_worship', 'name': 'مسجد امام حسن مجتبی', 'religion': 'muslim'}"
351,node,9072648376,35.7016628,51.1134947,"{'amenity': 'courthouse', 'name': 'شورای حل اختلاف'}"
352,node,9074289067,35.7300253,51.1007174,{'amenity': 'school'}
353,node,9074289082,35.7305522,51.0980471,"{'amenity': 'school', 'name': 'مدرسه امام علی'}"
354,node,9074289086,35.7285189,51.0967194,"{'amenity': 'school', 'name': 'مدرسه علوی'}"
355,node,9075977120,35.7120746,51.1185106,"{'amenity': 'pharmacy', 'healthcare': 'pharmacy', 'name': 'داروخانه کاشفی'}"
356,node,9076049134,35.7157492,51.1215484,"{'amenity': 'bank', 'brand': 'بانک آینده', 'brand:en': 'Ayandeh Bank', 'brand:wikidata': 'Q5938144', 'name': 'بانک آینده', 'name:en': 'Ayandeh Bank'}"
357,node,9076049139,35.7151222,51.1215719,"{'amenity': 'bank', 'brand': 'بانک شهر', 'brand:en': 'Shahr Bank', 'brand:fa': 'بانک شهر', 'brand:wikidata': 'Q5941033', 'name': 'بانک شهر', 'name:en': 'Shahr Bank', 'name:fa': 'بانک شهر'}"
358,node,9076049146,35.7162602,51.1221028,"{'amenity': 'pharmacy', 'healthcare': 'pharmacy', 'name': 'داروخانه دکتر لاله شریف'}"
359,node,9076096465,35.7243078,51.1250654,"{'amenity': 'school', 'name': 'مدرسه هدی'}"
360,node,9123907517,35.7279823,51.2905455,"{'amenity': 'restaurant', 'name': 'پروتئین بهار (گوشت و مرغ)'}"
361,node,9150795513,35.692472,51.1177594,"{'amenity': 'vehicle_inspection', 'name': 'مرکز معاینه فنی خودرو'}"
362,node,9184570682,35.681923,51.1228268,"{'amenity': 'fuel', 'name': 'جایگاه گاز شبانه روزی ال پی جی انصاری'}"
363,node,9357813766,35.7454712,51.2312423,"{'amenity': 'place_of_worship', 'name': 'مسجد چهارده معصوم (ع)', 'religion': 'muslim'}"
364,node,9357813767,35.7454423,51.2314876,"{'amenity': 'clinic', 'healthcare': 'clinic', 'name': 'مرکز همودیالیز به آفرین'}"
365,node,9357813768,35.745487,51.2318494,"{'amenity': 'restaurant', 'name': 'چلوکباب تاپ'}"
366,node,9359856181,35.6998452,51.1284913,"{'amenity': 'restaurant', 'name': 'کافه و رستوران دیار'}"
367,node,9380386223,35.6998692,51.1322816,"{'amenity': 'events_venue', 'internet_access': 'wlan', 'internet_access:fee': 'customers', 'name': 'عمارت ملک', 'operator': 'آقای اسداللهی', 'website': 'https://www.instagram.com/mallek_emarat/'}"
368,node,9401975594,35.6848019,51.2619921,"{'amenity': 'university', 'name': 'مرکز علمی کاربردی فرهنگ و هنر واحد 24'}"
369,node,9401986133,35.6877842,51.2533795,{'amenity': 'school'}
370,node,9401987509,35.7060041,51.2586647,{'amenity': 'toilets'}
371,node,9401998893,35.715733,51.1809153,"{'amenity': 'school', 'name': 'دبستان شهید کدخدایی'}"
372,node,9402013704,35.6956564,51.2432184,"{'amenity': 'school', 'name': 'دبستان دخترانه سیدالشهدا'}"
373,node,9402015297,35.6863934,51.2407426,"{'amenity': 'pharmacy', 'healthcare': 'pharmacy', 'name': 'داروخانه دکتر صفی الدین اردبیلی'}"
374,node,9402015302,35.6864529,51.2405192,"{'amenity': 'library', 'name': 'کتابخانه'}"
375,node,9402031809,35.6944407,51.1765322,"{'amenity': 'school', 'name': 'دبیرستان دین و دانش'}"
376,node,9405402678,35.7132581,51.2020794,"{'amenity': 'school', 'name': 'دبستان پسرانه نورعلم'}"
377,node,9405402725,35.7130159,51.2015864,{'amenity': 'school'}
378,node,9405402730,35.7121791,51.2047494,"{'amenity': 'school', 'name': 'دبیرستان دخترانه'}"
379,node,9405402806,35.7090396,51.1970274,"{'amenity': 'school', 'name': 'دبیرستان نور علم'}"
380,node,9405402842,35.710271,51.2024714,{'amenity': 'atm'}
381,node,9405474001,35.7260864,51.1794323,{'amenity': 'toilets'}
382,node,9405483608,35.7296952,51.1822485,"{'amenity': 'place_of_worship', 'name': 'مسجد شهرک شهرداری', 'religion': 'muslim'}"
383,node,9405496819,35.7281753,51.1844844,{'amenity': 'toilets'}
384,node,9405496824,35.7307462,51.1801633,{'amenity': 'toilets'}
385,node,9405724690,35.6840226,51.2575996,"{'amenity': 'school', 'name': 'دبستان پسرانه رجایی'}"
386,node,9437885548,35.7082387,51.1105207,"{'amenity': 'college', 'name': 'مکتب الزهراء'}"
387,node,9464024200,35.7283441,51.1904923,{'amenity': 'toilets'}
388,node,9464235381,35.7398324,51.2227517,"{'amenity': 'cafe', 'name': 'Cafe Eskamoo'}"
389,node,9472719563,35.728698,51.2911256,"{'amenity': 'school', 'name': 'هنرستان دخترانه مدرس'}"
390,node,9472719569,35.7305297,51.2864449,"{'amenity': 'school', 'name': 'دبیرستان متوسطه عصمت'}"
391,node,9472727028,35.7281181,51.2908786,"{'amenity': 'school', 'name': 'مدرسه اسوه'}"
392,node,9472727048,35.7405909,51.2784942,{'amenity': 'toilets'}
393,node,9561450714,35.7154635,51.2481279,{'amenity': 'toilets'}
394,node,9594243623,35.7271402,51.2284381,{'amenity': 'toilets'}
395,node,9594243639,35.7198134,51.2159314,"{'amenity': 'fuel', 'name': 'جایگاه CNG چیتگر'}"
396,node,9594243656,35.723104,51.2244805,"{'amenity': 'restaurant', 'name': 'رستوران مروارید'}"
397,node,9694433511,35.7108152,51.1168134,"{'addr:street': 'بلورا امام خمینی', 'amenity': 'hospital', 'healthcare': 'hospital', 'healthcare:speciality': 'radiology', 'name': 'جام جم شهر قدس', 'phone': '+98 21 4687 688'}"
398,node,9726956156,35.7307717,51.1460988,"{'amenity': 'studio', 'name': 'استودیو کروماکی فردا 1', 'public': 'yes', 'public_transport': 'yes', 'studio': 'video'}"
399,node,9794662139,35.721135,51.1566123,"{'amenity': 'fuel', 'fuel:lpg': 'yes'}"
400,node,9814518173,35.7381405,51.2139417,"{'amenity': 'animal_shelter', 'name': 'دهکده مهربانی حیوانات چیتگر'}"
401,node,9822856254,35.7099878,51.1211525,"{'amenity': 'fast_food', 'name': 'فست فود'}"
402,node,9829694534,35.74254,51.1609989,"{'amenity': 'atm', 'name': 'نورافشار', 'opening_hours': 'Mo-Su 00:00-23:00', 'ببمارستان': '۵'}"
403,node,9860993570,35.7136813,51.1123101,"{'amenity': 'clinic', 'healthcare': 'clinic', 'name': 'ساختمان پزشکان ماهان'}"
404,node,9870635336,35.7130009,51.1132054,"{'amenity': 'clinic', 'healthcare': 'clinic', 'name': 'درمانگاه برزویه'}"
405,node,9870646812,35.7147632,51.1130942,"{'amenity': 'pharmacy', 'dispensing': 'yes', 'healthcare': 'pharmacy', 'name': 'داروخانه شبانه روزی دکتر سعادت مهر', 'opening_hours': '24/7'}"
406,node,9882438099,35.7291038,51.108039,"{'amenity': 'clinic', 'healthcare': 'clinic', 'name': 'درمانگاه ساعت'}"
407,node,9892379070,35.7008569,51.1364569,"{'amenity': 'toilets', 'name': 'دستشویی', 'unisex': 'yes', 'wheelchair': 'yes'}"
408,node,9892391338,35.701232,51.1371027,"{'amenity': 'parking', 'name': 'پارکینگ امامزاده حضرتین'}"
409,node,9911492364,35.7243515,51.1132356,"{'amenity': 'toilets', 'name': 'سرویس بهداشتی', 'unisex': 'yes'}"
410,node,9926291123,35.7319693,51.2003145,{'amenity': 'atm'}
411,node,9926291133,35.7319959,51.2003549,"{'amenity': 'cafe', 'name': 'لمیز'}"
412,node,9967731013,35.7395653,51.2853729,"{'addr:housenumber': '121', 'addr:street': 'فرساد شرقی', 'amenity': 'pharmacy', 'healthcare': 'pharmacy', 'name': 'داروخانه شبانه روزی دکتر زارعی', 'opening_hours': '24/7', 'phone': '+982144150352'}"
413,node,9997618725,35.7090803,51.2474844,"{'amenity': 'bank', 'brand': 'بانک اقتصاد نوین', 'brand:en': 'EN Bank', 'brand:wikidata': 'Q5323768', 'name': 'بانک اقتصاد نوین', 'name:en': 'EN Bank'}"
414,node,10091925529,35.691631,51.2457168,"{'amenity': 'pharmacy', 'name': 'داروخانه دکتر منوچهری فر'}"
415,node,10121432057,35.7229872,51.2440419,"{'amenity': 'cafe', 'name': 'کافه نان و شیرینی سرو'}"
416,node,10121432059,35.7231443,51.2440769,"{'amenity': 'cafe', 'name': 'کافه رستوران ویداس'}"
417,node,10296510816,35.6911474,51.2480503,"{'amenity': 'pharmacy', 'name': 'داروخانه دکتر سمیرا کریمی نژاد'}"
418,node,10301864422,35.7169836,51.0945207,"{'amenity': 'school', 'name': 'مدرسه عرفان - شهید مجتبی حسینی'}"
419,node,10556739140,35.7417024,51.1896561,{'amenity': 'toilets'}
420,node,10556739141,35.7430982,51.184262,{'amenity': 'toilets'}
421,node,10689073220,35.6774466,51.2743823,"{'amenity': 'police', 'name': 'ایستگاه پلیس مهرآباد'}"
422,node,10689073223,35.6777494,51.2738036,"{'amenity': 'police', 'name': 'آماد پشتیبانی کل ناجا'}"
423,node,10692713009,35.7429355,51.2227879,"{'amenity': 'car_wash', 'name': 'کارواش پارکینگ باملند'}"
424,node,10798963427,35.7148407,51.1200616,"{'addr:city': 'قدس', 'addr:street': 'بلوار انقلاب', 'amenity': 'music_school', 'name': 'آموزشگاه موسیقی جانا', 'opening_hours': 'Mo-Su 10:00-20:00', 'operator': 'همایون پور', 'phone': '+98 935 636 9394'}"
425,node,10819391105,35.7178011,51.1953937,"{'amenity': 'atm', 'opening_hours': '24/7'}"
426,node,10820097671,35.6942866,51.241038,"{'amenity': 'bank', 'brand': 'بانک سپه', 'brand:en': 'Bank Sepah', 'brand:wikidata': 'Q2882624', 'name': 'بانک سپه', 'name:en': 'Bank Sepah'}"
427,node,10822838992,35.7237674,51.2150454,"{'amenity': 'toilets', 'name': 'سرویس بهداشتی بوستان سوم', 'unisex': 'yes'}"
428,node,10833649291,35.7105019,51.1193429,"{'amenity': 'restaurant', 'name': 'حلیم و آش رشته بابا عبدی آشپزخانه مرکزی'}"
429,node,10833738010,35.7323683,51.2378073,"{'amenity': 'university', 'name': 'دانشگاه علوم و فنون هوافضای عاشورا'}"
430,node,10846348278,35.6843847,51.1534777,"{'amenity': 'place_of_worship', 'name': 'مسجد امیر المومنین علیه السلام زرنان بالا', 'religion': 'muslim'}"
431,node,10873441335,35.7099341,51.1974138,"{'amenity': 'parking', 'name': 'پارکینگ ۶۵'}"
432,node,10921190006,35.7172342,51.2853804,"{'amenity': 'vehicle_inspection', 'name': 'مرکز معاینه فنی آزادی'}"
433,node,10972875655,35.7234881,51.1113623,"{'amenity': 'bank', 'brand': 'بانک ملی', 'brand:en': 'Bank Melli Iran', 'brand:wikidata': 'Q806640', 'name': 'بانک ملی', 'name:en': 'Bank Melli Iran'}"
434,node,10994874105,35.7253075,51.1029055,"{'addr:housenumber': '33', 'addr:street': 'شهید ناچیزی', 'amenity': 'place_of_worship', 'email': 'mgs72710@gmail.com', 'name': 'مسجد وحسینیه بیت الاحزان حضرت فاطمة الزهرا سلام الله علیها', 'name:en': 'Beyt-ol-ahzan Mosque', 'phone': '+989199925413'}"
435,node,11017298206,35.7360094,51.1132412,"{'addr:city': 'شهر قدس', 'addr:street': 'فرنان', 'amenity': 'events_venue', 'name': 'باغ عمارت لیان', 'operator': 'اسداللهی', 'phone': '+98  912 003 9725'}"
436,node,11046179778,35.6995392,51.1321436,"{'addr:housenumber': '37', 'addr:street': 'بلوار امام\u200cزاده', 'amenity': 'events_venue', 'name': 'عمارت ملک', 'opening_hours': 'Mo-Su 10:00-20:00', 'phone': '+989122908637', 'website': 'https://malekgarden.ir'}"
437,node,11047305867,35.7304669,51.1703442,{'amenity': 'toilets'}
438,node,11047305872,35.7299713,51.1701903,"{'amenity': 'place_of_worship', 'name': 'نمازخانه'}"
439,node,11047305873,35.7297948,51.1655226,{'amenity': 'toilets'}
440,node,11047307216,35.7308952,51.1697625,"{'amenity': 'fast_food', 'contact:email': 'Delgoshacafe@gmail.com', 'contact:mobile': '+989914902015', 'fast_food': 'cafeteria', 'name': 'کافه ترانه دلگشا', 'opening_hours': 'Sa-Fr 11:00-19:00'}"
441,node,11047972642,35.7100953,51.1165651,"{'amenity': 'ice_cream', 'name': 'ویتامینه میکس'}"
442,node,11067987946,35.7136054,51.1129221,"{'amenity': 'doctors', 'healthcare': 'doctor', 'name': 'مطب زنان و زایمان دکتر ساناز سروش', 'opening_hours': 'Mo-Su 11:00-20:00'}"
443,node,11071825415,35.6896087,51.2368641,"{'amenity': 'place_of_worship', 'religion': 'muslim'}"
444,node,11104168052,35.6940022,51.1118076,"{'addr:city': 'قدس', 'addr:street': 'بلوار شهید کلهر، مجموعه گردشگری تخت جمشید', 'amenity': 'fast_food', 'name': 'فست فود لیموا', 'operator': 'میثم زنگویی', 'phone': '09196166005'}"
445,node,11132727865,35.6956263,51.1334166,"{'amenity': 'hospital', 'emergency': 'emergency_ward_entrance', 'entrance': 'yes', 'healthcare': 'hospital', 'name': 'اورژانس'}"
446,node,11170225950,35.701111,51.2556975,"{'amenity': 'restaurant', 'name': 'سوخاری ۲۳'}"
447,node,11219363883,35.7130726,51.1187265,"{'amenity': 'ice_cream', 'name': 'بستنی نعمت شهرقدس'}"
448,node,11220198271,35.7001934,51.255536,"{'amenity': 'dentist', 'healthcare': 'dentist', 'name': 'دندانپزشکی لبخند(دکتر صدیقه نادری)'}"
449,node,11221662903,35.7073811,51.1267382,"{'amenity': 'fast_food', 'name': 'فست فود غول برگر', 'opening_hours': '11:00-23:00', 'operator': 'علی اصغر ولدخانی', 'phone': '02146805183'}"
450,node,11277956469,35.7234674,51.1006733,"{'amenity': 'restaurant', 'name': 'رستوران حاج بهرام'}"
451,node,11293581166,35.7304499,51.2837777,"{'amenity': 'restaurant', 'name': 'سوئینی'}"
452,node,11293581167,35.7304327,51.2838131,"{'amenity': 'restaurant', 'name': 'عطاویچ'}"
453,node,11334696487,35.7101117,51.1297092,"{'amenity': 'townhall', 'name': 'شهرداری شهر قدس'}"
454,node,11335927408,35.7290189,51.108674,"{'amenity': 'pharmacy', 'healthcare': 'pharmacy', 'name': 'داروخانه شبانه روزی شکری'}"
455,node,11341249817,35.741546,51.2892413,"{'addr:city': 'شهر زیبا', 'addr:street': 'شهید شربیانی', 'amenity': 'cafe', 'name': 'قهوه وانیلا', 'opening_hours': '06:00-23:00', 'phone': '09122758679'}"
456,node,11361389230,35.6975304,51.2575824,"{'amenity': 'cafe', 'name': 'کافه رز'}"
457,node,11493388171,35.6931081,51.2543026,{'amenity': 'atm'}
458,node,11524682343,35.7263922,51.2466093,"{'amenity': 'cafe', 'name': 'کافه خاتون'}"
459,node,11525752058,35.7232405,51.1187078,"{'addr:city': 'شهر قدس', 'addr:housenumber': '163', 'addr:postcode': '37518-81189', 'addr:street': 'خیابان پردیس', 'amenity': 'pharmacy', 'healthcare': 'pharmacy', 'name': 'داروخانه دکتر سمیه امیری', 'phone': '+982146891019'}"
460,node,11533201361,35.7291996,51.2474602,"{'amenity': 'pharmacy', 'name': 'داروخانه تیام اصفهانی'}"
461,node,11533732135,35.6914491,51.246532,"{'addr:city': 'تهران', 'addr:housenumber': '160', 'addr:postcode': '1388976844', 'addr:street': 'بلوار بهشتی', 'amenity': 'internet_cafe', 'email': 'xeon.computer.ir@gmail.com', 'internet_access': 'yes', 'internet_access:fee': 'yes', 'level': '-1', 'mobile': '+98 9395464577', 'name': 'دفترفنی و کافی نت زئون', 'opening_hours': 'sa-th 08:00-20:00', 'operator': 'آرش طالبیان', 'operator:type': 'public', 'phone': '+98 21 44561227', 'wheelchair': 'no'}"
462,node,11547061002,35.6985578,51.1132022,"{'amenity': 'vacuum_cleaner', 'operator': 'غسالخانه'}"
463,node,11593759154,35.6986192,51.2600783,"{'addr:street': 'نفت شمالی', 'amenity': 'restaurant', 'name': 'رستوران اکبر جوجه برادران کلبادی HAJ', 'opening_hours': '24/7', 'operator': 'جیحونی', 'phone': '+98 21 4450 6333'}"
464,node,11595873787,35.7131411,51.1109992,"{'amenity': 'hospital', 'healthcare': 'hospital', 'name': 'مطب دکتر ندا اکباتانی'}"
465,node,11626866060,35.7439687,51.2533024,"{'addr:city': 'تهران', 'addr:housenumber': 'ب 9', 'addr:street': 'مهستان', 'amenity': 'cafe', 'cuisine': 'pizza', 'name': 'کافه ولی', 'phone': '09122072921'}"
