amenity,count
arts_centre,1
atm,21
bank,150
bench,2
bicycle_parking,4
bicycle_repair_station,1
bureau_de_change,2
bus_station,7
cafe,51
car_rental,1
car_wash,1
cinema,6
clinic,10
college,2
community_centre,2
courthouse,4
culture_center,1
dentist,1
disused,2
doctors,4
drinking_water,6
driving_school,2
events_venue,1
fast_food,30
fire_station,2
fountain,1
fuel,1
ice_cream,9
internet_cafe,1
kindergarten,1
language_school,3
library,3
marketplace,2
motorcycle_parking,1
music_school,1
parking,5
pharmacy,39
place_of_worship,20
police,15
post_box,1
post_office,3
prep_school,1
public_bookcase,1
research_institute,2
restaurant,42
school,15
shelter,1
studio,1
taxi,9
telephone,6
theatre,3
toilets,21
townhall,6
university,3
waste_basket,2
