,type,id,lat,lon,tags
0,node,28873389,35.7004339,51.3906672,"{'amenity': 'cinema', 'name': 'سینما شهرتماشا'}"
1,node,28892090,35.7013245,51.3995416,"{'amenity': 'cinema', 'name': 'سینما سپیده', 'name:en': 'Sepideh Cinema'}"
2,node,29364343,35.6910458,51.3967354,"{'amenity': 'research_institute', 'name': 'انستیتو پاستور ایران', 'name:en': ""Institut Pasteur D'Iran""}"
3,node,29364417,35.6933312,51.3929165,"{'amenity': 'restaurant', 'name': 'فرد تهران', 'name:en': 'Fard Tehran'}"
4,node,458232726,35.6996415,51.4056515,{'amenity': 'parking'}
5,node,654080619,35.6968962,51.3794446,"{'amenity': 'bus_station', 'bus': 'yes', 'name': 'جمهوری', 'name:en': 'Jomhuri', 'public_transport': 'station'}"
6,node,654084340,35.6983832,51.3809964,"{'amenity': 'pharmacy', 'healthcare': 'pharmacy', 'name': 'داروخانه دکتر الله وردی', 'name:en': 'Allahverdi pharmacy'}"
7,node,655300924,35.6977571,51.3785676,"{'addr:street': 'نواب صفوی', 'amenity': 'pharmacy', 'healthcare': 'pharmacy', 'name': 'داروخانه دکتر همتیان'}"
8,node,659287683,35.6968512,51.3822379,"{'addr:street': 'جمهوری اسلامی', 'amenity': 'bank', 'atm': 'no', 'brand': 'بانک ملی', 'brand:en': 'Bank Melli Iran', 'brand:wikidata': 'Q806640', 'brand:wikipedia': 'en:Bank Melli Iran', 'name': 'بانک ملی', 'name:en': 'Bank Melli Iran', 'operator': 'Melli Bank'}"
9,node,747816242,35.6966281,51.3805059,"{'addr:street': 'جمهوری اسلامی', 'amenity': 'bank', 'atm': 'yes', 'brand': 'بانک کشاورزی', 'brand:en': 'Bank Keshavarzi Iran', 'brand:wikidata': 'Q6395007', 'brand:wikipedia': 'en:Bank Keshavarzi Iran', 'name': 'بانک کشاورزی', 'name:en': 'Bank Keshavarzi Iran', 'operator': 'Keshavarzi Bank'}"
10,node,747854673,35.69565,51.3783172,{'amenity': 'toilets'}
11,node,747871776,35.6966982,51.3791875,"{'amenity': 'fast_food', 'cuisine': 'pizza', 'name': 'بوف', 'name:en': 'Boof', 'operator': 'Boof'}"
12,node,747875112,35.6991548,51.3823271,"{'amenity': 'dentist', 'healthcare': 'dentist', 'name': 'دندانپزشکی اوستا'}"
13,node,747876877,35.6985188,51.3809752,"{'amenity': 'doctors', 'healthcare': 'doctor', 'name': 'مطب دکتر شفیع زاده'}"
14,node,1174097052,35.6829924,51.3934144,{'amenity': 'post_box'}
15,node,2169050161,35.6608551,51.3960305,"{'amenity': 'taxi', 'name': 'پایانه تاکسی راه\u200cآهن'}"
16,node,2343257660,35.6864412,51.4097669,"{'amenity': 'bank', 'atm': 'yes', 'brand': 'بانک صادرات', 'brand:en': 'Bank Saderat Iran', 'brand:fa': 'بانک صادرات', 'brand:wikidata': 'Q2882608', 'brand:wikipedia': 'en:Bank Saderat Iran', 'name': 'بانک صادرات', 'name:en': 'Bank Saderat Iran', 'name:fa': 'بانک صادرات'}"
17,node,2490301755,35.6851668,51.4102152,"{'amenity': 'townhall', 'name': 'شهرداری منطقه ۱۱'}"
18,node,2764554402,35.6966708,51.411313,"{'amenity': 'fast_food', 'cuisine': 'pizza', 'name': 'پیتزا داوود', 'name:en': 'Davood Pizza', 'opening_hours': 'Mo-Su 08:00-23:00'}"
19,node,3037217611,35.6987694,51.4049458,"{'amenity': 'bank', 'brand': 'بانک اقتصاد نوین', 'brand:en': 'EN Bank', 'brand:wikidata': 'Q5323768', 'name': 'بانک اقتصاد نوین', 'name:en': 'EN Bank'}"
20,node,3037217617,35.6980331,51.4047751,"{'amenity': 'bank', 'brand': 'بانک سپه', 'brand:en': 'Bank Sepah', 'brand:wikidata': 'Q2882624', 'brand:wikipedia': 'en:Bank Sepah', 'name': 'بانک سپه', 'name:en': 'Bank Sepah'}"
21,node,3037217618,35.6970823,51.404622,"{'amenity': 'bank', 'brand': 'بانک رفاه', 'brand:en': 'Refah Bank', 'brand:wikidata': 'Q7307083', 'brand:wikipedia': 'en:Refah Bank', 'name': 'بانک رفاه کارگران', 'name:en': 'Refah Bank', 'ref': '1269'}"
22,node,3037217619,35.6985602,51.4049278,"{'amenity': 'bank', 'brand': 'بانک صادرات', 'brand:en': 'Bank Saderat Iran', 'brand:fa': 'بانک صادرات', 'brand:wikidata': 'Q2882608', 'brand:wikipedia': 'en:Bank Saderat Iran', 'name': 'بانک صادرات', 'name:en': 'Bank Saderat Iran', 'name:fa': 'بانک صادرات'}"
23,node,3037217647,35.6992332,51.4050364,"{'amenity': 'bank', 'branch': 'چهارراه ولیعصر', 'brand': 'بانک پارسیان', 'brand:en': 'Parsian Bank', 'brand:wikidata': 'Q2410404', 'brand:wikipedia': 'en:Parsian Bank', 'name': 'بانک پارسیان', 'name:en': 'Parsian Bank', 'ref': '5412318'}"
24,node,3037217648,35.6991289,51.4050142,"{'amenity': 'pharmacy', 'healthcare': 'pharmacy', 'name': 'داروخانه دکتر ستوده', 'name:en': 'Dr. Sotude Pharmacy'}"
25,node,3037217649,35.6989197,51.404974,"{'amenity': 'bank', 'brand': 'بانک کشاورزی', 'brand:en': 'Bank Keshavarzi Iran', 'brand:wikidata': 'Q6395007', 'brand:wikipedia': 'en:Bank Keshavarzi Iran', 'name': 'بانک کشاورزی', 'name:en': 'Bank Keshavarzi Iran'}"
26,node,3037217650,35.6987375,51.4044991,"{'amenity': 'bank', 'branch': 'امیراکرم', 'brand': 'بانک ملی', 'brand:en': 'Bank Melli Iran', 'brand:wikidata': 'Q806640', 'brand:wikipedia': 'en:Bank Melli Iran', 'name': 'بانک ملی', 'name:en': 'Bank Melli Iran'}"
27,node,3037217651,35.6978349,51.4044864,"{'addr:city': 'Tehran', 'amenity': 'bank', 'brand': 'بانک تجارت', 'brand:wikidata': 'Q7695198', 'brand:wikipedia': 'en:Tejarat Bank', 'name': 'بانک تجارت', 'name:en': 'Tejarat Bank'}"
28,node,3059447578,35.6670312,51.3994994,"{'amenity': 'college', 'name': 'حوزه علمیه آیت\u200c الله ایروانی'}"
29,node,3096770598,35.6951902,51.4042595,"{'amenity': 'bank', 'atm': 'yes', 'brand': 'بانک ملت', 'brand:en': 'Bank Mellat', 'brand:wikidata': 'Q4855944', 'brand:wikipedia': 'en:Bank Mellat', 'check_date': '2023-12-07', 'name': 'بانک ملت', 'name:en': 'Bank Mellat'}"
30,node,3096775935,35.6673508,51.3993072,"{'amenity': 'bank', 'brand': 'بانک صادرات', 'brand:en': 'Bank Saderat Iran', 'brand:fa': 'بانک صادرات', 'brand:wikidata': 'Q2882608', 'name': 'بانک صادرات', 'name:en': 'Bank Saderat Iran', 'name:fa': 'بانک صادرات'}"
31,node,3133134601,35.7006789,51.3964161,"{'amenity': 'bank', 'branch': 'مقابل دانشگاه', 'brand': 'بانک صادرات', 'brand:en': 'Bank Saderat Iran', 'brand:fa': 'بانک صادرات', 'brand:wikidata': 'Q2882608', 'brand:wikipedia': 'en:Bank Saderat Iran', 'name': 'بانک صادرات', 'name:en': 'Bank Saderat Iran', 'name:fa': 'بانک صادرات'}"
32,node,3133138845,35.700687,51.393002,"{'amenity': 'bank', 'branch': 'اردیبهشت', 'brand': 'بانک تجارت', 'brand:wikidata': 'Q7695198', 'brand:wikipedia': 'en:Tejarat Bank', 'name': 'بانک تجارت'}"
33,node,3133139189,35.7011013,51.3856,"{'amenity': 'bank', 'atm': 'yes', 'brand': 'بانک سرمایه', 'brand:en': 'Sarmayeh Bank', 'brand:wikidata': 'Q7424291', 'brand:wikipedia': 'en:Sarmayeh Bank', 'name': 'بانک سرمایه', 'name:en': 'Sarmayeh Bank', 'operator': 'سرمایه'}"
34,node,3133139191,35.7010991,51.3886562,"{'amenity': 'bank', 'atm': 'yes', 'brand': 'بانک ملت', 'brand:en': 'Bank Mellat', 'brand:wikidata': 'Q4855944', 'brand:wikipedia': 'en:Bank Mellat', 'name': 'بانک ملت', 'name:en': 'Bank Mellat', 'operator': 'ملّت'}"
35,node,3331504041,35.6753873,51.3831216,"{'amenity': 'cafe', 'cuisine': 'pizza'}"
36,node,3373127073,35.6797205,51.4012341,"{'amenity': 'bank', 'name': 'بانک رسالت', 'name:en': 'Resalat Bank'}"
37,node,3373129703,35.6672666,51.3992002,"{'amenity': 'post_office', 'name': 'اداره پست', 'operator': 'شرکت پست جمهوری اسلامی ایران', 'operator:en': 'Iran Post', 'operator:fa': 'شرکت پست جمهوری اسلامی ایران', 'operator:wikidata': 'Q6066851'}"
38,node,3429992620,35.6909015,51.4107752,"{'amenity': 'bank', 'atm': 'yes', 'brand': 'بانک آینده', 'brand:en': 'Ayandeh Bank', 'brand:wikidata': 'Q5938144', 'brand:wikipedia': 'en:Ayandeh Bank', 'name': 'بانک آینده', 'name:en': 'Ayandeh Bank'}"
39,node,3429992623,35.6920245,51.4110753,"{'amenity': 'bank', 'atm': 'yes', 'brand': 'بانک تجارت', 'brand:wikidata': 'Q7695198', 'brand:wikipedia': 'en:Tejarat Bank', 'name': 'بانک تجارت'}"
40,node,3429992624,35.6905422,51.4107675,"{'amenity': 'bank', 'atm': 'yes', 'brand': 'بانک رفاه', 'brand:en': 'Refah Bank', 'brand:wikidata': 'Q7307083', 'brand:wikipedia': 'en:Refah Bank', 'name': 'بانک رفاه', 'name:en': 'Refah Bank'}"
41,node,3429992625,35.6900535,51.4106825,"{'amenity': 'bank', 'atm': 'yes', 'brand': 'بانک صادرات', 'brand:en': 'Bank Saderat Iran', 'brand:fa': 'بانک صادرات', 'brand:wikidata': 'Q2882608', 'brand:wikipedia': 'en:Bank Saderat Iran', 'name': 'بانک صادرات', 'name:en': 'Bank Saderat Iran', 'name:fa': 'بانک صادرات', 'ref': '1900220'}"
42,node,3476447765,35.6772719,51.4125475,"{'amenity': 'place_of_worship', 'name': 'حاج رجب علی', 'religion': 'muslim', 'wikidata': 'Q5870880'}"
43,node,3494693298,35.6734986,51.4121899,"{'amenity': 'community_centre', 'name': 'سرای محله سنگلج (دکتر حسابی)'}"
44,node,3494693305,35.6726074,51.4112458,"{'amenity': 'police', 'name': 'ایستگاه ۱ کلانتری ۱۱۳', 'name:en': 'Police Station'}"
45,node,3635374489,35.6609608,51.3860787,"{'addr:city': 'تهران', 'amenity': 'restaurant', 'capacity': '20', 'cuisine': 'regional', 'delivery': 'no', 'name': 'طباخی', 'opening_hours': '17:00-21:00', 'smoking': 'no', 'takeaway': 'yes'}"
46,node,3635431533,35.6681741,51.3837708,"{'amenity': 'bank', 'atm': 'yes', 'brand': 'بانک سپه', 'brand:en': 'Bank Sepah', 'brand:wikidata': 'Q2882624', 'brand:wikipedia': 'en:Bank Sepah', 'name': 'بانک سپه', 'name:en': 'Bank Sepah', 'operator': '۸-۱۴:۳۰'}"
47,node,3805714712,35.6963951,51.3843836,"{'addr:street': 'جمهوری اسلامی', 'amenity': 'bank', 'atm': 'yes', 'brand': 'بانک صادرات', 'brand:en': 'Bank Saderat Iran', 'brand:fa': 'بانک صادرات', 'brand:wikidata': 'Q2882608', 'brand:wikipedia': 'en:Bank Saderat Iran', 'name': 'بانک صادرات', 'name:en': 'Bank Saderat Iran', 'name:fa': 'بانک صادرات'}"
48,node,3805717838,35.6962508,51.3869317,"{'addr:street': 'جمهوری اسلامی', 'amenity': 'bank', 'atm': 'yes', 'brand': 'بانک ملت', 'brand:en': 'Bank Mellat', 'brand:wikidata': 'Q4855944', 'brand:wikipedia': 'en:Bank Mellat', 'name': 'بانک ملت', 'name:en': 'Bank Mellat'}"
49,node,3805717839,35.6959396,51.3990267,"{'amenity': 'bank', 'atm': 'yes', 'brand': 'بانک ملی', 'brand:en': 'Bank Melli Iran', 'brand:wikidata': 'Q806640', 'brand:wikipedia': 'en:Bank Melli Iran', 'name': 'بانک ملی', 'name:en': 'Bank Melli Iran'}"
50,node,3857285445,35.7008717,51.3782572,"{'amenity': 'fast_food', 'cuisine': 'juice', 'name': 'آبمیوه ننه آقا'}"
51,node,3925981957,35.6869321,51.3927413,"{'amenity': 'bank', 'atm': 'yes', 'branch': 'میدان حر', 'name': 'بانک حکمت ایرانیان', 'name:de': 'Iranische Weisheitsbank'}"
52,node,3926689953,35.6644497,51.3868904,"{'addr:city': 'تهران', 'amenity': 'place_of_worship', 'name': 'حسینیه ولیعصر', 'religion': 'muslim'}"
53,node,4086148694,35.6804313,51.3809191,"{'amenity': 'parking', 'name': 'پارکینگ اقاقیا'}"
54,node,4120628212,35.6971373,51.3781378,"{'amenity': 'bank', 'atm': 'yes', 'brand': 'بانک ملی', 'brand:en': 'Bank Melli Iran', 'brand:wikidata': 'Q806640', 'brand:wikipedia': 'en:Bank Melli Iran', 'name': 'بانک ملی', 'name:en': 'Bank Melli Iran'}"
55,node,4141065690,35.7004807,51.3881462,"{'addr:street': 'جمالزاده', 'amenity': 'restaurant', 'name': 'آش نیکو صفت', 'name:en': 'Nikoo Sefat Aash', 'outdoor_seating': 'no', 'phone': '00982166929255', 'smoking': 'no', 'takeaway': 'yes'}"
56,node,4141065989,35.6849178,51.4070842,"{'addr:street': 'باستیون شرقی', 'amenity': 'place_of_worship', 'name': 'مسجد محمدیه', 'religion': 'muslim'}"
57,node,4188778042,35.6977507,51.407202,"{'addr:city': 'تهران', 'addr:housenumber': '35', 'addr:street': 'رازی', 'amenity': 'cafe', 'cuisine': 'coffee_shop', 'cuisine_1': 'ice cream', 'cuisine_2': 'cafe', 'cuisine_3': 'regional', 'internet_access': 'yes', 'name': 'کافه سوفیا', 'name:en': 'Sophia Cafe', 'smoking': 'separated'}"
58,node,4193627022,35.660859,51.398156,"{'addr:city': 'تهران', 'addr:street': 'میدان راه آهن', 'amenity': 'restaurant', 'name': 'قهوه\u200cخانه سنتی آذری', 'name:de': 'Azari - traditionelles Restaurant und Café', 'name:en': 'Azari - Traditional Restaurant and Coffeehouse', 'opening_hours': 'Mo-Su 06:00-23:45'}"
59,node,4266907042,35.6821734,51.3938689,"{'amenity': 'pharmacy', 'healthcare': 'pharmacy', 'name': 'داروخانه آریا', 'name:en': 'Aria Drugstore'}"
60,node,4266907044,35.6803012,51.3908658,{'amenity': 'telephone'}
61,node,4292816180,35.6716663,51.3908845,"{'amenity': 'culture_center', 'name': 'فرهنگسرای رازی'}"
62,node,4319674033,35.6594741,51.3942434,"{'addr:street': 'خطیب', 'amenity': 'kindergarten', 'name': 'مهدکودک پرهام'}"
63,node,4345731589,35.678921,51.3784417,{'amenity': 'atm'}
64,node,4346027275,35.66179,51.3873157,"{'addr:street': 'ایروانی', 'amenity': 'atm', 'name': 'عابربانک حکمت ایرانیان'}"
65,node,4347705990,35.7012803,51.3997268,"{'addr:street': 'انقلاب اسلامی', 'amenity': 'cafe', 'name': 'کافه قنادی ورتا', 'name:en': 'Vorta Café', 'name:eo': 'Vorta kafejo', 'opening_hours': 'Sa-Th 08:00-21:00; Fr 15:00-21:00', 'phone': '+982166475301'}"
66,node,4350387790,35.6802424,51.4045845,"{'amenity': 'bank', 'brand': 'بانک ملی', 'brand:en': 'Bank Melli Iran', 'brand:wikidata': 'Q806640', 'brand:wikipedia': 'en:Bank Melli Iran', 'name': 'بانک ملی', 'name:en': 'Bank Melli Iran'}"
67,node,4355124209,35.660064,51.3980387,"{'amenity': 'bank', 'atm': 'yes', 'brand': 'بانک ملی', 'brand:en': 'Bank Melli Iran', 'brand:wikidata': 'Q806640', 'brand:wikipedia': 'en:Bank Melli Iran', 'name': 'بانک ملی', 'name:en': 'Bank Melli Iran'}"
68,node,4363330291,35.6953717,51.4053695,"{'amenity': 'atm', 'not:brand:wikidata': 'Q4855942', 'operator': 'بانک مسکن'}"
69,node,4396461098,35.6969703,51.4085749,"{'alt_name': 'Roman Catholic Cathedral of Tehran', 'amenity': 'place_of_worship', 'name': 'کلیسای کانسولاتا', 'name:de': 'Kathedrale der Consolata', 'name:en': 'Cathedral of the Consolata', 'name:es': 'Catedral de la Consolata', 'name:it': 'Chiesa della Consolata', 'religion': 'christian', 'wikidata': 'Q27925123', 'wikipedia': 'en:Cathedral of the Consolata, Tehran'}"
70,node,4399368990,35.7006995,51.3976643,"{'amenity': 'bank', 'branch': 'دانشگاه تهران', 'brand': 'بانک ملت', 'brand:en': 'Bank Mellat', 'brand:wikidata': 'Q4855944', 'brand:wikipedia': 'en:Bank Mellat', 'name': 'بانک ملت', 'name:en': 'Bank Mellat'}"
71,node,4417959390,35.6740737,51.3897006,"{'amenity': 'bank', 'brand': 'بانک شهر', 'brand:en': 'Shahr Bank', 'brand:fa': 'بانک شهر', 'brand:wikidata': 'Q5941033', 'brand:wikipedia': 'fa:بانک شهر', 'name': 'بانک شهر', 'name:en': 'Shahr Bank', 'name:fa': 'بانک شهر'}"
72,node,4417963290,35.6689329,51.3820037,"{'amenity': 'atm', 'not:brand:wikidata': 'Q5941033', 'operator': 'بانک شهر'}"
73,node,4417963589,35.7003718,51.3910041,"{'amenity': 'bank', 'atm': 'yes', 'branch': 'صنعتی', 'brand': 'بانک صادرات;بانک صادرات ایران', 'brand:en': 'Bank Saderat Iran', 'brand:fa': 'بانک صادرات', 'brand:wikidata': 'Q2882608', 'brand:wikipedia': 'en:Bank Saderat Iran', 'name': 'بانک صادرات;بانک صادرات ایران', 'name:en': 'Bank Saderat Iran', 'name:fa': 'بانک صادرات', 'ref': '1480'}"
74,node,4417963590,35.693424,51.3923893,"{'amenity': 'bank', 'brand': 'بانک مسکن', 'brand:en': 'Bank Maskan', 'brand:wikidata': 'Q4855942', 'brand:wikipedia': 'en:Bank Maskan', 'name': 'بانک مسکن', 'name:en': 'Bank Maskan'}"
75,node,4417963591,35.6770267,51.3947275,"{'amenity': 'bank', 'branch': 'فارابی', 'brand': 'بانک صادرات', 'brand:en': 'Bank Saderat Iran', 'brand:wikidata': 'Q2882608', 'brand:wikipedia': 'en:Bank Saderat Iran', 'name': 'بانک صادرات', 'name:en': 'Bank Saderat Iran'}"
76,node,4419447491,35.6984919,51.4071466,"{'amenity': 'theatre', 'name': 'تئاتر مستقل تهران'}"
77,node,4419992338,35.6869329,51.379289,"{'amenity': 'bank', 'atm': 'yes', 'brand': 'بانک شهر', 'brand:en': 'Shahr Bank', 'brand:fa': 'بانک شهر', 'brand:wikidata': 'Q5941033', 'brand:wikipedia': 'fa:بانک شهر', 'name': 'بانک شهر', 'name:en': 'Shahr Bank', 'name:fa': 'بانک شهر'}"
78,node,4419993396,35.6752006,51.3806293,"{'addr:city': 'تهران', 'addr:street': 'نواب صفوی', 'amenity': 'place_of_worship', 'building': 'mosque', 'denomination': 'shia', 'name': 'مسجد غفوری', 'religion': 'muslim'}"
79,node,4421629529,35.7005875,51.3902948,"{'amenity': 'bank', 'atm': 'yes', 'brand': 'بانک پارسیان', 'brand:en': 'Parsian Bank', 'brand:wikidata': 'Q2410404', 'brand:wikipedia': 'en:Parsian Bank', 'name': 'بانک پارسیان', 'name:en': 'Parsian Bank'}"
80,node,4421679563,35.6956948,51.3917068,"{'addr:street': 'کارگر جنوبی', 'amenity': 'bank', 'atm': 'yes', 'branch': 'کارگر - تقاطع جمهوری', 'brand': 'بانک آینده', 'brand:en': 'Ayandeh Bank', 'brand:wikidata': 'Q5938144', 'brand:wikipedia': 'en:Ayandeh Bank', 'name': 'بانک آینده', 'name:en': 'Ayandeh Bank'}"
81,node,4421679565,35.6954704,51.392085,"{'amenity': 'bank', 'atm': 'yes', 'brand': 'بانک صادرات', 'brand:en': 'Bank Saderat Iran', 'brand:fa': 'بانک صادرات', 'brand:wikidata': 'Q2882608', 'brand:wikipedia': 'en:Bank Saderat Iran', 'name': 'بانک صادرات', 'name:en': 'Bank Saderat Iran', 'name:fa': 'بانک صادرات'}"
82,node,4423304474,35.6878139,51.3789512,"{'access': 'private', 'amenity': 'toilets', 'toilets:disposal': 'bucket', 'unisex': 'yes', 'wheelchair': 'yes'}"
83,node,4425578889,35.6929868,51.4038185,"{'amenity': 'bank', 'atm': 'yes', 'brand': 'بانک ملت', 'brand:en': 'Bank Mellat', 'brand:wikidata': 'Q4855944', 'brand:wikipedia': 'en:Bank Mellat', 'name': 'بانک ملت', 'name:en': 'Bank Mellat'}"
84,node,4426267214,35.6870185,51.4017513,"{'amenity': 'bank', 'atm': 'yes', 'brand': 'بانک سپه', 'brand:en': 'Bank Sepah', 'brand:wikidata': 'Q2882624', 'brand:wikipedia': 'en:Bank Sepah', 'name': 'بانک سپه', 'name:en': 'Bank Sepah'}"
85,node,4426267215,35.6869549,51.4040219,"{'amenity': 'bank', 'atm': 'yes', 'brand': 'بانک صادرات', 'brand:en': 'Bank Saderat Iran', 'brand:fa': 'بانک صادرات', 'brand:wikidata': 'Q2882608', 'brand:wikipedia': 'en:Bank Saderat Iran', 'name': 'بانک صادرات', 'name:en': 'Bank Saderat Iran', 'name:fa': 'بانک صادرات'}"
86,node,4426267217,35.6868619,51.4030679,"{'amenity': 'bank', 'atm': 'yes', 'brand': 'بانک ملی', 'brand:en': 'Bank Melli Iran', 'brand:wikidata': 'Q806640', 'brand:wikipedia': 'en:Bank Melli Iran', 'name': 'بانک ملی', 'name:en': 'Bank Melli Iran'}"
87,node,4427971703,35.689885,51.3930352,"{'amenity': 'school', 'name': 'مهدکودک و پیش دبستانی آهنگ', 'name:en': 'Ahang Kindergarten'}"
88,node,4437606841,35.6780429,51.3940894,"{'amenity': 'bank', 'atm': 'yes', 'brand': 'بانک صادرات', 'brand:en': 'Bank Saderat Iran', 'brand:wikidata': 'Q2882608', 'brand:wikipedia': 'en:Bank Saderat Iran', 'name': 'بانک صادرات', 'name:en': 'Bank Saderat Iran'}"
89,node,4437606843,35.7004988,51.3906119,"{'addr:city': 'Tehran', 'amenity': 'clinic', 'healthcare': 'clinic', 'name': 'درمانگاه شبانه\u200cروزی اسفند', 'name:en': 'Esfand Clinic', 'opening_hours': '24/7'}"
90,node,4437606844,35.6959709,51.3915706,"{'amenity': 'community_centre', 'community_centre': 'cultural_centre', 'name': 'فرهنگسرای فناوری اطلاعات'}"
91,node,4437606845,35.6970046,51.3915299,"{'amenity': 'bank', 'atm': 'yes', 'brand': 'پست بانک', 'brand:en': 'Post Bank of Iran', 'brand:wikidata': 'Q7233625', 'brand:wikipedia': 'en:Post Bank of Iran', 'name': 'پست بانک', 'name:en': 'Post Bank of Iran'}"
92,node,4440674427,35.6917785,51.4113104,"{'amenity': 'bank', 'atm': 'yes', 'brand': 'بانک اقتصاد نوین', 'brand:en': 'EN Bank', 'brand:wikidata': 'Q5323768', 'brand:wikipedia': 'en:EN Bank', 'name': 'بانک اقتصاد نوین', 'name:en': 'EN Bank'}"
93,node,4441163494,35.6771781,51.3823337,"{'amenity': 'atm', 'operator': 'بانک حمکت ایرانیان'}"
94,node,4442662644,35.7013896,51.3916971,"{'amenity': 'bank', 'brand': 'بانک سپه', 'brand:en': 'Bank Sepah', 'brand:wikidata': 'Q2882624', 'brand:wikipedia': 'en:Bank Sepah', 'name': 'بانک سپه', 'name:en': 'Bank Sepah'}"
95,node,4443902134,35.6999735,51.4064204,{'amenity': 'toilets'}
96,node,4443902135,35.6999233,51.4061862,"{'amenity': 'place_of_worship', 'name': 'نمازخانه', 'religion': 'muslim'}"
97,node,4443902136,35.7003898,51.4066719,{'amenity': 'fountain'}
98,node,4444058006,35.6946427,51.3783614,"{'amenity': 'bank', 'atm': 'yes', 'brand': 'بانک سپه', 'brand:en': 'Bank Sepah', 'brand:wikidata': 'Q2882624', 'brand:wikipedia': 'en:Bank Sepah', 'name': 'بانک سپه', 'name:en': 'Bank Sepah'}"
99,node,4449050099,35.6976089,51.4068925,"{'amenity': 'theatre', 'name': 'تئاتر مستقل تهران', 'name:en': 'Mostaghel theatre'}"
100,node,4449679690,35.7011567,51.4101583,"{'addr:street': 'انقلاب اسلامی', 'amenity': 'restaurant', 'name': 'اکبر جوجه', 'name:en': 'Akbar Jooje'}"
101,node,4456383991,35.7012838,51.399834,"{'amenity': 'bank', 'brand': 'بانک کشاورزی', 'brand:en': 'Bank Keshavarzi Iran', 'brand:wikidata': 'Q6395007', 'brand:wikipedia': 'en:Bank Keshavarzi Iran', 'name': 'بانک کشاورزی', 'name:en': 'Bank Keshavarzi Iran'}"
102,node,4456411891,35.7013677,51.4014123,"{'amenity': 'atm', 'brand': 'بانک پارسیان', 'brand:en': 'Parsian Bank', 'brand:wikidata': 'Q2410404', 'brand:wikipedia': 'en:Parsian Bank', 'name': 'بانک پارسیان', 'name:en': 'Parsian Bank', 'operator': 'بانک پارسیان', 'operator:wikidata': 'Q2410404', 'operator:wikipedia': 'en:Parsian Bank'}"
103,node,4456458989,35.6692321,51.3955333,"{'amenity': 'bank', 'brand': 'بانک رفاه', 'brand:en': 'Refah Bank', 'brand:wikidata': 'Q7307083', 'brand:wikipedia': 'en:Refah Bank', 'name': 'بانک رفاه', 'name:en': 'Refah Bank'}"
104,node,4463704990,35.7005725,51.3902619,"{'addr:street': 'میدان انقلاب\u200c اسلامی', 'amenity': 'clinic', 'healthcare': 'clinic', 'name': 'مرکز سی تی اسکن کامرانی', 'opening_hours': 'Sa-Th', 'phone': '+98 21 6643 2035'}"
105,node,4469439294,35.7011253,51.3831939,"{'amenity': 'bank', 'atm': 'yes', 'brand': 'بانک ملت', 'brand:en': 'Bank Mellat', 'brand:wikidata': 'Q4855944', 'brand:wikipedia': 'en:Bank Mellat', 'name': 'بانک ملت', 'name:en': 'Bank Mellat'}"
106,node,4469441490,35.7006101,51.3836004,"{'amenity': 'bank', 'brand': 'بانک رفاه', 'brand:en': 'Refah Bank', 'brand:wikidata': 'Q7307083', 'brand:wikipedia': 'en:Refah Bank', 'name': 'بانک رفاه', 'name:en': 'Refah Bank'}"
107,node,4471579092,35.6980618,51.393976,"{'amenity': 'restaurant', 'name': 'خورشید', 'name:en': 'Khorshid'}"
108,node,4501002891,35.6995742,51.4022672,"{'addr:street': 'وحید نظری', 'amenity': 'clinic', 'healthcare': 'clinic', 'name': 'درمانگاه ابوریحان', 'name:en': 'Abureihan Day Clinic'}"
109,node,4502573190,35.6927558,51.3971366,{'amenity': 'bench'}
110,node,4511079661,35.6907949,51.3949986,"{'addr:city': 'Tehran', 'addr:street': 'دوازدهم فروردین', 'amenity': 'bank', 'atm': 'yes', 'brand': 'بانک ملت', 'brand:en': 'Bank Mellat', 'brand:wikidata': 'Q4855944', 'brand:wikipedia': 'en:Bank Mellat', 'drive_through': 'yes', 'name': 'بانک ملت', 'name:en': 'Bank Mellat'}"
111,node,4545894890,35.6965263,51.4122781,"{'amenity': 'bank', 'brand': 'بانک پارسیان', 'brand:en': 'Parsian Bank', 'brand:wikidata': 'Q2410404', 'brand:wikipedia': 'en:Parsian Bank', 'name': 'بانک پارسیان', 'name:en': 'Parsian Bank'}"
112,node,4548129590,35.6949138,51.4120482,"{'addr:street': 'جمهوری اسلامی', 'amenity': 'cinema', 'name': 'پردیس چارسو', 'name:en': 'Charsoo complex', 'opening_hours': 'Mo-Su 10:00-23:59'}"
113,node,4552274791,35.6727646,51.409871,"{'amenity': 'drinking_water', 'name': 'سقاخانه', 'name:en': 'sagha khaneh'}"
114,node,4556132821,35.6874529,51.398057,"{'amenity': 'atm', 'wheelchair': 'no'}"
115,node,4556132823,35.6907024,51.3985899,"{'amenity': 'atm', 'level': '0'}"
116,node,4577321497,35.6598956,51.3976894,"{'amenity': 'bank', 'atm': 'yes', 'brand': 'بانک رفاه', 'brand:en': 'Refah Bank', 'brand:wikidata': 'Q7307083', 'brand:wikipedia': 'en:Refah Bank', 'name': 'بانک رفاه', 'name:en': 'Refah Bank'}"
117,node,4577357600,35.6615029,51.3969877,"{'addr:city': 'تهران', 'amenity': 'pharmacy', 'healthcare': 'pharmacy', 'name': 'داروخانه تربیت'}"
118,node,4577357601,35.6608286,51.3970146,"{'addr:city': 'تهران', 'amenity': 'bank', 'atm': 'yes', 'brand': 'بانک صادرات', 'brand:en': 'Bank Saderat Iran', 'brand:fa': 'بانک صادرات', 'brand:wikidata': 'Q2882608', 'brand:wikipedia': 'en:Bank Saderat Iran', 'name': 'بانک صادرات', 'name:en': 'Bank Saderat Iran', 'name:fa': 'بانک صادرات'}"
119,node,4592544290,35.6859537,51.4106318,{'amenity': 'atm'}
120,node,4610131197,35.6801646,51.3906973,"{'amenity': 'toilets', 'operator': 'ولیعصر'}"
121,node,4628683005,35.6812408,51.4011424,"{'addr:street': 'میدان منیریه', 'amenity': 'courthouse', 'name': 'دادسرای ناحیه یازده', 'nat_name': 'دادسرای ناحیه 11'}"
122,node,4646271191,35.6966312,51.3806756,"{'addr:street': 'جمهوری اسلامی', 'amenity': 'pharmacy', 'healthcare': 'pharmacy', 'name': 'داروخانه شبانه روزی جمهوری', 'opening_hours': '24/7'}"
123,node,4646703394,35.6935283,51.387644,"{'amenity': 'bank', 'atm': 'yes', 'brand': 'بانک پارسیان', 'brand:en': 'Parsian Bank', 'brand:wikidata': 'Q2410404', 'brand:wikipedia': 'en:Parsian Bank', 'name': 'بانک پارسیان', 'name:en': 'Parsian Bank'}"
124,node,4680107490,35.6884828,51.4068308,"{'addr:street': 'مرتضی زمانپور', 'amenity': 'school', 'name': 'علامه حلی ۱', 'name:en': 'Allame helli 1', 'website': 'http://helli1.ir'}"
125,node,4689296890,35.6672335,51.3839189,"{'addr:city': 'تهران', 'amenity': 'cinema'}"
126,node,4711868991,35.6780359,51.401166,"{'amenity': 'bank', 'name': 'موسسه نور'}"
127,node,4711889391,35.6779907,51.4011648,"{'amenity': 'bank', 'brand': 'بانک پاسارگاد', 'brand:en': 'Bank Pasargad', 'brand:wikidata': 'Q4855962', 'brand:wikipedia': 'en:Bank Pasargad', 'name': 'بانک پاسارگاد', 'name:en': 'Bank Pasargad'}"
128,node,4711942789,35.6762144,51.4006833,"{'amenity': 'bank', 'brand': 'بانک ملی', 'brand:en': 'Bank Melli Iran', 'brand:wikidata': 'Q806640', 'brand:wikipedia': 'en:Bank Melli Iran', 'name': 'بانک ملی', 'name:en': 'Bank Melli Iran'}"
129,node,4711981491,35.6765034,51.4007168,"{'amenity': 'bank', 'brand': 'بانک پارسیان', 'brand:en': 'Parsian Bank', 'brand:wikidata': 'Q2410404', 'brand:wikipedia': 'en:Parsian Bank', 'name': 'بانک پارسیان', 'name:en': 'Parsian Bank'}"
130,node,4713069892,35.7003612,51.3894981,"{'amenity': 'cafe', 'internet_access': 'wlan', 'name': 'کافه شیشا', 'name:en': 'Shisha Cafe', 'source:name': 'map.ir'}"
131,node,4715094196,35.7000512,51.4042138,"{'amenity': 'restaurant', 'name': 'دیزی سرای سبلان', 'name:en': 'Sabalan Restaurant'}"
132,node,4715094197,35.7002752,51.4037241,"{'amenity': 'cafe', 'name': 'قهوه قجری', 'name:en': 'Qajari Coffee'}"
133,node,4715379489,35.6781514,51.4012114,"{'amenity': 'bank', 'atm': 'yes', 'brand': 'بانک سپه', 'brand:en': 'Bank Sepah', 'brand:wikidata': 'Q2882624', 'name': 'بانک سپه', 'name:en': 'Bank Sepah'}"
134,node,4736287822,35.6999608,51.4100841,"{'addr:street': 'Khark st.', 'amenity': 'cafe', 'cuisine': 'italian;italian_pizza;pasta', 'internet_access': 'wlan', 'name': 'تنور خانگی', 'name:en': 'Tanoor Khanegi', 'phone': '+98 912 297 8375', 'website': 'http://tanoorkhanegi.com'}"
135,node,4740097821,35.6971247,51.4112496,"{'addr:street': 'نوفل لوشاتو', 'amenity': 'cafe', 'name': 'کافه رستوران ریرا', 'name:en': 'Reera Café and Restaurant', 'phone': '+98 21 6670 7646'}"
136,node,4740860122,35.6809464,51.4044867,{'amenity': 'atm'}
137,node,4741776521,35.7002871,51.4045691,"{'addr:city': 'Tehran', 'amenity': 'cafe', 'name': 'کافه گرامافون', 'name:en': 'Gramophone Cafe'}"
138,node,4750760221,35.6927196,51.3879418,"{'amenity': 'school', 'name': 'آموزشگاه دخترانه مطهر'}"
139,node,4769821491,35.6824554,51.3788779,"{'amenity': 'school', 'name': 'دبیرستان و هنرستان خاتم الانبیا'}"
140,node,4770822724,35.6738908,51.3814329,"{'amenity': 'atm', 'brand': 'بانک صادرات', 'brand:en': 'Bank Saderat Iran', 'brand:fa': 'بانک صادرات', 'brand:wikidata': 'Q2882608', 'brand:wikipedia': 'en:Bank Saderat Iran', 'name': 'خودپرداز بانک صادرات', 'name:en': 'Saderat Iran atm', 'name:fa': 'بانک صادرات', 'operator': 'بانک صادرات', 'operator:wikidata': 'Q2882608', 'operator:wikipedia': 'en:Bank Saderat Iran'}"
141,node,4770842921,35.6734981,51.3802132,"{'amenity': 'bank', 'atm': 'yes', 'branch': 'چهارراه رضائی', 'brand': 'بانک صادرات', 'brand:en': 'Bank Saderat Iran', 'brand:fa': 'بانک صادرات', 'brand:wikidata': 'Q2882608', 'brand:wikipedia': 'en:Bank Saderat Iran', 'name': 'بانک صادرات', 'name:en': 'Bank Saderat Iran', 'name:fa': 'بانک صادرات', 'opening_hours': 'Sa-We 08:00-16:00; Th 08:00-12:00'}"
142,node,4772961207,35.696555,51.3865703,"{'addr:street': 'جمهوری اسلامی', 'amenity': 'bank', 'brand': 'بانک سرمایه', 'brand:en': 'Sarmayeh Bank', 'brand:wikidata': 'Q7424291', 'brand:wikipedia': 'en:Sarmayeh Bank', 'name': 'بانک سرمایه', 'name:en': 'Sarmayeh Bank'}"
143,node,4776018123,35.6998098,51.3876579,"{'amenity': 'atm', 'operator': '۹۶۵۶'}"
144,node,4781193225,35.696296,51.3866246,"{'addr:street': 'جمهوری اسلامی', 'amenity': 'bank', 'atm': 'yes', 'brand': 'بانک اقتصاد نوین', 'brand:en': 'EN Bank', 'brand:wikidata': 'Q5323768', 'brand:wikipedia': 'en:EN Bank', 'name': 'بانک اقتصاد نوین', 'name:en': 'EN Bank'}"
145,node,4781193247,35.6964747,51.3895892,"{'amenity': 'bank', 'atm': 'yes', 'brand': 'بانک سپه', 'brand:en': 'Bank Sepah', 'brand:wikidata': 'Q2882624', 'brand:wikipedia': 'en:Bank Sepah', 'name': 'بانک سپه', 'name:en': 'Bank Sepah'}"
146,node,4781193248,35.6959301,51.3934364,"{'addr:street': 'جمهوری اسلامی', 'amenity': 'bank', 'atm': 'yes', 'brand': 'بانک رفاه', 'brand:en': 'Refah Bank', 'brand:wikidata': 'Q7307083', 'brand:wikipedia': 'en:Refah Bank', 'name': 'بانک رفاه', 'name:en': 'Refah Bank'}"
147,node,4781193252,35.6958105,51.3959769,"{'addr:street': 'جمهوری اسلامی', 'amenity': 'bank', 'atm': 'yes', 'brand': 'بانک صادرات', 'brand:en': 'Bank Saderat Iran', 'brand:wikidata': 'Q2882608', 'brand:wikipedia': 'en:Bank Saderat Iran', 'name': 'بانک صادرات', 'name:en': 'Bank Saderat Iran'}"
148,node,4781193253,35.6958127,51.3957999,"{'addr:street': 'جمهوری اسلامی', 'amenity': 'bank', 'atm': 'yes', 'brand': 'بانک تجارت', 'brand:wikidata': 'Q7695198', 'brand:wikipedia': 'en:Tejarat Bank', 'name': 'بانک تجارت', 'name:en': 'Tejarat Bank'}"
149,node,4781193254,35.6956319,51.3989568,"{'amenity': 'bank', 'atm': 'yes', 'brand': 'بانک سپه', 'brand:en': 'Bank Sepah', 'brand:wikidata': 'Q2882624', 'brand:wikipedia': 'en:Bank Sepah', 'name': 'بانک سپه', 'name:en': 'Bank Sepah'}"
150,node,4781193257,35.6957505,51.4026232,"{'addr:street': 'جمهوری اسلامی', 'amenity': 'bank', 'atm': 'yes', 'brand': 'بانک سپه', 'brand:en': 'Bank Sepah', 'brand:wikidata': 'Q2882624', 'brand:wikipedia': 'en:Bank Sepah', 'name': 'بانک سپه', 'name:en': 'Bank Sepah'}"
151,node,4781193258,35.6957788,51.402473,"{'addr:street': 'جمهوری اسلامی', 'amenity': 'bank', 'atm': 'yes', 'brand': 'بانک تجارت', 'brand:wikidata': 'Q7695198', 'brand:wikipedia': 'en:Tejarat Bank', 'name': 'بانک تجارت'}"
152,node,4783401876,35.695914,51.399984,"{'addr:street': 'جمهوری اسلامی', 'amenity': 'bank', 'atm': 'yes', 'brand': 'بانک رفاه', 'brand:en': 'Refah Bank', 'brand:wikidata': 'Q7307083', 'brand:wikipedia': 'en:Refah Bank', 'name': 'بانک رفاه', 'name:en': 'Refah Bank'}"
153,node,4783401877,35.6958268,51.4010784,"{'amenity': 'bank', 'atm': 'yes', 'brand': 'بانک پاسارگاد', 'brand:en': 'Bank Pasargad', 'brand:wikidata': 'Q4855962', 'brand:wikipedia': 'en:Bank Pasargad', 'name': 'بانک پاسارگاد', 'name:en': 'Bank Pasargad'}"
154,node,4786861081,35.6923158,51.3815956,"{'addr:street': 'اسکندری', 'amenity': 'bank', 'atm': 'yes', 'brand': 'بانک ملی', 'brand:en': 'Bank Melli Iran', 'brand:wikidata': 'Q806640', 'brand:wikipedia': 'en:Bank Melli Iran', 'disused': 'yes', 'name': 'بانک ملی', 'name:en': 'Bank Melli Iran'}"
155,node,4786861082,35.6924634,51.381593,"{'addr:street': 'اسکندری', 'amenity': 'pharmacy', 'healthcare': 'pharmacy', 'name': 'داروخانه ستایا', 'phone': '+98 21 6683 4471'}"
156,node,4791600156,35.6736042,51.3781732,"{'addr:city': 'تهران', 'amenity': 'pharmacy', 'healthcare': 'pharmacy', 'name': 'داروخانه دکتر شهراسبی', 'opening_hours': 'Sa-Th 09:00-21:00+'}"
157,node,4795520573,35.6950925,51.3784941,"{'amenity': 'taxi', 'name': 'مترو نواب - قصرالدشت'}"
158,node,4795520574,35.6951438,51.3784923,"{'amenity': 'taxi', 'name': 'مترو نواب - بریانک'}"
159,node,4795520575,35.6944251,51.3785475,"{'amenity': 'taxi', 'name': 'مترو نواب - پایانه سروری'}"
160,node,4798667650,35.7010183,51.4126927,"{'amenity': 'restaurant', 'name': 'کبابی حافظ'}"
161,node,4798690216,35.7011351,51.4106985,"{'amenity': 'bank', 'name': 'بانک'}"
162,node,4799195818,35.6967387,51.411788,{'amenity': 'bank'}
163,node,4799197528,35.687363,51.4101689,"{'amenity': 'bank', 'brand': 'بانک سپه', 'brand:en': 'Bank Sepah', 'brand:wikidata': 'Q2882624', 'brand:wikipedia': 'en:Bank Sepah', 'name': 'بانک سپه', 'name:en': 'Bank Sepah'}"
164,node,4800368199,35.680669,51.4065481,"{'amenity': 'toilets', 'name': 'دستشویی'}"
165,node,4803507567,35.6759833,51.4041041,"{'amenity': 'toilets', 'name': 'دستشویی'}"
166,node,4803865064,35.6699443,51.3999377,"{'amenity': 'post_office', 'name': 'اداره پست', 'operator': 'شرکت پست جمهوری اسلامی ایران', 'operator:en': 'Iran Post', 'operator:fa': 'شرکت پست جمهوری اسلامی ایران', 'operator:wikidata': 'Q6066851'}"
167,node,4804089778,35.6951649,51.4085679,"{'amenity': 'bureau_de_change', 'name': 'صرافی پاسخگو', 'name:en': 'Pasokhgoo Exchange'}"
168,node,4809053005,35.697465,51.406997,"{'addr:housenumber': '20', 'addr:street': 'رازی', 'amenity': 'bureau_de_change', 'name': 'صرافی صبا', 'name:en': 'Saba exchenge', 'phone': '66961776'}"
169,node,4809053006,35.697397,51.4046378,"{'amenity': 'restaurant', 'name': 'رستوران'}"
170,node,4818292437,35.6884864,51.39437,{'amenity': 'toilets'}
171,node,4820618172,35.6956842,51.4040326,"{'addr:city': 'Tehran', 'amenity': 'cinema', 'name': 'سینما آسیا', 'name:en': 'Asia Movie Theater'}"
172,node,4820618177,35.6992484,51.4042184,"{'amenity': 'parking', 'name': 'پارکینگ'}"
173,node,4820618178,35.6996637,51.4039889,"{'amenity': 'place_of_worship', 'denomination': 'shia', 'name': 'حسینیه', 'religion': 'muslim'}"
174,node,4821237822,35.6695801,51.4028221,"{'amenity': 'atm', 'operator': 'حامد'}"
175,node,4825357313,35.6992801,51.3917151,"{'amenity': 'police', 'name': 'پلیس فتا', 'name:en': 'Cyber Police'}"
176,node,4827474670,35.6953327,51.4116725,"{'addr:street': 'جمهوری اسلامی', 'amenity': 'bank', 'atm': 'yes', 'brand': 'بانک پاسارگاد', 'brand:en': 'Bank Pasargad', 'brand:wikidata': 'Q4855962', 'brand:wikipedia': 'en:Bank Pasargad', 'name': 'بانک پاسارگاد', 'name:en': 'Bank Pasargad'}"
177,node,4827474671,35.6952723,51.4113369,"{'addr:street': 'جمهوری اسلامی', 'amenity': 'bank', 'atm': 'yes', 'brand': 'بانک تجارت', 'brand:wikidata': 'Q7695198', 'brand:wikipedia': 'en:Tejarat Bank', 'name': 'بانک تجارت', 'name:en': 'Tejarat Bank'}"
178,node,4834796695,35.69788,51.386298,"{'amenity': 'toilets', 'name': 'دستشویی عمومی'}"
179,node,4834839789,35.6996793,51.3823775,"{'amenity': 'toilets', 'name': 'دستشویی عمومی'}"
180,node,4834839790,35.6992819,51.3825344,"{'amenity': 'fast_food', 'name': 'ساندویچ'}"
181,node,4835481122,35.6809969,51.3803892,"{'amenity': 'bus_station', 'bus': 'yes', 'name': 'کمیل، جنوب به شمال - سامانه ۴ تندرو', 'name:en': 'Komeyl, South To North - BRT 4', 'public_transport': 'station'}"
182,node,4931241711,35.698466,51.4022036,"{'amenity': 'pharmacy', 'healthcare': 'pharmacy', 'name': 'داروخانه پرتو'}"
183,node,4936684123,35.6984131,51.4036839,"{'amenity': 'events_venue', 'name': 'تالار'}"
184,node,4975814123,35.6952561,51.3921193,"{'amenity': 'bank', 'brand': 'بانک قرض الحسنه مهر ایران', 'brand:en': 'Qarz Al-Hasaneh Mehr Iran Bank', 'brand:fa': 'بانک قرض الحسنه مهر ایران', 'brand:wikidata': 'Q18327813', 'name': 'بانک قرض الحسنه مهر ایران', 'name:en': 'Qarz Al-Hasaneh Mehr Iran Bank', 'name:fa': 'بانک قرض الحسنه مهر ایران', 'short_name': 'QMB'}"
185,node,4975864821,35.6902095,51.3928042,"{'amenity': 'bank', 'branch': 'کارگر - امام خمینی', 'brand': 'بانک سپه', 'brand:en': 'Bank Sepah', 'brand:wikidata': 'Q2882624', 'name': 'بانک سپه', 'name:en': 'Bank Sepah'}"
186,node,4984329069,35.6682946,51.3924739,{'amenity': 'toilets'}
187,node,5029786721,35.7006087,51.3833414,{'amenity': 'atm'}
188,node,5051593021,35.6752651,51.407817,"{'amenity': 'fast_food', 'name:en': 'restaurant street'}"
189,node,5068535321,35.6969923,51.4075,"{'addr:street': 'نوفل لوشاتو', 'amenity': 'theatre', 'name': 'پردیس تئاتر شهرزاد', 'name:en': 'Shahrzad Theater Campus'}"
190,node,5110583362,35.7009957,51.402595,"{'amenity': 'arts_centre', 'branch': 'تهران بزرگ', 'name': 'انجمن خوشنویسان ایران', 'name:tr': 'İran Hattatlar Derneği'}"
191,node,5149342924,35.7007446,51.3781199,{'amenity': 'police'}
192,node,5169957021,35.6650428,51.4056851,"{'amenity': 'police', 'name': 'پلیس مبارزه با مواد مخدر فاتب', 'name:en': 'Fateb anti narcotic police'}"
193,node,5175157926,35.698643,51.4094449,"{'amenity': 'restaurant', 'diet:vegan': 'yes', 'diet:vegetarian': 'only', 'email': 'noonslowfood@gmail.com', 'name': 'آسه\u200cخوری نون', 'name:en': 'Noon Slow Food (Vegan / Vegetarian )', 'opening_hours': 'Mo-Su 12:00-12:00', 'operator': 'Wahid', 'phone': '+989127139172', 'source:name': 'map.ir'}"
194,node,5200361223,35.6675214,51.3962356,"{'addr:street': 'برادران جوادیان (قلمستان)', 'amenity': 'pharmacy', 'healthcare': 'pharmacy', 'name': 'داروخانه'}"
195,node,5200361224,35.6668235,51.3963536,"{'addr:street': 'میدان گمرک تهران', 'amenity': 'restaurant', 'name': 'رستوران سلمان فارسی'}"
196,node,5200369224,35.6755445,51.3950805,"{'addr:street': 'میدان قزوین', 'amenity': 'restaurant', 'name': 'رستوران ملی'}"
197,node,5203829431,35.6724366,51.4036455,"{'amenity': 'atm', 'operator': 'بانک انصار'}"
198,node,5220040823,35.6962425,51.3822627,"{'amenity': 'music_school', 'name': 'آموزشگاه موسیقی سرودمهر', 'phone': '+98 21 66425418', 'website': 'http://www.soroodemehr.com'}"
199,node,5242595022,35.699346,51.4020044,"{'addr:street': 'وحید نظری', 'amenity': 'cafe', 'name': 'قهوه خانه آپادانا'}"
200,node,5246359421,35.6724436,51.4037643,"{'amenity': 'atm', 'opening_hours': '24/7', 'operator': 'بانک انصار'}"
201,node,5265655921,35.6997134,51.4027946,"{'amenity': 'cafe', 'name': 'کافه پیانو', 'name:en': 'Piano Cafe'}"
202,node,5269811524,35.6947772,51.4122623,{'amenity': 'restaurant'}
203,node,5287800137,35.6859248,51.4105617,"{'amenity': 'bank', 'atm': 'yes', 'brand': 'بانک ملی', 'brand:en': 'Bank Melli Iran', 'brand:wikidata': 'Q806640', 'brand:wikipedia': 'en:Bank Melli Iran', 'name': 'بانک ملی', 'name:en': 'Bank Melli Iran'}"
204,node,5289211822,35.6864783,51.4098567,"{'amenity': 'bank', 'brand': 'بانک شهر', 'brand:en': 'Shahr Bank', 'brand:fa': 'بانک شهر', 'brand:wikidata': 'Q5941033', 'brand:wikipedia': 'fa:بانک شهر', 'name': 'بانک شهر', 'name:en': 'Shahr Bank', 'name:fa': 'بانک شهر'}"
205,node,5302481523,35.6724885,51.4039436,{'amenity': 'post_office'}
206,node,5302493922,35.6920856,51.3949204,"{'amenity': 'school', 'name': 'دبیرستان پاسداران اسلام', 'name:en': 'pasdaran islam high school'}"
207,node,5302494221,35.6752297,51.4007264,"{'amenity': 'fast_food', 'name': 'فلافل مامان جون', 'name:en': 'Maman Jun'}"
208,node,5302494222,35.6727783,51.4040279,"{'amenity': 'restaurant', 'name': 'علی کبابی', 'name:en': 'ali kababi'}"
209,node,5302494223,35.672737,51.4066703,"{'amenity': 'fast_food', 'cuisine': 'pizza', 'name': 'پیتزا آرش', 'name:en': 'Arash Pizza'}"
210,node,5317752788,35.6732161,51.4076893,"{'amenity': 'pharmacy', 'healthcare': 'pharmacy', 'name': 'داروخانه شاپور', 'name:en': 'Shapur Pharmacy'}"
211,node,5317752789,35.6730278,51.4071956,"{'amenity': 'restaurant', 'name': 'چلوکبابی نریمانی', 'name:en': 'Narimani Kebabs'}"
212,node,5317752790,35.6736333,51.4074706,"{'amenity': 'restaurant', 'name': 'رستوران رفتاری', 'name:en': 'Raftari'}"
213,node,5317752791,35.6750041,51.4077678,"{'amenity': 'pharmacy', 'healthcare': 'pharmacy', 'name': 'داروخانه اعتبار', 'name:en': ""E'tebar Pharmacy""}"
214,node,5344786625,35.6931581,51.4038533,"{'amenity': 'bank', 'brand': 'بانک پاسارگاد', 'brand:en': 'Bank Pasargad', 'brand:wikidata': 'Q4855962', 'brand:wikipedia': 'en:Bank Pasargad', 'check_date': '2023-12-07', 'name': 'بانک پاسارگاد', 'name:en': 'Bank Pasargad'}"
215,node,5373830022,35.6772194,51.3825301,"{'addr:housenumber': '3', 'addr:street': 'قاسم جوانمرد', 'amenity': 'fast_food', 'cuisine': 'sausage', 'internet_access': 'wlan', 'name': 'ساندویچ ۸ هشت', 'name:en': 'The Eighth 8 Sandvich’s', 'opening_hours': '24/7', 'operator': 'Mr Hosseini', 'phone': '+982155404203', 'website': 'http://www.eightvich.com'}"
216,node,5411683085,35.6975429,51.3785845,"{'amenity': 'ice_cream', 'name': 'بستنی بابا رحیم'}"
217,node,5463928641,35.6653852,51.4057554,"{'amenity': 'police', 'name': 'پایگاه پنجم پلیس آگاهی تهران'}"
218,node,5537378422,35.7004561,51.4110433,{'amenity': 'drinking_water'}
219,node,5537378423,35.7005746,51.4110987,{'amenity': 'toilets'}
220,node,5537399821,35.6914578,51.4061254,"{'addr:housenumber': '173', 'addr:street': 'شیخ هادی', 'amenity': 'place_of_worship', 'name': 'مقبره حاج شیخ هادی نجم آبادی', 'name:en': 'Mausoleum of Haj Sheykh Hadi Najm Abadi', 'source:name': 'map.ir'}"
221,node,5589750526,35.7008475,51.3783969,"{'addr:street': 'توحید', 'amenity': 'pharmacy', 'dispensing': 'yes', 'healthcare': 'pharmacy', 'name': 'داروخانه دکتر افشین امینی'}"
222,node,5593962428,35.6978447,51.3785634,"{'addr:street': 'ارومیه', 'amenity': 'cafe', 'name': 'کافه دیوان', 'name:en': 'Divan cafe'}"
223,node,5597781700,35.6986793,51.3918876,"{'amenity': 'school', 'name': 'آموزشگاه پارسه'}"
224,node,5608537974,35.696531,51.3870168,"{'addr:street': 'جمهوری اسلامی', 'amenity': 'doctors', 'healthcare': 'doctor', 'healthcare:speciality': 'طب_سنتی_اسلامی', 'name': 'مطب حکیم دکتر حسین روازاده', 'phone': '+98 21 6692 0128', 'website': 'https://www.ravazadeh.com/'}"
225,node,5615287324,35.684892,51.3804871,"{'amenity': 'fast_food', 'name': 'فست فود'}"
226,node,5615311221,35.6879984,51.3828956,"{'amenity': 'fast_food', 'name': 'فست فود'}"
227,node,5628391025,35.6672807,51.405934,"{'alt_name': 'مرکز تخصوصی باجاج', 'amenity': 'car_rental', 'fixme': 'برچسب درست نیست', 'name': 'مرکز خدمات پس از فروش گروه صنعتی فارس'}"
228,node,5681180923,35.6970569,51.3962596,"{'addr:city': 'تهران', 'addr:housenumber': '196', 'addr:street': 'لبافی نژاد فخر رازی', 'amenity': 'restaurant', 'cuisine': 'iranian;regional;kebab;kabab;کباب;چلوکباب;جوجه_کباب', 'delivery': 'yes', 'name': 'رستوران فرد جوان', 'opening_hours': 'Mo-Su 10:00-22:00', 'outdoor_seating': 'no'}"
229,node,5702246521,35.7010106,51.4074136,"{'amenity': 'toilets', 'fee': 'no', 'unisex': 'yes'}"
230,node,5755654321,35.6921724,51.4037932,{'amenity': 'motorcycle_parking'}
231,node,5772769008,35.6609207,51.3962596,"{'amenity': 'bus_station', 'bus': 'yes', 'name': 'پایانه اتوبوس معین', 'public_transport': 'station'}"
232,node,5772774556,35.6592139,51.3989895,"{'amenity': 'restaurant', 'name': 'رستوران میلاد'}"
233,node,5778270842,35.668545,51.396257,{'amenity': 'bicycle_repair_station'}
234,node,5803067103,35.7002641,51.391039,"{'addr:city': 'Tehran', 'amenity': 'pharmacy', 'dispensing': 'yes', 'healthcare': 'pharmacy', 'name': 'داروخانه شبانه\u200cروزی دکتر مهدی محمدی', 'name:en': 'Dr. Mashhoori Pharmacy', 'opening_hours': '24/7', 'phone': '+982166918071'}"
235,node,5818652854,35.695293,51.4059843,"{'addr:city': 'Tehran', 'amenity': 'bank', 'brand': 'بانک سامان', 'brand:en': 'Saman Bank', 'brand:wikidata': 'Q4117676', 'brand:wikipedia': 'en:Saman Bank', 'name': 'بانک سامان', 'name:en': 'Saman Bank'}"
236,node,5818666354,35.6955823,51.4058298,"{'amenity': 'disused', 'brand': 'بانک انصار', 'brand:en': 'Ansar Bank', 'brand:fa': 'بانک انصار', 'brand:wikidata': 'Q5862675', 'brand:wikipedia': 'fa:بانک انصار', 'disused:amenity': 'bank', 'name': 'بانک انصار', 'name:en': 'Ansar Bank', 'name:fa': 'بانک انصار'}"
237,node,5839279058,35.6751209,51.3807317,"{'addr:street': 'نواب صفوی', 'amenity': 'pharmacy', 'dispensing': 'yes', 'healthcare': 'pharmacy', 'name': 'داروخانه شبانه\u200cروزی قیومی', 'opening_hours': '24/7'}"
238,node,5924193956,35.68338,51.4109438,{'amenity': 'toilets'}
239,node,5924193957,35.6832031,51.4110766,{'amenity': 'drinking_water'}
240,node,5942210185,35.6720347,51.3843461,"{'amenity': 'fast_food', 'name': 'دالون'}"
241,node,5981225690,35.6811086,51.4093104,"{'amenity': 'restaurant', 'name': 'باغ بهشت', 'name:en': 'Paradise garden', 'source:name': 'map.ir'}"
242,node,6010138192,35.6978371,51.3786303,"{'addr:street': 'ارومیه', 'amenity': 'restaurant', 'name': 'غذای خانگی یاس', 'name:en': 'Yas catering', 'opening_hours': 'Mo-Su 11:30-20:00', 'phone': '+98 21 6642 8169'}"
243,node,6023153779,35.6817041,51.3796237,"{'amenity': 'place_of_worship', 'name': 'مسجد محمد رسول الله', 'religion': 'muslim'}"
244,node,6033291986,35.6689411,51.3846671,"{'addr:city': 'تهران', 'amenity': 'fire_station', 'name': 'ایستگاه شماره ۵ آتش نشانی'}"
245,node,6037149188,35.6676762,51.3910549,"{'amenity': 'restaurant', 'name': 'رستوران پردیس'}"
246,node,6110417285,35.6942634,51.3789154,{'amenity': 'atm'}
247,node,6116787490,35.6953726,51.4099828,"{'amenity': 'bank', 'atm': 'yes', 'brand': 'بانک سپه', 'brand:en': 'Bank Sepah', 'brand:wikidata': 'Q2882624', 'brand:wikipedia': 'en:Bank Sepah', 'name': 'بانک سپه', 'name:en': 'Bank Sepah'}"
248,node,6189308186,35.6741456,51.4006041,"{'amenity': 'pharmacy', 'healthcare': 'pharmacy', 'name': 'داروخانه شبانه روزی زرغانی', 'opening_hours': '24/7'}"
249,node,6189310085,35.6772734,51.4009182,"{'amenity': 'bank', 'brand': 'بانک ملت', 'brand:en': 'Bank Mellat', 'brand:wikidata': 'Q4855944', 'brand:wikipedia': 'en:Bank Mellat', 'name': 'بانک ملت', 'name:en': 'Bank Mellat'}"
250,node,6189310185,35.687005,51.4027865,"{'amenity': 'bank', 'brand': 'بانک آینده', 'brand:en': 'Ayandeh Bank', 'brand:wikidata': 'Q5938144', 'brand:wikipedia': 'en:Ayandeh Bank', 'name': 'بانک آینده', 'name:en': 'Ayandeh Bank'}"
251,node,6202699985,35.7012347,51.4052481,"{'amenity': 'drinking_water', 'level': '-1'}"
252,node,6228066685,35.6882139,51.3932744,"{'addr:street': 'میدان حر', 'amenity': 'ice_cream', 'name:en': 'Saffron ice cream and carrot juice'}"
253,node,6257178471,35.6948985,51.4118397,"{'amenity': 'police', 'name': 'کیوسک پلیس'}"
254,node,6264446153,35.6914638,51.4032515,"{'amenity': 'place_of_worship', 'name': 'حسینیه سید شهدا', 'religion': 'muslim'}"
255,node,6264446157,35.6842459,51.402048,"{'amenity': 'place_of_worship', 'name': 'مسجد فخریه', 'religion': 'muslim'}"
256,node,6278434485,35.6642854,51.4058746,"{'amenity': 'cafe', 'internet_access': 'wlan', 'name:en': 'Sandwich Shopoor', 'opening_hours': 'Mo-Su 06:00-18:00', 'phone': '+9855369617'}"
257,node,6301845427,35.6980237,51.4057951,"{'addr:city': 'تهران', 'addr:housenumber': '1', 'addr:postcode': '021', 'addr:street': 'اتفاق', 'amenity': 'cafe', 'capacity': '51', 'cuisine': 'pizza;italian;burger;coffee_shop;sandwich;ice_cream;chicken;regional', 'delivery': 'yes', 'name': 'کافه کافا', 'name:en': 'Cafe kaffa', 'outdoor_seating': 'no'}"
258,node,6306757090,35.7010009,51.3821562,"{'amenity': 'bank', 'brand': 'بانک پارسیان', 'brand:en': 'Parsian Bank', 'brand:wikidata': 'Q2410404', 'brand:wikipedia': 'en:Parsian Bank', 'name': 'بانک پارسیان', 'name:en': 'Parsian Bank'}"
259,node,6306757091,35.7008777,51.3804811,"{'amenity': 'bank', 'brand': 'بانک پاسارگاد', 'brand:en': 'Bank Pasargad', 'brand:wikidata': 'Q4855962', 'brand:wikipedia': 'en:Bank Pasargad', 'name': 'بانک پاسارگاد', 'name:en': 'Bank Pasargad'}"
260,node,6312207686,35.6969032,51.4070679,"{'amenity': 'cafe', 'name': 'کافه تور'}"
261,node,6321282186,35.6970351,51.4071453,"{'amenity': 'cafe', 'name': 'کافه موئل', 'name:en': 'Café Moel', 'phone': '66724394'}"
262,node,6353975327,35.6733252,51.3870344,"{'amenity': 'clinic', 'healthcare': 'clinic', 'name': 'درمانگاه شهدای دخانیات'}"
263,node,6400942686,35.7013881,51.4045548,"{'amenity': 'cafe', 'name': 'کافه گودو', 'opening_hours': 'Mo-Su 11:00-23:00'}"
264,node,6415986485,35.6894671,51.4070449,"{'amenity': 'cafe', 'name': 'کافه کتاب دارالخلافه', 'name:en': 'Daralkhelafe Cafe ketab'}"
265,node,6417371587,35.6620689,51.3893706,{'amenity': 'waste_basket'}
266,node,6417371588,35.6620754,51.3893317,{'amenity': 'bench'}
267,node,6439375598,35.7008646,51.3992887,"{'amenity': 'fast_food', 'name': 'آش و حلیم حاج مهدی', 'name:en': 'Karmo Good Food'}"
268,node,6454318091,35.7011593,51.3896348,"{'addr:district': '6', 'addr:street': 'میدان انقلاب ابتدای خیابان آزادی کوچه جنتی پلاک 13', 'addr:zone': '2', 'amenity': 'townhall', 'building': 'public', 'name': 'ساختمان خانه محیط زیست', 'wheelchair': 'no'}"
269,node,6496229425,35.6863135,51.4026672,"{'amenity': 'bank', 'brand': 'بانک مسکن', 'brand:en': 'Bank Maskan', 'brand:wikidata': 'Q4855942', 'brand:wikipedia': 'en:Bank Maskan', 'name': 'بانک مسکن', 'name:en': 'Bank Maskan'}"
270,node,6496272485,35.6824617,51.4017399,"{'amenity': 'bank', 'brand': 'بانک تجارت', 'brand:wikidata': 'Q7695198', 'brand:wikipedia': 'en:Tejarat Bank', 'name': 'بانک تجارت'}"
271,node,6496272585,35.6815041,51.4018425,"{'amenity': 'police', 'name': 'کیوسک پلیس'}"
272,node,6496272785,35.6777978,51.4011775,"{'amenity': 'bank', 'brand': 'بانک پاسارگاد', 'brand:en': 'Bank Pasargad', 'brand:wikidata': 'Q4855962', 'brand:wikipedia': 'en:Bank Pasargad', 'name': 'بانک پاسارگاد', 'name:en': 'Bank Pasargad'}"
273,node,6496279929,35.6998722,51.4067506,"{'amenity': 'library', 'name': 'کتابخانه عمومی دانشجو'}"
274,node,6496280089,35.6701073,51.3994948,"{'addr:city': 'تهران', 'amenity': 'place_of_worship', 'denomination': 'shia', 'name': 'مسجد پنبه چی', 'religion': 'muslim'}"
275,node,6496280091,35.6816381,51.4015005,"{'amenity': 'driving_school', 'name': 'آموزشگاه رانندگی'}"
276,node,6496280092,35.6816761,51.4011913,"{'amenity': 'place_of_worship', 'name': 'مسجد احمدیه', 'religion': 'muslim'}"
277,node,6496289406,35.6676522,51.3993146,"{'amenity': 'pharmacy', 'healthcare': 'pharmacy', 'name': 'داروخانه'}"
278,node,6542586487,35.6654733,51.4059812,"{'amenity': 'police', 'name': 'ستاد پلیس مبارزه با موادمخدر تهران بزرگ', 'name:en': 'Setad police mobareze ba mavad mokhader tehran bozorg'}"
279,node,6542592985,35.6643976,51.4057908,"{'amenity': 'police', 'name': 'ستاد پلیس آگاهی تهران بزرگ', 'name:en': 'Setad police agahi tehran bozorg'}"
280,node,6604571285,35.6840942,51.4112546,"{'amenity': 'drinking_water', 'name:fr': 'Eau potable'}"
281,node,6612007576,35.6819999,51.4022237,{'amenity': 'toilets'}
282,node,6617020815,35.7013991,51.4000055,"{'amenity': 'restaurant', 'cuisine': 'traditional', 'name': 'رستوران سنتی یادگاری', 'name:en': 'Yadegari Traditional Restaurant'}"
283,node,6743656885,35.6772562,51.4082146,"{'amenity': 'restaurant', 'name': 'بره ناقلا', 'name:en': 'Barre Nagholaaa'}"
284,node,6773929985,35.6879117,51.3961157,"{'amenity': 'police', 'name': 'فرماندهی نیروی انتظامی نبی اکرم'}"
285,node,6780934286,35.6816318,51.4009867,"{'addr:street': 'هاشم معیری', 'amenity': 'place_of_worship', 'name': 'حسینیه موسی بن جعفر'}"
286,node,6780959785,35.6826925,51.4018946,"{'addr:street': 'خیابان ولی عصر', 'amenity': 'fast_food', 'name': 'اغذیه شوخ', 'name:en': 'Fast-food shokh'}"
287,node,6882132585,35.680001,51.4116717,"{'amenity': 'cafe', 'internet_access': 'wlan', 'name': 'Cedar Café', 'opening_hours': 'Mo-Su 11:00-20:00'}"
288,node,6932421985,35.7007496,51.4090958,"{'addr:city': 'تهران', 'addr:street': 'انقلاب اسلامی', 'amenity': 'cafe', 'cuisine': 'coffee_shop;burger;steak_house;salad;pasta;cake', 'internet_access': 'no', 'name': 'کافه باکارا', 'name:en': 'Baccara', 'name:fa': 'باکارا', 'opening_hours': 'Mo-Su 09:00-24:00', 'outdoor_seating': 'yes', 'phone': '+989373564072', 'website': 'https://baccarahouse.com/'}"
289,node,7023141790,35.6914799,51.4113048,"{'addr:street': 'حافظ', 'amenity': 'restaurant', 'name': 'رستوران توحید'}"
290,node,7045271327,35.6946201,51.3792842,"{'amenity': 'bicycle_parking', 'bicycle_parking': 'lockers', 'capacity': '20'}"
291,node,7045280723,35.6930054,51.3811584,"{'amenity': 'bicycle_parking', 'bicycle_parking': 'lockers'}"
292,node,7045280724,35.6942754,51.3789724,"{'amenity': 'cafe', 'brand': 'The Coffee Club', 'brand:wikidata': 'Q7726599', 'brand:wikipedia': 'en:The Coffee Club', 'cuisine': 'coffee_shop', 'name': 'The Coffee Club', 'takeaway': 'yes'}"
293,node,7045291427,35.6935854,51.3814179,"{'amenity': 'restaurant', 'cuisine': 'asian', 'name': 'traditional food', 'opening_hours': '08:00-22:00'}"
294,node,7045301574,35.6932641,51.3814608,"{'amenity': 'restaurant', 'cuisine': 'kebab', 'name': 'کباب پارسه', 'opening_hours': 'Sa-Fr 08:00-22:45', 'phone': '+98 21 6683 2520'}"
295,node,7045346048,35.6878052,51.3810459,"{'amenity': 'atm', 'brand': 'بانک سینا', 'brand:en': 'Sina Bank', 'brand:wikidata': 'Q10860246', 'brand:wikipedia': 'en:Sina Bank', 'name': 'بانک سینا', 'name:en': 'Sina Bank', 'operator': 'بانک سینا', 'operator:wikidata': 'Q10860246', 'operator:wikipedia': 'en:Sina Bank'}"
296,node,7045367562,35.700592,51.3823634,{'amenity': 'waste_basket'}
297,node,7045379044,35.7006246,51.3819164,"{'amenity': 'bicycle_parking', 'bicycle_parking': 'shed', 'capacity': '15'}"
298,node,7045401813,35.7005201,51.3905169,"{'amenity': 'cafe', 'name': 'Mira cafe'}"
299,node,7045428630,35.7008822,51.3982034,"{'amenity': 'bicycle_parking', 'bicycle_parking': 'shed'}"
300,node,7045433423,35.700464,51.3978413,"{'amenity': 'cafe', 'name': 'Board Game Cafe'}"
301,node,7059402256,35.7007482,51.3879815,"{'amenity': 'language_school', 'branch': 'انقلاب', 'name': 'آموزشگاه زبان ایرانمهر'}"
302,node,7590372485,35.6916009,51.3797253,"{'amenity': 'fire_station', 'name': 'ایستگاه آتش نشانی شماره ۵۲'}"
303,node,7717253285,35.6819083,51.398923,"{'addr:street': 'هاشم معیری', 'amenity': 'school', 'name': 'دبستان دخترانه پیام آزادی'}"
304,node,7717253886,35.6821542,51.3965466,"{'addr:street': 'هاشم معیری', 'amenity': 'bank', 'brand': 'بانک انصار', 'brand:en': 'Ansar Bank', 'brand:fa': 'بانک انصار', 'brand:wikidata': 'Q5862675', 'brand:wikipedia': 'fa:بانک انصار', 'name': 'بانک انصار', 'name:en': 'Ansar Bank', 'name:fa': 'بانک انصار'}"
305,node,7717256585,35.6819013,51.3974113,"{'amenity': 'pharmacy', 'healthcare': 'pharmacy', 'name': 'داروخانه'}"
306,node,7720051730,35.6827854,51.3984391,"{'amenity': 'clinic', 'healthcare': 'clinic', 'name': 'کلینیک شهرداری'}"
307,node,7720051737,35.6821792,51.3940081,"{'amenity': 'police', 'name': 'کیوسک پلیس'}"
308,node,7720051740,35.6821163,51.3977624,"{'amenity': 'place_of_worship', 'name': 'مسجد زعیم', 'religion': 'muslim'}"
309,node,7720051773,35.6821504,51.3970616,"{'amenity': 'bank', 'brand': 'بانک ملی', 'brand:en': 'Bank Melli Iran', 'brand:wikidata': 'Q806640', 'name': 'بانک ملی', 'name:en': 'Bank Melli Iran'}"
310,node,7720109942,35.6919023,51.3922386,"{'amenity': 'prep_school', 'name': 'اموزشگاه آشپزشو', 'name:de': 'Kochschule'}"
311,node,7726172624,35.6700789,51.394627,{'amenity': 'restaurant'}
312,node,7726203047,35.67036,51.3945143,{'amenity': 'toilets'}
313,node,7727859643,35.6700175,51.4075143,"{'amenity': 'school', 'name': 'دبیرستان پسرانه ۱۵ خرداد'}"
314,node,7727874034,35.6596986,51.4047992,"{'amenity': 'place_of_worship', 'name': 'مسجد صاحب الزمان', 'religion': 'muslim'}"
315,node,7733667331,35.6920213,51.390087,"{'amenity': 'school', 'name': 'دبيرستان شهيد كدخدايي منطقه ١١'}"
316,node,7733667355,35.6902377,51.391983,"{'amenity': 'school', 'name': 'دبیرستان نظام', 'name:de': 'Nezam Hochschule', 'name:en': 'Nezam High School'}"
317,node,7733667382,35.6912103,51.3901251,"{'amenity': 'place_of_worship', 'name': 'مسجد', 'religion': 'muslim'}"
318,node,7733677343,35.6904632,51.3888688,"{'amenity': 'driving_school', 'name': 'آموزشگاه رانندگی موتورسیکلت نامجو'}"
319,node,7737515885,35.6823158,51.3939053,"{'addr:street': 'هاشم معیری', 'amenity': 'police', 'name': 'کیوسک پلیس'}"
320,node,7785582715,35.6685308,51.3804132,"{'amenity': 'townhall', 'name': 'شهرداری ناحیه سه منطقه هفده', 'nat_name': 'شهرداری ناحیه 3 منطقه 17'}"
321,node,7787195645,35.6867974,51.3792492,"{'amenity': 'townhall', 'name': 'شهرداری ناحیه یک منطقه شانزده', 'nat_name': 'شهرداری ناحیه 1 منطقه  16'}"
322,node,7853325606,35.6810518,51.4010382,"{'addr:street': 'رحیمی', 'amenity': 'courthouse', 'name': 'دادسرای ناحیه سی هفت ۳۷', 'nat_name': 'دادسرای ناحیه 37'}"
323,node,7949794449,35.6968898,51.4055111,"{'amenity': 'townhall', 'name': 'شهرداری منطقه یازده ناحیه یک', 'nat_name': 'شهرداری منطقه ۱۱ ناحیه ۱'}"
324,node,7949800855,35.6724343,51.3952138,"{'addr:street': 'خیابان مدرس', 'amenity': 'townhall', 'name': 'شهرداری منطقه یازده ناحیه دو', 'nat_name': 'شهرداری منطقه ۱۱ ناحیه ۲'}"
325,node,7949815177,35.699414,51.3783346,"{'amenity': 'bank', 'brand': 'بانک شهر', 'brand:en': 'Shahr Bank', 'brand:fa': 'بانک شهر', 'brand:wikidata': 'Q5941033', 'brand:wikipedia': 'fa:بانک شهر', 'name': 'بانک شهر', 'name:en': 'Shahr Bank', 'name:fa': 'بانک شهر'}"
326,node,8093769458,35.6909871,51.3948683,"{'access': 'private', 'amenity': 'toilets', 'changing_table': 'no', 'opening_hours': '24/7', 'toilets:disposal': 'bucket', 'unisex': 'yes', 'wheelchair': 'yes'}"
327,node,8104972218,35.6988554,51.4063427,"{'amenity': 'cafe', 'name': 'استندآپ کافه', 'name:en': 'Standup Cafe'}"
328,node,8258267970,35.6972138,51.4000626,"{'addr:housenumber': '87', 'addr:street': 'لبافی\u200cنژاد', 'amenity': 'cafe', 'name': 'کافه زی', 'phone': '+989022400292', 'website': 'https://instagram.com/zee.house'}"
329,node,8344824641,35.6757501,51.4005043,"{'amenity': 'bank', 'name': 'موسسه اعتباری ملل'}"
330,node,8344824862,35.6754789,51.4004072,"{'amenity': 'ice_cream', 'name': 'باباجون'}"
331,node,8694264334,35.6655097,51.3909284,{'amenity': 'toilets'}
332,node,8764795993,35.6648103,51.4062497,"{'amenity': 'clinic', 'healthcare': 'clinic', 'name': 'مرکز بهداشت وحدت اسلامی', 'phone': '+98 55691109'}"
333,node,8879217131,35.6737133,51.380686,{'amenity': 'drinking_water'}
334,node,8939372992,35.7010107,51.3897237,"{'amenity': 'police', 'name': 'کیوسک پلیس'}"
335,node,8939384517,35.7011689,51.3897087,"{'amenity': 'pharmacy', 'healthcare': 'pharmacy', 'name': 'داروخانه شبانه روزی دکتر محسن ابراهیمی', 'opening_hours': '24/7'}"
336,node,8939384537,35.7010972,51.3884037,"{'amenity': 'bank', 'brand': 'بانک سپه', 'brand:en': 'Bank Sepah', 'brand:wikidata': 'Q2882624', 'brand:wikipedia': 'en:Bank Sepah', 'name': 'بانک سپه', 'name:en': 'Bank Sepah'}"
337,node,8939384553,35.7005345,51.386984,"{'amenity': 'bus_station', 'bus': 'yes', 'name': 'پایانه کاوه', 'public_transport': 'station'}"
338,node,8939384565,35.700513,51.3866094,"{'amenity': 'bus_station', 'bus': 'yes', 'name': 'پایانه انقلاب', 'public_transport': 'station'}"
339,node,8939384573,35.7010915,51.3893154,"{'amenity': 'bank', 'brand': 'بانک مسکن', 'brand:en': 'Bank Maskan', 'brand:wikidata': 'Q4855942', 'brand:wikipedia': 'en:Bank Maskan', 'name': 'بانک مسکن', 'name:en': 'Bank Maskan'}"
340,node,8939384588,35.7013037,51.3903636,"{'amenity': 'bank', 'brand': 'بانک رفاه', 'brand:en': 'Refah Bank', 'brand:wikidata': 'Q7307083', 'brand:wikipedia': 'en:Refah Bank', 'name': 'بانک رفاه', 'name:en': 'Refah Bank'}"
341,node,8963070944,35.7009516,51.3811831,"{'amenity': 'bank', 'branch': 'آزادی-اسکندری', 'brand': 'بانک آینده', 'brand:en': 'Ayandeh Bank', 'brand:wikidata': 'Q5938144', 'brand:wikipedia': 'en:Ayandeh Bank', 'name': 'بانک آینده', 'name:en': 'Ayandeh Bank'}"
342,node,8963070945,35.7009035,51.3810186,"{'amenity': 'clinic', 'healthcare': 'clinic', 'name': 'نگین آزادی'}"
343,node,8990486784,35.697216,51.3999726,"{'addr:city': 'تهران', 'addr:street': 'مرتضی لبافی نژاد', 'amenity': 'pharmacy', 'dispensing': 'yes', 'healthcare': 'pharmacy', 'name': 'داروخانه دکتر شمایل مددی'}"
344,node,8990508575,35.6971469,51.4009211,"{'amenity': 'atm', 'not:brand:wikidata': 'Q5934423', 'operator': 'بانک ایران زمین'}"
345,node,8995264803,35.7005138,51.3839877,"{'amenity': 'bank', 'atm': 'yes', 'brand': 'بانک اقتصاد نوین', 'brand:en': 'EN Bank', 'brand:wikidata': 'Q5323768', 'name': 'بانک اقتصاد نوین', 'name:en': 'EN Bank'}"
346,node,8995278853,35.7004775,51.3904607,"{'amenity': 'bank', 'brand': 'بانک پارسیان', 'brand:en': 'Parsian Bank', 'brand:wikidata': 'Q2410404', 'name': 'بانک پارسیان', 'name:en': 'Parsian Bank'}"
347,node,8996126597,35.7013875,51.4046657,"{'amenity': 'fast_food', 'brand': 'shila', 'cuisine': 'pizza;burger;hot_dog;sandwich', 'delivery': 'yes', 'name': 'شیلا', 'name:en': 'shila food', 'opening_hours': 'Mo-Su 11:00-23:30', 'phone': '+98 21 6647 9721', 'website': 'https://order.shilafood.net/'}"
348,node,8998209699,35.7011651,51.412291,"{'amenity': 'bank', 'branch': 'حافظ', 'brand': 'بانک سپه', 'brand:en': 'Bank Sepah', 'brand:wikidata': 'Q2882624', 'brand:wikipedia': 'en:Bank Sepah', 'name': 'بانک سپه', 'name:en': 'Bank Sepah'}"
349,node,8998212458,35.7011521,51.4113923,"{'amenity': 'bank', 'brand': 'بانک ملی', 'brand:en': 'Bank Melli Iran', 'brand:wikidata': 'Q806640', 'brand:wikipedia': 'en:Bank Melli Iran', 'name': 'بانک ملی', 'name:en': 'Bank Melli Iran'}"
350,node,8998306398,35.7011259,51.4107507,"{'amenity': 'cafe', 'name': 'قهوه پل'}"
351,node,8998332673,35.7010997,51.4111784,"{'amenity': 'police', 'name': 'پلیس امنیت اقتصادی'}"
352,node,8998336909,35.7011419,51.4105102,{'amenity': 'fast_food'}
353,node,8998356804,35.7011096,51.4079857,"{'amenity': 'fast_food', 'name': 'آریو'}"
354,node,8998357737,35.7010959,51.4082974,"{'amenity': 'bank', 'atm': 'yes', 'brand': 'بانک مسکن', 'brand:en': 'Bank Maskan', 'brand:wikidata': 'Q4855942', 'brand:wikipedia': 'en:Bank Maskan', 'check_date': '2023-12-11', 'name': 'بانک مسکن', 'name:en': 'Bank Maskan', 'ref': '1182'}"
355,node,8998360396,35.7011182,51.4098024,"{'amenity': 'cafe', 'name': 'کافه شیرینی افست'}"
356,node,8998370868,35.7010942,51.409121,"{'amenity': 'cafe', 'name': 'قهوه آدوراز'}"
357,node,8998512998,35.7009845,51.4044641,{'amenity': 'fast_food'}
358,node,8998810772,35.700839,51.3994336,"{'amenity': 'cafe', 'name': 'کلانه'}"
359,node,8998835588,35.701306,51.3997245,"{'amenity': 'language_school', 'name': 'سفیر'}"
360,node,8998858557,35.7012873,51.3999424,"{'amenity': 'cafe', 'name': 'کافه گرام'}"
361,node,8998866295,35.7008801,51.4000648,"{'amenity': 'bank', 'branch': 'شعبه دانشگاه تهران', 'brand': 'بانک تجارت', 'brand:wikidata': 'Q7695198', 'brand:wikipedia': 'en:Tejarat Bank', 'name': 'بانک تجارت'}"
362,node,8998874002,35.701383,51.3985185,"{'amenity': 'school', 'name': 'دبستان قدس'}"
363,node,9013172551,35.7005332,51.3832261,"{'amenity': 'bank', 'name': 'موسسه اعتباری نور'}"
364,node,9013182478,35.7008037,51.4041388,"{'amenity': 'fast_food', 'name': 'پیتزا سیب ۳۶۰'}"
365,node,9013191569,35.7008584,51.4041458,"{'amenity': 'fast_food', 'name': 'پیتزا بارایان'}"
366,node,9016207884,35.6668558,51.389233,"{'amenity': 'fast_food', 'contact:phone': '+982155462360', 'name': 'پیتزا تک', 'source': 'note'}"
367,node,9027662285,35.7001088,51.3910502,"{'amenity': 'pharmacy', 'healthcare': 'pharmacy', 'name': 'داروخانه شبانه\u200cروزی دکتر مشهوری', 'opening_hours': '24/7'}"
368,node,9031472237,35.7009667,51.3851894,"{'amenity': 'pharmacy', 'healthcare': 'pharmacy', 'name': 'داروخانه دکتر زیارتی'}"
369,node,9033704365,35.6970289,51.40526,"{'amenity': 'cafe', 'description': 'onosm.org submitted note from a business:\nname: کافه فلسفه\nphone: +982166435423\nwebsite: \ntwitter: \nfacebook: \nemail: cafe.philosophique2021@gmail.com\nhours: 10am-10pm\ncategory: Cafes, Cafés, Cafeteria\naddress: آراکلیان', 'email': 'cafe.philosophique2021@gmail.com', 'name': 'کافه فلسفه', 'opening_hours': 'Mo-Su 10:00-10:00', 'phone': '+982166435423'}"
370,node,9053741133,35.6954055,51.4087946,"{'amenity': 'pharmacy', 'healthcare': 'pharmacy', 'name': 'داروخانه رحیمی'}"
371,node,9053741134,35.6954524,51.4080408,"{'amenity': 'bank', 'atm': 'yes', 'brand': 'بانک صادرات', 'brand:en': 'Bank Saderat Iran', 'brand:fa': 'بانک صادرات', 'brand:wikidata': 'Q2882608', 'brand:wikipedia': 'en:Bank Saderat Iran', 'name': 'بانک صادرات', 'name:en': 'Bank Saderat Iran', 'name:fa': 'بانک صادرات'}"
372,node,9076096517,35.6972872,51.4002827,"{'addr:housenumber': '85', 'addr:street': 'مرتضی لبافی نژاد', 'amenity': 'cafe', 'cuisine': 'local', 'name': 'زی کافه', 'name:en': 'Zee cafe', 'opening_hours': 'Mo-Su 09:00-23:00', 'phone': '+98 930 920 1040', 'website': 'https://instagram.com/zeehouse.cafe?utm_medium=copy_link'}"
373,node,9076188283,35.7003582,51.4004883,{'amenity': 'pharmacy'}
374,node,9076199267,35.6992629,51.4025802,"{'amenity': 'bank', 'branch': 'فلسطین سزاوار', 'brand': 'بانک صادرات', 'brand:en': 'Bank Saderat Iran', 'brand:fa': 'بانک صادرات', 'brand:wikidata': 'Q2882608', 'brand:wikipedia': 'en:Bank Saderat Iran', 'check_date': '2023-12-11', 'name': 'بانک صادرات', 'name:en': 'Bank Saderat Iran', 'name:fa': 'بانک صادرات'}"
375,node,9103738056,35.6988447,51.4045154,"{'amenity': 'bank', 'atm': 'yes', 'brand': 'بانک ایران زمین', 'brand:en': 'Iran Zamin Bank', 'brand:wikidata': 'Q5934423', 'name': 'بانک ایران زمین', 'name:en': 'Iran Zamin Bank'}"
376,node,9116076029,35.7010761,51.4038018,{'amenity': 'telephone'}
377,node,9121948676,35.7010368,51.4016605,{'amenity': 'telephone'}
378,node,9121961524,35.700987,51.3994796,{'amenity': 'telephone'}
379,node,9128998176,35.6999754,51.4039612,"{'amenity': 'cafe', 'name': 'کافه ماندی'}"
380,node,9129001209,35.7000334,51.4041395,"{'amenity': 'cafe', 'name': 'کافه شمس'}"
381,node,9129002121,35.7000264,51.4044637,"{'amenity': 'cafe', 'name': 'کافه پرسه'}"
382,node,9131933760,35.6955139,51.4018371,"{'amenity': 'disused', 'disused:amenity': 'bank', 'name': 'مؤسسه مالی و اعتباری توسعه'}"
383,node,9131940558,35.6994001,51.403856,"{'amenity': 'parking', 'name': 'دارکینگ اختصاصی ساختمان علاءالدین'}"
384,node,9131945424,35.6994445,51.4038759,"{'amenity': 'cafe', 'name': 'کافه مورف', 'name:en': 'Café Murph'}"
385,node,9132246973,35.6970206,51.4041784,{'amenity': 'telephone'}
386,node,9171756518,35.6920235,51.4061151,"{'amenity': 'pharmacy', 'healthcare': 'pharmacy', 'name': 'داروخانه شبانه روزی', 'opening_hours': '24/7'}"
387,node,9211767749,35.6997829,51.4075623,{'amenity': 'atm'}
388,node,9211886090,35.6997722,51.4100377,{'amenity': 'cafe'}
389,node,9211898450,35.6998599,51.4100524,"{'amenity': 'fast_food', 'name': 'سالانی'}"
390,node,9249123017,35.6954399,51.4082647,"{'amenity': 'courthouse', 'name': 'فروشگاه لوازم خانگی کاسپین (', 'name:fa': 'فروشگاه لوازم خانگی کاسپین (لوازم خانگی و صوت و تصویر)'}"
391,node,9249123018,35.6955563,51.4082701,"{'amenity': 'courthouse', 'name': 'فروشگاه لوازم خانگی الماس (ایران صوت)'}"
392,node,9317485705,35.700643,51.3919938,"{'addr:city': 'شهر تهران', 'amenity': 'restaurant', 'brand': 'shila', 'cuisine': 'pizza;burger;hot_dog;sandwich', 'delivery': 'yes', 'diet:halal': 'yes', 'name': 'فست فود شیلا', 'name:en': 'shila', 'opening_hours': 'Mo-Su 11:00-23:30', 'phone': '+98 21 6641 8462', 'website': 'https://order.shilafood.net/'}"
393,node,9328027817,35.6725473,51.4039941,"{'amenity': 'ice_cream', 'name': 'ویتامینه سامان'}"
394,node,9492257757,35.6954483,51.404001,"{'addr:city': 'تهران', 'addr:street': 'جمهوری اسلامی', 'amenity': 'marketplace', 'description': 'لاب تجهیز : بزرگترین فروشگاه تجهیزات آزمایشگاهی و اندازه گیری در تهران', 'email': 'labtajhiz@gmail.com', 'name': 'فروشگاه تجهیزات آزمایشگاهی لاب تجهیز', 'opening_hours': '24/7', 'phone': '+982166468892', 'website': 'https://www.labtajhiz.com/'}"
395,node,9563380315,35.6867967,51.4081425,"{'amenity': 'school', 'name': 'مجتمع ترییتی تتقین'}"
396,node,9563384717,35.6871315,51.4081222,"{'amenity': 'university', 'name': 'علمی کاربردی فرهنگ هنر واحد پنج'}"
397,node,9587065764,35.6622975,51.3811044,"{'amenity': 'place_of_worship', 'name': 'مسجد چهارده معصوم', 'religion': 'muslim'}"
398,node,9587091496,35.6618058,51.3828964,{'amenity': 'toilets'}
399,node,9587101618,35.6599166,51.3849087,{'amenity': 'toilets'}
400,node,9587113752,35.6664564,51.3810233,{'amenity': 'toilets'}
401,node,9717622023,35.7012315,51.3921879,"{'amenity': 'restaurant', 'name': 'رستوران خوارزمی'}"
402,node,9781164452,35.6741648,51.3891453,"{'amenity': 'fast_food', 'name': 'فست فود مسعود'}"
403,node,9781342091,35.7013946,51.3897965,{'amenity': 'toilets'}
404,node,9852502373,35.7009841,51.3893959,"{'amenity': 'taxi', 'code': '631', 'district': '6', 'name': 'میدان آزادی - میدان انقلاب', 'shelter': 'no'}"
405,node,9852502377,35.7013532,51.3879499,"{'amenity': 'taxi', 'code': '628', 'district': '6', 'name': 'جمالزاده-کرج', 'shelter': 'no'}"
406,node,9852502378,35.7011344,51.3880325,"{'amenity': 'taxi', 'code': '632', 'district': '6', 'name': 'انقلاب- فلکه دوم صادقیه', 'shelter': 'no'}"
407,node,9852502389,35.7009809,51.3892474,"{'amenity': 'taxi', 'code': '2122', 'district': '6', 'name': 'تربار تهرانسر - میدان انقلاب', 'shelter': 'yes'}"
408,node,9852502397,35.7012445,51.3879909,"{'amenity': 'taxi', 'code': '638', 'district': '6', 'name': 'فاطمی-جمالزاده', 'shelter': 'no'}"
409,node,9866071618,35.6972107,51.4000038,"{'amenity': 'restaurant', 'name': 'کترینگ زعفران', 'name:fa': 'کترینگ زعفرون'}"
410,node,9885788317,35.6908059,51.3944058,"{'amenity': 'restaurant', 'name': 'غذاکده وزرا'}"
411,node,9890057425,35.7006947,51.3899813,"{'amenity': 'fast_food', 'name': 'Cinema Sandwich'}"
412,node,9890057432,35.7006263,51.3901478,"{'amenity': 'ice_cream', 'name': 'ویتامینه سرای پارس'}"
413,node,9890057447,35.7007463,51.3896605,"{'amenity': 'restaurant', 'name': 'رستوران جوجک'}"
414,node,9890057448,35.7007429,51.3890129,"{'amenity': 'fast_food', 'name': 'ساندویچ هایدا'}"
415,node,9890057455,35.7002735,51.3892692,"{'amenity': 'cafe', 'name': 'کافه کوچ'}"
416,node,9950124245,35.6995337,51.37837,"{'amenity': 'bank', 'branch': 'نواب', 'brand': 'بانک رفاه', 'brand:en': 'Refah Bank', 'brand:wikidata': 'Q7307083', 'name': 'بانک رفاه', 'name:en': 'Refah Bank'}"
417,node,9988095915,35.7005859,51.396282,"{'amenity': 'shelter', 'name': 'دفتر ترجمه رسمی ۷۷۱تهران', 'shelter_type': 'public_transport'}"
418,node,10086566195,35.6969341,51.3921064,"{'amenity': 'restaurant', 'name': 'رستوران پاسارگاد'}"
419,node,10101131496,35.6952741,51.4066235,"{'amenity': 'bank', 'atm': 'yes', 'brand': 'بانک تجارت', 'brand:wikidata': 'Q7695198', 'name': 'بانک تجارت'}"
420,node,10147437584,35.7006073,51.3959958,"{'amenity': 'cafe', 'name': 'کافی شاپ فنجانه'}"
421,node,10178171125,35.7008282,51.3810056,"{'addr:city': 'تهران', 'addr:street': 'خیابان آزادی', 'amenity': 'doctors', 'healthcare': 'doctor', 'healthcare:speciality': 'متخصص_جراحی;جراحی_زیبایی;فلوشیپ_جراحی_زیبایی_از_کره_جنوبی;عضو_انجمن_جراحی_زیبایی_کره_جنوبی', 'name': 'دکتر علی الستی', 'name:en': 'dralasti', 'phone': '+982162756510'}"
422,node,10201155359,35.694583,51.3792013,"{'amenity': 'clinic', 'healthcare': 'psychotherapist', 'name': 'مرکز روان شناسی و مشاوره رضوان'}"
423,node,10578326984,35.6885747,51.3932078,"{'amenity': 'library', 'name': 'کتابخانه شهید قدیریان'}"
424,node,10690263170,35.668619,51.3834247,"{'amenity': 'pharmacy', 'healthcare': 'pharmacy', 'name': 'داروخانه'}"
425,node,10723653581,35.7007226,51.3877183,"{'amenity': 'pharmacy', 'healthcare': 'pharmacy', 'name': 'داروخانه دکتر وکیلی'}"
426,node,10739270060,35.7004593,51.3796335,"{'amenity': 'bank', 'name': 'بانک تجارت'}"
427,node,10739271583,35.7005667,51.3844425,"{'amenity': 'bank', 'brand': 'بانک اقتصاد نوین', 'brand:en': 'EN Bank', 'brand:wikidata': 'Q5323768', 'name': 'بانک اقتصاد نوین', 'name:en': 'EN Bank'}"
428,node,10739276666,35.7004891,51.3826756,"{'amenity': 'bank', 'brand': 'بانک صادرات', 'brand:en': 'Bank Saderat Iran', 'brand:fa': 'بانک صادرات', 'brand:wikidata': 'Q2882608', 'name': 'بانک صادرات', 'name:en': 'Bank Saderat Iran', 'name:fa': 'بانک صادرات'}"
429,node,10794014360,35.6676565,51.4073818,"{'amenity': 'place_of_worship', 'name': 'حسینیه علی اصغریها'}"
430,node,10797258229,35.6969336,51.4071006,"{'amenity': 'cafe', 'name': 'کافه همراز'}"
431,node,10823839441,35.6700134,51.4026635,"{'amenity': 'clinic', 'healthcare': 'clinic', 'name': 'درمانگاه اصحاب الحسین'}"
432,node,10852905973,35.6815442,51.3994045,"{'amenity': 'language_school', 'male': 'yes', 'name': 'آموزشگاه زبان پسرانه ابوسعید'}"
433,node,10852917171,35.6902128,51.411019,"{'amenity': 'ice_cream', 'name': 'بستنی حافظ'}"
434,node,10852937454,35.6772552,51.3945434,{'amenity': 'pharmacy'}
435,node,10852942954,35.682373,51.3942436,{'amenity': 'telephone'}
436,node,10852955194,35.6846967,51.3935332,"{'amenity': 'bank', 'atm': 'yes', 'brand': 'بانک صادرات', 'brand:en': 'Bank Saderat Iran', 'brand:fa': 'بانک صادرات', 'brand:wikidata': 'Q2882608', 'name': 'بانک صادرات', 'name:en': 'Bank Saderat Iran', 'name:fa': 'بانک صادرات'}"
437,node,10852957237,35.6866827,51.3932707,"{'amenity': 'bank', 'brand': 'بانک ملی', 'brand:en': 'Bank Melli Iran', 'brand:wikidata': 'Q806640', 'name': 'بانک ملی', 'name:en': 'Bank Melli Iran'}"
438,node,10852959530,35.6861458,51.3933548,"{'amenity': 'fast_food', 'name': 'بمب سخاری'}"
439,node,10852970717,35.6695416,51.3786872,"{'amenity': 'bank', 'atm': 'yes', 'brand': 'بانک ملی', 'brand:en': 'Bank Melli Iran', 'brand:wikidata': 'Q806640', 'name': 'بانک ملی', 'name:en': 'Bank Melli Iran'}"
440,node,10870066227,35.6965448,51.3880751,"{'amenity': 'pharmacy', 'email': 'pouyazn@gmail.com', 'name': 'داروخانه دکتر مجید', 'opening_hours': 'Sa-Th 07:00-22:00', 'phone': '+982166129525', 'source': 'Note 3429839'}"
441,node,10872973355,35.6757009,51.3942535,"{'amenity': 'bank', 'atm': 'yes', 'brand': 'بانک اقتصاد نوین', 'brand:en': 'EN Bank', 'brand:wikidata': 'Q5323768', 'brand:wikipedia': 'en:EN Bank', 'name': 'بانک اقتصاد نوین', 'name:en': 'EN Bank'}"
442,node,10872973371,35.6755048,51.395136,"{'amenity': 'bank', 'atm': 'yes', 'brand': 'بانک سامان', 'brand:en': 'Saman Bank', 'brand:wikidata': 'Q4117676', 'name': 'بانک سامان', 'name:en': 'Saman Bank'}"
443,node,10873046273,35.6748201,51.3948067,"{'addr:street': 'میدان قزوین', 'amenity': 'bank', 'brand': 'بانک ملی', 'brand:en': 'Bank Melli Iran', 'brand:wikidata': 'Q806640', 'name': 'بانک ملی', 'name:en': 'Bank Melli Iran'}"
444,node,10873046276,35.6748374,51.3948543,"{'addr:street': 'خیابان قزوین', 'amenity': 'bank', 'brand': 'بانک آینده', 'brand:en': 'Ayandeh Bank', 'brand:wikidata': 'Q5938144', 'name': 'بانک آینده', 'name:en': 'Ayandeh Bank'}"
445,node,10874940153,35.6972102,51.3999311,"{'amenity': 'pharmacy', 'healthcare': 'pharmacy', 'name': 'داروخانه دکتر شمایل مددی'}"
446,node,10902724895,35.700617,51.3901804,"{'amenity': 'cinema', 'name': 'Pars Cinema'}"
447,node,10908324826,35.701078,51.3872645,"{'amenity': 'car_wash', 'name': 'کارواش و خدمات خودرویی زمرد'}"
448,node,10908324831,35.7010833,51.3881659,"{'amenity': 'ice_cream', 'name': 'ویتامین سرای بهاران'}"
449,node,10914329858,35.7006233,51.3849225,"{'amenity': 'bank', 'brand': 'بانک ایران زمین', 'brand:en': 'Iran Zamin Bank', 'brand:wikidata': 'Q5934423', 'name': 'بانک ایران زمین', 'name:en': 'Iran Zamin Bank'}"
450,node,10914337858,35.7005308,51.3832449,"{'amenity': 'bank', 'brand': 'بانک رفاه', 'brand:en': 'Refah Bank', 'brand:wikidata': 'Q7307083', 'name': 'بانک رفاه', 'name:en': 'Refah Bank'}"
451,node,10916890304,35.6911365,51.4047781,"{'addr:city': 'تهران', 'addr:housenumber': '7', 'addr:street': 'عبدالرضا عبدوس', 'air_conditioning': 'yes', 'amenity': 'place_of_worship', 'community_centre': 'events_venue', 'contact:facebook': 'https://facebook.com/baitollzahra', 'contact:mobile': '+1 910 384 0808', 'denomination': 'shia', 'description': 'این هیئت با هدف برگزاری مراسم مولودی خوانی و عزادارای برای اهل بیت(ص) و همچنین امامان معصوم از جمله حضرت سید الشهدا در سال 1375 تاسیس شده است.', 'email': 'baitollzahra@gmail.com', 'image': 'https://instagram.com/baitollzahra', 'internet_access': 'yes', 'name': 'هیئت بیت الزهرا«س» جوانان شیخ هادی', 'note': 'سپاسگزار می شوم در شبکه های مجازی زیر هیئت بیت الزهرا«س» جوانان شیخ هادی را دنبال بفرمایید. \nباتشکر\nhttps://twitter.com/baitollzahra\nhttps://t.me/baitollzahra', 'opening_hours': 'Sa-Fr 12:00-24:00', 'opening_hours:covid19': 'Sa-Fr 20:00-23:00', 'operator': 'ادمین هیئت بیت الزهرا«س» جوانان شیخ هادی', 'operator:type': 'religious', 'religion': 'muslim', 'service_times': 'Sa-Fr 18:00-24:00', 'source': 'Note 3696023;osm notes;streetlevel imagery;survey', 'start_date': '1996-05-19', 'wheelchair': 'yes'}"
452,node,10946828035,35.6893034,51.3818957,"{'amenity': 'restaurant', 'name': 'چلوکبابی ریحان'}"
453,node,10958892551,35.6988575,51.4062712,"{'amenity': 'cafe', 'name': 'کافه والهالا'}"
454,node,10963084493,35.6812812,51.3812921,"{'access': 'yes', 'addr:street': 'کمیل', 'amenity': 'library', 'name': 'کتابخانه آفتاب', 'name:en': 'Aftab Library', 'opening_hours': 'Sa-We 08:00-19:45; Th 08:00-18:00; Fr 09:00-16:00'}"
455,node,10980136405,35.6955474,51.4101901,"{'amenity': 'restaurant', 'name:ru': 'Кюфте'}"
456,node,10983608594,35.6983914,51.3914069,"{'amenity': 'bus_station', 'name': 'ایستگاه میدان انقلاب', 'ref': '4621'}"
457,node,10983624802,35.6965257,51.3915532,"{'amenity': 'cafe', 'name': 'کافه دوربین'}"
458,node,10988988823,35.673705,51.3802817,"{'amenity': 'pharmacy', 'healthcare': 'pharmacy'}"
459,node,11002647488,35.6860181,51.4071166,"{'addr:street': 'باستیون شرقی', 'amenity': 'bank', 'brand': 'بانک سپه', 'brand:en': 'Bank Sepah', 'brand:wikidata': 'Q2882624', 'name': 'بانک سپه', 'name:en': 'Bank Sepah'}"
460,node,11029449605,35.70093,51.3861936,"{'amenity': 'bank', 'atm': 'yes', 'brand': 'بانک پاسارگاد', 'brand:en': 'Bank Pasargad', 'brand:wikidata': 'Q4855962', 'name': 'بانک پاسارگاد', 'name:en': 'Bank Pasargad'}"
461,node,11029953906,35.6998311,51.3903211,"{'amenity': 'cafe', 'branch': '۲', 'name': 'کافه معما'}"
462,node,11030205605,35.7007354,51.3888633,"{'amenity': 'fast_food', 'cuisine': 'juice', 'name': 'ویتامین سرای خرم'}"
463,node,11033961582,35.697621,51.3946916,"{'addr:city': 'تهران', 'addr:street': 'دوازدهم فروردین نبش بهشت آیین', 'amenity': 'cafe', 'cuisine': 'coffee_shop;tea;juice', 'image': 'https://www.google.com/maps/place/jogwheel_cafe/@35.6977552,51.394741,3a,75y,90t/data=!3m8!1e2!3m6!1sAF1QipPldXlRq6Mm4i24Dv-YGuhoMHQoRaoH9YCYMU-c!2e10!3e12!6shttps:%2F%2Flh5.googleusercontent.com%2Fp%2FAF1QipPldXlRq6Mm4i24Dv-YGuhoMHQoRaoH9YCYMU-c%3Dw152-h', 'internet_access': 'yes', 'internet_access:fee': 'customers', 'name': 'کافه جاگویل', 'name:en': 'jogwheel cafe', 'opening_hours': 'Mo-Fr 09:00-23:00', 'outdoor_seating': 'no', 'phone': '+982166404241', 'website': 'https://instagram.com/jogwheel_cafe?igshid=MzRlODBiNWFlZA=='}"
464,node,11041983025,35.7000631,51.4040664,"{'amenity': 'cafe', 'name': 'کافه نیکس'}"
465,node,11049082636,35.6592112,51.399096,"{'amenity': 'restaurant', 'name': 'جگر سرای آذربایجان'}"
466,node,11076959814,35.6982955,51.4072749,"{'amenity': 'cafe', 'name': 'کافه آرت گالری'}"
467,node,11105871184,35.7011209,51.4119427,"{'amenity': 'police', 'name': 'مرکز نظارت همگانی ناجا (۱۹۷)'}"
468,node,11140773941,35.6953864,51.4044973,"{'amenity': 'atm', 'not:brand:wikidata': 'Q4855944', 'operator': 'بانک ملت'}"
469,node,11148629198,35.7000485,51.3980703,"{'amenity': 'cafe', 'name': 'فست فود و کافی شاپ دیکافه', 'opening_hours': 'Mo-Su 08:00-22:00'}"
470,node,11150234600,35.6948431,51.3782592,"{'addr:city': 'تهران', 'addr:housenumber': '5198', 'addr:postcode': '1346954816', 'addr:street': 'آذربایجان', 'amenity': 'internet_cafe', 'internet_access': 'wlan', 'internet_access:fee': 'customers', 'mobile': '09018838647', 'name': 'کافی نت نامبروان'}"
471,node,11162442056,35.6969901,51.3930943,"{'amenity': 'restaurant', 'name': 'کافه جانان'}"
472,node,11167149728,35.6970535,51.3947582,"{'amenity': 'pharmacy', 'healthcare': 'pharmacy', 'name': 'داروخانه میلاد'}"
473,node,11201685035,35.6731908,51.3949708,"{'amenity': 'pharmacy', 'opening_hours': '24/7'}"
474,node,11201688366,35.6760978,51.4005923,"{'amenity': 'pharmacy', 'name': 'داروخانه پروین'}"
475,node,11201690881,35.6802382,51.4086328,"{'amenity': 'bank', 'brand': 'بانک سرمایه', 'brand:en': 'Sarmayeh Bank', 'brand:wikidata': 'Q7424291', 'name': 'بانک سرمایه', 'name:en': 'Sarmayeh Bank'}"
476,node,11201916896,35.6881433,51.3940074,{'amenity': 'bus_station'}
477,node,11201927425,35.6946575,51.3936589,"{'amenity': 'research_institute', 'name': 'مؤسسه مطالعات حقوق عمومی'}"
478,node,11201930313,35.6869353,51.4041165,"{'amenity': 'bank', 'atm': 'yes', 'brand': 'بانک پارسیان', 'brand:en': 'Parsian Bank', 'brand:wikidata': 'Q2410404', 'name': 'بانک پارسیان', 'name:en': 'Parsian Bank'}"
479,node,11201931873,35.6862404,51.4082127,"{'amenity': 'bank', 'atm': 'yes', 'branch': 'میدان حسن\u200cآباد', 'brand': 'بانک شهر', 'brand:en': 'Shahr Bank', 'brand:fa': 'بانک شهر', 'brand:wikidata': 'Q5941033', 'name': 'بانک شهر', 'name:en': 'Shahr Bank', 'name:fa': 'بانک شهر'}"
480,node,11201942000,35.6915776,51.3925959,"{'amenity': 'ice_cream', 'name': 'فالوده بستنی بنی علی'}"
481,node,11204334330,35.6605993,51.4119888,"{'amenity': 'ice_cream', 'name': 'بستنی نعمت خانی آباد'}"
482,node,11211733713,35.6966076,51.3878316,"{'amenity': 'school', 'name': 'دبستان پسرانه شهید اشرفی اصفهانی'}"
483,node,11212341923,35.6969476,51.4035189,"{'amenity': 'parking', 'name': 'پارکینگ شانزلیزه', 'parking': 'underground'}"
484,node,11212465172,35.6961472,51.4044888,"{'amenity': 'restaurant', 'name': 'رستوران آرین جمهوری'}"
485,node,11212484638,35.7007659,51.395772,"{'amenity': 'cafe', 'name': 'کافه همه', 'name:en': 'Every Cafe'}"
486,node,11218192790,35.6970301,51.3914819,"{'amenity': 'fast_food', 'cuisine': 'juice', 'name': 'ننه آقا'}"
487,node,11237848143,35.6883916,51.3845909,"{'amenity': 'doctors', 'name': 'مطب طب سنتی حکمت خانم دکترسمانه موهبتی'}"
488,node,11243009305,35.6757589,51.3966169,"{'amenity': 'restaurant', 'name': 'کبابسرای ریحان'}"
489,node,11252792918,35.6965674,51.3814914,"{'amenity': 'bank', 'brand': 'بانک سپه', 'brand:en': 'Bank Sepah', 'brand:wikidata': 'Q2882624', 'name': 'بانک سپه', 'name:en': 'Bank Sepah'}"
490,node,11257376506,35.6814399,51.4002704,"{'amenity': 'pharmacy', 'name': 'داروخانه مرکزی منیریه', 'phone': '+982155386578'}"
491,node,11263012493,35.6970081,51.4048038,"{'amenity': 'cafe', 'name': 'کافه چپ کوک'}"
492,node,11297458845,35.6960854,51.4121822,"{'amenity': 'bank', 'atm': 'yes', 'brand': 'بانک صادرات', 'brand:en': 'Bank Saderat Iran', 'brand:fa': 'بانک صادرات', 'brand:wikidata': 'Q2882608', 'name': 'بانک صادرات', 'name:en': 'Bank Saderat Iran', 'name:fa': 'بانک صادرات'}"
493,node,11301581326,35.6744861,51.4075423,"{'amenity': 'bank', 'brand': 'بانک رفاه', 'brand:en': 'Refah Bank', 'brand:wikidata': 'Q7307083', 'name': 'بانک رفاه', 'name:en': 'Refah Bank'}"
494,node,11342982277,35.6805691,51.4016728,"{'amenity': 'bank', 'atm': 'yes', 'brand': 'بانک صادرات', 'brand:en': 'Bank Saderat Iran', 'brand:fa': 'بانک صادرات', 'brand:wikidata': 'Q2882608', 'name': 'بانک صادرات', 'name:en': 'Bank Saderat Iran', 'name:fa': 'بانک صادرات'}"
495,node,11342982278,35.680994,51.4012383,"{'amenity': 'bank', 'atm': 'yes', 'brand': 'بانک سپه', 'brand:en': 'Bank Sepah', 'brand:wikidata': 'Q2882624', 'name': 'بانک سپه', 'name:en': 'Bank Sepah'}"
496,node,11342982294,35.6780478,51.4022994,"{'amenity': 'restaurant', 'name': 'رستوران سنتی ارسباران'}"
497,node,11342982312,35.676045,51.4078573,"{'amenity': 'bank', 'atm': 'yes', 'brand': 'بانک ملی', 'brand:en': 'Bank Melli Iran', 'brand:wikidata': 'Q806640', 'name': 'بانک ملی', 'name:en': 'Bank Melli Iran'}"
498,node,11342982313,35.6727635,51.4057876,"{'amenity': 'bank', 'atm': 'yes', 'brand': 'بانک رفاه', 'brand:en': 'Refah Bank', 'brand:wikidata': 'Q7307083', 'name': 'بانک رفاه', 'name:en': 'Refah Bank'}"
499,node,11343310315,35.7000419,51.3927388,"{'amenity': 'public_bookcase', 'name': 'انتشارات هنگام هنر', 'public': 'yes'}"
500,node,11368065063,35.6992202,51.408609,"{'amenity': 'college', 'branch': '۴', 'name': 'آموزش عالی جهاد دانشگاهی'}"
501,node,11368077691,35.6973086,51.4078051,"{'amenity': 'university', 'name': 'دانشگاه علوم و معارف قرآن کریم'}"
502,node,11374043120,35.6867955,51.4056919,"{'amenity': 'bank', 'atm': 'yes', 'brand': 'بانک ملت', 'brand:en': 'Bank Mellat', 'brand:wikidata': 'Q4855944', 'name': 'بانک ملت', 'name:en': 'Bank Mellat'}"
503,node,11390491477,35.6943839,51.4037588,"{'amenity': 'bank', 'brand': 'بانک ملی', 'brand:en': 'Bank Melli Iran', 'brand:wikidata': 'Q806640', 'name': 'بانک ملی', 'name:en': 'Bank Melli Iran'}"
504,node,11392592180,35.7010622,51.4026778,"{'addr:street': 'انقلاب اسلامی', 'amenity': 'cafe', 'cuisine': 'coffee_shop', 'name': 'کافه عربی A&M', 'opening_hours': '07:00-23:00', 'phone': '09211640162', 'website': 'ghasem.ataie.sharif.a.m'}"
505,node,11395495097,35.6762644,51.3942484,"{'amenity': 'bank', 'brand': 'بانک مسکن', 'brand:en': 'Bank Maskan', 'brand:wikidata': 'Q4855942', 'name': 'بانک مسکن', 'name:en': 'Bank Maskan'}"
506,node,11397517714,35.6765892,51.4080424,"{'amenity': 'fast_food', 'name': 'سوخاری ایندو'}"
507,node,11428590132,35.6900797,51.4091498,"{'amenity': 'bank', 'brand': 'بانک ملی', 'brand:en': 'Bank Melli Iran', 'brand:wikidata': 'Q806640', 'name': 'بانک ملی', 'name:en': 'Bank Melli Iran'}"
508,node,11428604030,35.6820439,51.3953436,"{'amenity': 'bank', 'brand': 'بانک اقتصاد نوین', 'brand:en': 'EN Bank', 'brand:wikidata': 'Q5323768', 'name': 'بانک اقتصاد نوین', 'name:en': 'EN Bank'}"
509,node,11432086412,35.6819051,51.3991944,"{'amenity': 'bank', 'atm': 'yes', 'brand': 'بانک سامان', 'brand:en': 'Saman Bank', 'brand:wikidata': 'Q4117676', 'name': 'بانک سامان', 'name:en': 'Saman Bank'}"
510,node,11446709067,35.6683893,51.3830545,"{'amenity': 'bank', 'brand': 'بانک صادرات', 'brand:en': 'Bank Saderat Iran', 'brand:fa': 'بانک صادرات', 'brand:wikidata': 'Q2882608', 'name': 'بانک صادرات', 'name:en': 'Bank Saderat Iran', 'name:fa': 'بانک صادرات'}"
511,node,11465749204,35.6717149,51.3831624,"{'amenity': 'bank', 'brand': 'بانک ملت', 'brand:en': 'Bank Mellat', 'brand:wikidata': 'Q4855944', 'name': 'بانک ملت', 'name:en': 'Bank Mellat'}"
512,node,11493388369,35.6815409,51.3783877,{'amenity': 'fuel'}
513,node,11510387508,35.682229,51.3933669,"{'addr:street': 'کارگر جنوبی', 'amenity': 'bank', 'brand': 'بانک ملت', 'brand:en': 'Bank Mellat', 'brand:wikidata': 'Q4855944', 'brand:wikipedia': 'en:Bank Mellat', 'name': 'بانک ملت', 'name:de': 'Mellat Bank', 'name:en': 'Bank Mellat'}"
514,node,11515855640,35.6651554,51.3966054,"{'addr:city': 'تهران', 'addr:street': 'ایروانی', 'amenity': 'school', 'name': 'دبیرستان متوسطه دوره اول مکتب قرآن'}"
515,node,11519006566,35.6951169,51.4091569,"{'addr:city': 'تهران', 'addr:postcode': '1139813320', 'addr:street': 'جمهوری اسلامی', 'amenity': 'marketplace', 'building': 'shope', 'name': 'فروشگاه حامی تل', 'phone': '02166722754', 'website': 'https://hamitell.com/'}"
516,node,11524566154,35.6976871,51.4068311,"{'addr:city': 'تهران', 'addr:housenumber': '2', 'addr:postcode': '021', 'addr:street': 'خرسند', 'amenity': 'studio', 'mobile': '+989351378384', 'name': 'خانه ایده و تصویر هور', 'operator': 'kane hoor', 'studio': 'video', 'website': 'www.khanehoor.ir'}"
517,node,11530179546,35.7013907,51.4042205,"{'amenity': 'bank', 'brand': 'بانک سینا', 'brand:en': 'Sina Bank', 'brand:wikidata': 'Q10860246', 'brand:wikipedia': 'en:Sina Bank', 'name': 'بانک سینا', 'name:en': 'Sina Bank'}"
518,node,11530187070,35.6981867,51.3977533,"{'amenity': 'pharmacy', 'healthcare': 'pharmacy', 'name': 'داروخانه'}"
519,node,11572707486,35.7008498,51.3957593,"{'addr:city': 'تهران', 'addr:housenumber': '1270', 'addr:postcode': '1314744513', 'addr:street': 'انقلاب اسلامی', 'amenity': 'university', 'image': 'https://img9.irna.ir/d/r2/2019/08/06/4/156529905.jpg', 'name': 'Academic Center of Education, Culture and Research - head office', 'name:fa': 'جهاددانشگاهی - دفتر مرکزی', 'website': 'https://acecr.ac.ir/'}"
520,node,11581254648,35.6794288,51.4089346,"{'amenity': 'restaurant', 'name': 'طباخی یاوری'}"
521,node,11587577660,35.7009781,51.4030265,{'amenity': 'pharmacy'}
522,node,11593927200,35.6960007,51.3911301,"{'amenity': 'school', 'name': 'مدرسه علوی'}"
523,node,11610343844,35.682534,51.4017629,"{'amenity': 'bank', 'branch': 'منیریه', 'name': 'بانک شهر'}"
524,node,11610374727,35.6751816,51.3956293,{'amenity': 'pharmacy'}
525,node,11610390879,35.6793356,51.4014232,"{'amenity': 'fast_food', 'name': 'شیلا'}"
526,node,11610395175,35.6929074,51.4035434,"{'amenity': 'bank', 'atm': 'yes', 'branch': 'مهتاب', 'name': 'بانک رفاه کارگران'}"
527,node,11610650664,35.6968802,51.4063598,"{'amenity': 'clinic', 'name': 'پلی\u200cکلنیک تخصصی شهید حیدری'}"
528,node,11610683028,35.6971465,51.4067407,"{'amenity': 'restaurant', 'name': 'آش و حلیم سهراب'}"
529,node,11610713283,35.6968881,51.4047793,"{'amenity': 'fast_food', 'name': 'فست\u200cفود مروی', 'phone': '+982166417815'}"
530,node,11627428083,35.6821934,51.3833874,"{'amenity': 'pharmacy', 'healthcare': 'pharmacy', 'name': 'داروخانه'}"
531,node,11659513303,35.699489,51.3882199,"{'amenity': 'cafe', 'name': 'کافه هورمزد'}"
532,node,11660029965,35.7009182,51.4011986,"{'amenity': 'cafe', 'name': 'امیر کافه'}"
