highway,count,length
bridleway,5,2120.822
bus_stop,3,147.669
busway,7,17415.331
construction,7,4362.954
elevator,1,10.168
footway,1274,87834.194
living_street,114,13363.023
path,76,41223.499
pedestrian,66,6625.274
primary,136,46878.477
primary_link,52,4510.127
raceway,2,533.027
residential,5947,644093.6
rest_area,1,1061.627
secondary,402,112994.255
secondary_link,91,3755.462
service,1234,176284.813
steps,200,3118.914
tertiary,631,166870.551
tertiary_link,41,1075.105
track,51,46135.049
trunk,159,115140.139
trunk_link,191,39793.895
unclassified,136,21381.898
