amenity,count
atm,13
bank,226
bench,1
bureau_de_change,16
bus_station,10
cafe,57
car_rental,1
cinema,5
clinic,18
college,9
community_centre,4
conference_centre,1
courthouse,6
dentist,3
disused,3
drinking_water,20
driving_school,1
events_venue,1
fast_food,32
fire_station,3
fountain,2
fuel,5
ice_cream,5
internet_cafe,4
kindergarten,1
library,3
marketplace,3
parking,7
parking_entrance,1
pharmacy,26
place_of_worship,97
police,21
post_box,1
post_office,7
public_bath,2
restaurant,67
school,25
studio,1
taxi,6
telephone,1
theatre,4
toilets,25
townhall,8
university,6
waste_disposal,1
