highway,count,length
bus_stop,2,82.063
busway,4,4336.652
construction,12,6429.89
cycleway,7,2325.497
elevator,1,10.168
footway,1380,80143.046
living_street,160,17458.977
path,8,971.869
pedestrian,52,2484.16
primary,170,75668.213
primary_link,73,5592.23
residential,7598,886926.924
secondary,606,169644.524
secondary_link,117,6593.054
service,1307,322783.078
steps,262,2947.613
tertiary,820,218967.9
tertiary_link,56,2758.972
track,8,6464.82
trunk,205,171854.092
trunk_link,347,85994.995
unclassified,212,75786.984
