amenity,count
arts_centre,1
atm,37
bank,144
bbq,1
bench,3
bicycle_parking,1
bicycle_rental,4
bureau_de_change,2
bus_station,3
cafe,10
car_rental,1
car_wash,7
cinema,3
clinic,35
college,5
community_centre,2
courthouse,2
dentist,10
disused,1
doctors,7
drinking_water,7
driving_school,2
events_venue,12
fast_food,15
fire_station,3
fountain,1
fuel,6
ice_cream,7
internet_cafe,2
kindergarten,4
language_school,3
letter_box,1
library,5
music_school,4
nursing_home,2
parking,2
parking_entrance,3
parking_space,1
pharmacy,73
place_of_worship,84
police,3
post_box,1
post_office,5
restaurant,29
school,72
smoking_area,1
taxi,13
telephone,2
toilets,42
townhall,3
university,1
vending_machine,2
waste_disposal,1
