amenity,count
animal_shelter,1
arts_centre,1
atm,39
bank,67
bar,1
bench,1
bicycle_rental,6
boat_rental,3
bus_station,12
cafe,19
car_rental,2
car_wash,10
clinic,25
college,3
community_centre,4
dentist,6
disused,1
doctors,2
drinking_water,13
driving_school,1
events_venue,6
fast_food,33
fire_station,2
fountain,3
fuel,10
ice_cream,6
kindergarten,1
language_school,3
library,6
marketplace,2
music_school,2
parking,1
parking_entrance,1
pharmacy,37
place_of_worship,28
police,12
post_box,1
post_office,3
recycling,3
restaurant,44
school,31
shelter,2
studio,1
taxi,8
telephone,1
theatre,1
toilets,46
townhall,2
university,2
vehicle_inspection,1
waste_basket,1
