amenity,count
animal_shelter,1
atm,55
bank,46
bicycle_parking,1
bicycle_rental,3
bus_station,13
cafe,11
car_pooling,1
car_rental,1
car_wash,11
clinic,16
college,1
community_centre,3
courthouse,1
dentist,1
doctors,1
drinking_water,4
driving_school,1
events_venue,10
fast_food,8
fire_station,4
fountain,3
fuel,19
hospital,3
ice_cream,3
internet_cafe,1
kindergarten,1
language_school,1
library,2
marketplace,2
music_school,1
parking,4
pharmacy,29
place_of_worship,29
police,15
post_box,3
post_office,3
public_bath,1
publisher,1
restaurant,31
school,28
studio,1
taxi,11
toilets,45
townhall,4
university,4
vacuum_cleaner,1
vehicle_inspection,3
veterinary,1
waste_basket,1
waste_disposal,22
