,type,id,lat,lon,tags
0,node,26461290,35.6852967,51.4541419,"{'amenity': 'clinic', 'healthcare': 'clinic', 'name': 'مرکز درمانی دارالشفاء امام مجتبی', 'name:en': 'Emam Mojtaba clinic'}"
1,node,854335351,35.6664189,51.479308,"{'amenity': 'place_of_worship', 'building': 'mosque', 'denomination': 'shia', 'name': 'حسینیه', 'place_of_worship': 'husayniyyah', 'religion': 'muslim'}"
2,node,2482077826,35.6707407,51.5199387,{'amenity': 'parking'}
3,node,3300382116,35.6613139,51.4825715,"{'amenity': 'dentist', 'healthcare': 'dentist', 'name': 'مرکز جامع تخصصی دندانپزشکی شفا', 'phone': '+98 21 3380 2751'}"
4,node,3330546315,35.6716545,51.4657666,"{'amenity': 'school', 'name': 'حوزه علمیه مسجد جامع حضرت قاسم بن الحسن'}"
5,node,3930699535,35.6737987,51.4929759,"{'amenity': 'bank', 'brand': 'بانک سپه', 'brand:en': 'Bank Sepah', 'brand:wikidata': 'Q2882624', 'brand:wikipedia': 'en:Bank Sepah', 'name': 'بانک سپه', 'name:en': 'Bank Sepah'}"
6,node,4174121690,35.6517773,51.4684815,"{'amenity': 'bank', 'atm': 'no', 'name': 'بانک شهر'}"
7,node,4239200694,35.6905133,51.4638702,"{'amenity': 'community_centre', 'name': 'رهام', 'phone': '+98 21 3335 1499'}"
8,node,4248430100,35.6712859,51.4615876,"{'amenity': 'atm', 'operator': 'سامان'}"
9,node,4248430397,35.6669689,51.4602852,"{'amenity': 'bank', 'brand': 'بانک ملی', 'brand:en': 'Bank Melli Iran', 'brand:wikidata': 'Q806640', 'brand:wikipedia': 'en:Bank Melli Iran', 'name': 'بانک ملی', 'name:en': 'Bank Melli Iran'}"
10,node,4248430398,35.6672776,51.4574559,"{'amenity': 'bank', 'brand': 'بانک صادرات', 'brand:en': 'Bank Saderat Iran', 'brand:wikidata': 'Q2882608', 'brand:wikipedia': 'en:Bank Saderat Iran', 'name': 'بانک صادرات', 'name:en': 'Bank Saderat Iran'}"
11,node,4248430499,35.6702957,51.4626411,"{'amenity': 'bank', 'atm': 'yes', 'brand': 'بانک صادرات', 'brand:en': 'Bank Saderat Iran', 'brand:fa': 'بانک صادرات', 'brand:wikidata': 'Q2882608', 'name': 'بانک صادرات', 'name:en': 'Bank Saderat Iran', 'name:fa': 'بانک صادرات', 'operator': 'صادرات'}"
12,node,4248476490,35.6674972,51.4568907,"{'amenity': 'police', 'name': 'کلانتری ۱۱۴ غیاثی'}"
13,node,4263178497,35.6687119,51.4630922,{'amenity': 'toilets'}
14,node,4263184480,35.6675492,51.4645408,"{'amenity': 'place_of_worship', 'building': 'mosque', 'denomination': 'shia', 'name': 'آستان مقدس چهل تن دولاب و شهدای گمنام', 'religion': 'muslim'}"
15,node,4263440349,35.6723163,51.4518847,"{'amenity': 'place_of_worship', 'name': 'مسجد شهدا', 'name:en': 'Shohada Mosque', 'religion': 'muslim'}"
16,node,4269455619,35.6663865,51.4560038,"{'amenity': 'place_of_worship', 'building': 'mosque', 'denomination': 'shia', 'name': 'مسجد', 'religion': 'muslim'}"
17,node,4337163397,35.6887708,51.4953688,"{'addr:street': 'شهیدحبیبی', 'amenity': 'restaurant', 'name': 'تالارگل نرگس'}"
18,node,4341523592,35.6654366,51.4466401,"{'addr:street': 'خاوران', 'amenity': 'bank', 'brand': 'بانک سپه', 'brand:en': 'Bank Sepah', 'brand:wikidata': 'Q2882624', 'brand:wikipedia': 'en:Bank Sepah', 'name': 'بانک سپه', 'name:en': 'Bank Sepah'}"
19,node,4341524791,35.6651766,51.4463054,"{'amenity': 'bank', 'brand': 'بانک ملت', 'brand:en': 'Bank Mellat', 'brand:wikidata': 'Q4855944', 'brand:wikipedia': 'en:Bank Mellat', 'name': 'بانک ملت', 'name:en': 'Bank Mellat'}"
20,node,4341524792,35.6652413,51.4470396,"{'amenity': 'bank', 'brand': 'بانک صادرات', 'brand:en': 'Bank Saderat Iran', 'brand:fa': 'بانک صادرات', 'brand:wikidata': 'Q2882608', 'brand:wikipedia': 'en:Bank Saderat Iran', 'name': 'بانک صادرات', 'name:en': 'Bank Saderat Iran', 'name:fa': 'بانک صادرات'}"
21,node,4346241490,35.6651165,51.4458572,"{'amenity': 'atm', 'branch': 'میدان خراسان'}"
22,node,4347096395,35.6758618,51.5076022,"{'addr:postcode': '1756813133', 'addr:street': 'هجرت', 'amenity': 'bank', 'atm': 'yes', 'brand': 'بانک سپه', 'brand:en': 'Bank Sepah', 'brand:wikidata': 'Q2882624', 'brand:wikipedia': 'fa:بانک سپه', 'name': 'بانک سپه', 'name:en': 'Bank Sepah'}"
23,node,4347747298,35.6532716,51.4933196,{'amenity': 'bench'}
24,node,4350765990,35.688851,51.4565267,"{'amenity': 'police', 'name': 'کلانتری ۱۱۰ شهدا'}"
25,node,4357413590,35.6903255,51.4877671,"{'amenity': 'atm', 'brand': 'بانک ملت', 'brand:en': 'Bank Mellat', 'brand:wikidata': 'Q4855944', 'brand:wikipedia': 'en:Bank Mellat', 'name': 'بانک ملت', 'name:en': 'Bank Mellat', 'operator': 'بانک ملت', 'operator:wikidata': 'Q4855944', 'operator:wikipedia': 'en:Bank Mellat'}"
26,node,4395699190,35.6882426,51.4801568,"{'amenity': 'courthouse', 'name': 'آلونکمون'}"
27,node,4396120192,35.6906196,51.4586194,"{'amenity': 'cafe', 'name': 'توت طلایی', 'name:en': 'Golden Berry'}"
28,node,4403077790,35.6898984,51.4531195,"{'amenity': 'events_venue', 'name': 'تالار پذیرایی سورتمه'}"
29,node,4428956689,35.6901434,51.4581305,{'amenity': 'car_wash'}
30,node,4458435577,35.6555796,51.4640973,"{'amenity': 'place_of_worship', 'building': 'mosque', 'denomination': 'shia', 'name': 'مسجد حضرت عباس', 'religion': 'muslim'}"
31,node,4472309511,35.6572755,51.4770964,"{'amenity': 'fast_food', 'name': 'غذای حاضری', 'name:en': 'fast food'}"
32,node,4473012690,35.6586622,51.4694372,"{'amenity': 'fast_food', 'name': 'عطاویچ', 'name:en': 'atavich fastfood', 'phone': '+98 21 3368 2245'}"
33,node,4476041391,35.6751451,51.4662536,"{'addr:street': 'پاسدار گمنام', 'amenity': 'library', 'internet_access': 'wlan', 'name': 'کتابخانه سرای محله علوی', 'name:en': 'Library of the Alawite neighborhood', 'opening_hours': 'Sa-We 08:00-18:00; Th 09:00-02:00'}"
34,node,4534091092,35.6644204,51.4875063,{'amenity': 'atm'}
35,node,4575636289,35.6765562,51.4509062,"{'amenity': 'bank', 'name': 'بانک صادرات', 'name:en': 'Bank Saderat'}"
36,node,4611433654,35.6864143,51.4502598,"{'amenity': 'toilets', 'name': 'دستشویی'}"
37,node,4616110789,35.6755376,51.4546876,"{'amenity': 'pharmacy', 'healthcare': 'pharmacy', 'name': 'داروخانه'}"
38,node,4617835618,35.6672865,51.4598594,"{'amenity': 'toilets', 'name': 'دستشویی'}"
39,node,4631836391,35.6512805,51.4511871,"{'amenity': 'place_of_worship', 'building': 'mosque', 'denomination': 'shia', 'name': 'مسجد نبوی', 'name:en': 'Nabavi mosque', 'religion': 'muslim'}"
40,node,4632448625,35.6921793,51.4867828,"{'amenity': 'vending_machine', 'name': 'پمپ بنزین', 'vending': 'fuel'}"
41,node,4674765790,35.6735374,51.4851771,{'amenity': 'fountain'}
42,node,4675960311,35.6709166,51.484101,{'amenity': 'fountain'}
43,node,4675960312,35.6709101,51.4841426,{'amenity': 'fountain'}
44,node,4675960313,35.6709286,51.4840474,{'amenity': 'fountain'}
45,node,4675968220,35.6907144,51.4923866,"{'amenity': 'toilets', 'name': 'دستشویی'}"
46,node,4676887545,35.6548039,51.469268,"{'amenity': 'theatre', 'name': 'پردیس تئاتر تهران'}"
47,node,4692560519,35.6648216,51.447849,"{'amenity': 'fuel', 'fuel': 'petrol;gasoline', 'name': 'پمپ بنزین میدان خراسان'}"
48,node,4699069293,35.664321,51.4859294,"{'amenity': 'fast_food', 'description:en': 'Nice kebab', 'description:ru': 'Вкусный люля-кебаб'}"
49,node,4720207490,35.6741769,51.4592197,"{'addr:housenumber': '14', 'addr:postcode': '021', 'addr:street': 'قرائی گرکانی', 'amenity': 'cafe', 'cuisine': 'asian', 'email': 'hamedbazargan1986@gmail.com', 'internet_access': 'wlan', 'name': 'گرکانی', 'name:en': 'Gorgani', 'opening_hours': '24/7', 'phone': '+989356149595'}"
50,node,4733494227,35.6901908,51.4590375,"{'addr:country': 'IR', 'amenity': 'pharmacy', 'healthcare': 'pharmacy', 'name': 'داروخانه پیروزی', 'phone': '+982133332242'}"
51,node,4739480424,35.6533639,51.4987045,"{'addr:housenumber': '17', 'addr:postcode': '17849745', 'addr:street': 'بیست متری افسریه', 'amenity': 'doctors', 'healthcare': 'doctor', 'healthcare:speciality': 'radiology', 'name': 'رادیولوژی و سونوگرافی یاسین', 'name:en': 'Yasin imaging center', 'phone': '+982133208760'}"
52,node,4756338588,35.6897697,51.4458038,"{'amenity': 'bank', 'brand': 'بانک ملی', 'brand:en': 'Bank Melli Iran', 'brand:wikidata': 'Q806640', 'brand:wikipedia': 'en:Bank Melli Iran', 'name': 'بانک ملی', 'name:en': 'Bank Melli Iran'}"
53,node,4758760221,35.6538236,51.483168,{'amenity': 'atm'}
54,node,4759069229,35.6735004,51.4458353,"{'amenity': 'disused', 'disused:amenity': 'bank', 'name': 'موسسه اعتباری فرشتگان'}"
55,node,4795078022,35.6831251,51.4467132,"{'amenity': 'pharmacy', 'healthcare': 'pharmacy', 'name': 'داروخانه', 'name:en': 'Pharmacy'}"
56,node,4795092121,35.6807142,51.4494989,"{'amenity': 'bank', 'brand': 'بانک رفاه', 'brand:en': 'Refah Bank', 'brand:wikidata': 'Q7307083', 'brand:wikipedia': 'en:Refah Bank', 'name': 'بانک رفاه', 'name:en': 'Refah Bank'}"
57,node,4798579622,35.6457382,51.469676,{'amenity': 'atm'}
58,node,4798579623,35.6463917,51.4690788,{'amenity': 'atm'}
59,node,4798593823,35.6461351,51.4669392,{'amenity': 'atm'}
60,node,4801991323,35.6896891,51.452123,"{'amenity': 'restaurant', 'name': 'رستوران ماندیرو', 'name:en': 'رستوران ماندیرو'}"
61,node,4803240621,35.6724855,51.4633829,"{'amenity': 'fuel', 'name': 'جایگاه اختصاصی سوخت اصفهانک', 'surface': 'concrete'}"
62,node,4806186421,35.6720256,51.4720337,"{'addr:street': 'مهدی زندی', 'amenity': 'cafe'}"
63,node,4809733229,35.6851741,51.4773971,"{'amenity': 'library', 'name': 'مسجد مسلم ابن عقیل', 'name:en': 'Mosqe of moslem ebn aghil'}"
64,node,4837881323,35.6734992,51.462839,"{'amenity': 'cafe', 'name': 'کافه عرفان'}"
65,node,4889224898,35.6614243,51.4854032,"{'addr:street': 'بلوار ابوذر', 'amenity': 'fast_food', 'cuisine': 'kebab', 'name': 'کبابی ممتاز گلپایگانی', 'name:en': 'Kbabi momtz golpygni', 'phone': '+98 21 3365 5500'}"
66,node,4889234953,35.6605355,51.4798574,"{'addr:street': 'بلوار نبرد', 'amenity': 'bank', 'branch': 'شهرداری منطقه ۱۴', 'brand': 'بانک شهر', 'brand:en': 'Shahr Bank', 'brand:fa': 'بانک شهر', 'brand:wikidata': 'Q5941033', 'brand:wikipedia': 'fa:بانک شهر', 'name': 'بانک شهر', 'name:en': 'Shahr Bank', 'name:fa': 'بانک شهر', 'operator': 'بانک شهر', 'phone': '+982133439995', 'website': 'http://www.city-bank.ir'}"
67,node,4889234981,35.6631028,51.4837764,"{'addr:street': 'پاکزاد', 'amenity': 'library', 'name': 'کتابخانه عمومی گلسار', 'name:en': 'Public Library Golsar', 'opening_hours': 'Sa-Th 07:30-17:00', 'phone': '+98 21 3384 3550', 'website': 'http://golsar-tehran-blogfa.com'}"
68,node,4895747679,35.659991,51.4732789,"{'amenity': 'atm', 'name': 'خودپرداز بانک پارسیان'}"
69,node,4895747680,35.660368,51.4739145,"{'amenity': 'bank', 'atm': 'yes', 'brand': 'بانک ملت', 'brand:en': 'Bank Mellat', 'brand:wikidata': 'Q4855944', 'brand:wikipedia': 'en:Bank Mellat', 'name': 'بانک ملت', 'name:en': 'Bank Mellat'}"
70,node,4947050370,35.6898232,51.4469727,"{'amenity': 'pharmacy', 'healthcare': 'pharmacy', 'name': 'داروخانه دلفراز'}"
71,node,4958335560,35.6583858,51.5087956,"{'amenity': 'fire_station', 'name': 'ایستگاه آتش نشانی قصر فیروزه'}"
72,node,4984855028,35.6893012,51.4469595,"{'amenity': 'cinema', 'name': 'سینما شکوفه', 'name:en': 'Shokufeh Cinema'}"
73,node,4984855029,35.6891633,51.4475554,"{'amenity': 'cinema', 'name': 'سینما میلاد', 'name:en': 'Cinema Milad'}"
74,node,4986220021,35.6728686,51.4460123,"{'addr:street': 'هفده شهریور', 'amenity': 'fast_food', 'name': 'پیتزا فراز', 'name:en': 'Faraz Fast Food'}"
75,node,4986220022,35.67144,51.4462457,"{'addr:street': 'هفده شهریور', 'amenity': 'bank', 'brand': 'بانک ملی', 'brand:en': 'Bank Melli Iran', 'brand:wikidata': 'Q806640', 'brand:wikipedia': 'en:Bank Melli Iran', 'name': 'بانک ملی', 'name:en': 'Bank Melli Iran'}"
76,node,4986220122,35.6712053,51.4461927,"{'addr:street': 'هفده شهریور', 'amenity': 'bank', 'brand': 'بانک صادرات', 'brand:en': 'Bank Saderat Iran', 'brand:fa': 'بانک صادرات', 'brand:wikidata': 'Q2882608', 'brand:wikipedia': 'en:Bank Saderat Iran', 'name': 'بانک صادرات', 'name:en': 'Bank Saderat Iran', 'name:fa': 'بانک صادرات'}"
77,node,4986220124,35.6886201,51.4470721,"{'addr:street': 'هفده شهریور', 'amenity': 'bank', 'atm': 'yes', 'brand': 'بانک سپه', 'brand:en': 'Bank Sepah', 'brand:wikidata': 'Q2882624', 'brand:wikipedia': 'en:Bank Sepah', 'name': 'بانک سپه', 'name:en': 'Bank Sepah'}"
78,node,4987052625,35.6473218,51.4598006,{'amenity': 'car_wash'}
79,node,4987150124,35.6494571,51.458821,{'amenity': 'atm'}
80,node,4987184721,35.6442938,51.4651708,"{'amenity': 'library', 'name': 'کتابخانه جعفری نژاد', 'name:en': 'jafari nezhad'}"
81,node,5001301722,35.6515254,51.4570657,"{'amenity': 'pharmacy', 'name': 'داروخانه شبانه روزی وحیدیه', 'name:en': 'vahidyyeh'}"
82,node,5028476621,35.6798721,51.4801328,"{'addr:street': 'نبرد شمالی', 'amenity': 'pharmacy', 'healthcare': 'pharmacy', 'name': 'داروخانه شبانه روزی ابیانه', 'opening_hours': '24/7'}"
83,node,5101494921,35.6903103,51.4613718,"{'amenity': 'bank', 'brand': 'بانک ملی', 'brand:en': 'Bank Melli Iran', 'brand:wikidata': 'Q806640', 'brand:wikipedia': 'en:Bank Melli Iran', 'name': 'بانک ملی', 'name:en': 'Bank Melli Iran'}"
84,node,5119218048,35.6885035,51.4876589,"{'addr:street': 'مقداد', 'amenity': 'cafe', 'name': 'بیا و ببین', 'name:en': 'Bia o bebin', 'opening_hours': '24/7', 'phone': '+989024948989', 'website': 'https://t.me/joinchat/AAAAAEBXOsY2RucuXpL41A'}"
85,node,5135498924,35.6766953,51.4629611,"{'addr:street': 'برادران واضحی فرد', 'amenity': 'bank', 'atm': 'yes', 'brand': 'بانک صادرات', 'brand:en': 'Bank Saderat Iran', 'brand:wikidata': 'Q2882608', 'brand:wikipedia': 'en:Bank Saderat Iran', 'name': 'بانک صادرات', 'name:en': 'Bank Saderat Iran', 'opening_hours': 'Sa-Th 08:00-14:00'}"
86,node,5156307823,35.6929791,51.4901791,"{'amenity': 'bank', 'brand': 'بانک مسکن', 'brand:en': 'Bank Maskan', 'brand:wikidata': 'Q4855942', 'brand:wikipedia': 'en:Bank Maskan', 'name': 'بانک مسکن', 'name:en': 'Bank Maskan'}"
87,node,5156307824,35.6913871,51.4731028,"{'addr:street': 'پیروزی', 'amenity': 'bank', 'brand': 'بانک سپه', 'brand:en': 'Bank Sepah', 'brand:wikidata': 'Q2882624', 'brand:wikipedia': 'en:Bank Sepah', 'name': 'بانک سپه', 'name:en': 'Bank Sepah'}"
88,node,5156307825,35.6865714,51.4578187,{'amenity': 'atm'}
89,node,5156307828,35.6445679,51.5052869,"{'amenity': 'restaurant', 'name': 'رستوران قصر فیروزه'}"
90,node,5156307926,35.683222,51.4953026,"{'amenity': 'school', 'name': 'هنرستان پسرانه طهرانی مقدم'}"
91,node,5156307927,35.6905285,51.4957288,"{'amenity': 'place_of_worship', 'name': 'مسجد بقیه الله اعظم', 'religion': 'muslim'}"
92,node,5156307928,35.6919256,51.4772079,"{'addr:street': 'پیروزی', 'amenity': 'bank', 'atm': 'yes', 'brand': 'بانک سپه', 'brand:en': 'Bank Sepah', 'brand:wikidata': 'Q2882624', 'brand:wikipedia': 'en:Bank Sepah', 'name': 'بانک سپه', 'name:en': 'Bank Sepah'}"
93,node,5156307929,35.6918252,51.4756676,"{'addr:street': 'پیروزی', 'amenity': 'bank', 'brand': 'بانک توسعه تعاون', 'brand:wikidata': 'Q5684450', 'brand:wikipedia': 'fa:بانک توسعه تعاون', 'name': 'بانک توسعه تعاون'}"
94,node,5156307930,35.6914025,51.4698082,"{'addr:street': 'پیروزی', 'amenity': 'bank', 'brand': 'بانک سپه', 'brand:en': 'Bank Sepah', 'brand:wikidata': 'Q2882624', 'brand:wikipedia': 'en:Bank Sepah', 'name': 'بانک سپه', 'name:en': 'Bank Sepah'}"
95,node,5156307931,35.6901439,51.4582509,"{'addr:street': 'پیروزی', 'amenity': 'bank', 'name': 'بانک رسالت'}"
96,node,5156307932,35.6845443,51.4607009,"{'amenity': 'bank', 'brand': 'بانک ملی', 'brand:en': 'Bank Melli Iran', 'brand:wikidata': 'Q806640', 'brand:wikipedia': 'en:Bank Melli Iran', 'name': 'بانک ملی', 'name:en': 'Bank Melli Iran'}"
97,node,5156307933,35.6906317,51.4862285,"{'amenity': 'bank', 'name': 'بانک صادرات'}"
98,node,5156308022,35.6920793,51.478938,"{'addr:street': 'پیروزی', 'amenity': 'bank', 'brand': 'بانک ملی', 'brand:en': 'Bank Melli Iran', 'brand:wikidata': 'Q806640', 'brand:wikipedia': 'en:Bank Melli Iran', 'name': 'بانک ملی', 'name:en': 'Bank Melli Iran'}"
99,node,5156308122,35.691871,51.4815636,"{'amenity': 'bank', 'brand': 'بانک پاسارگاد', 'brand:en': 'Bank Pasargad', 'brand:wikidata': 'Q4855962', 'brand:wikipedia': 'en:Bank Pasargad', 'name': 'بانک پاسارگاد', 'name:en': 'Bank Pasargad'}"
100,node,5156346285,35.6641988,51.4918416,"{'amenity': 'bank', 'atm': 'yes', 'brand': 'بانک سپه', 'brand:en': 'Bank Sepah', 'brand:wikidata': 'Q2882624', 'brand:wikipedia': 'en:Bank Sepah', 'name': 'بانک سپه', 'name:en': 'Bank Sepah'}"
101,node,5158242484,35.6513692,51.5037212,"{'amenity': 'bank', 'atm': 'yes', 'brand': 'بانک سامان', 'brand:en': 'Saman Bank', 'brand:wikidata': 'Q4117676', 'brand:wikipedia': 'en:Saman Bank', 'name': 'بانک سامان', 'name:en': 'Saman Bank'}"
102,node,5158242486,35.6514024,51.5041003,"{'amenity': 'bank', 'atm': 'yes', 'brand': 'بانک سپه', 'brand:en': 'Bank Sepah', 'brand:wikidata': 'Q2882624', 'brand:wikipedia': 'en:Bank Sepah', 'name': 'بانک سپه', 'name:en': 'Bank Sepah'}"
103,node,5160732521,35.6922164,51.4875813,"{'addr:street': 'پیروزی', 'amenity': 'college', 'name': 'موسسه فرهنگ نوین رسانه', 'name:en': 'Farhang novin college'}"
104,node,5160955321,35.6443759,51.4964606,"{'addr:street': 'اردیبهشت', 'amenity': 'pharmacy', 'healthcare': 'pharmacy', 'name': 'داروخانه افسریه'}"
105,node,5163776622,35.6492147,51.4826401,"{'addr:street': 'بلوار ابوذر', 'amenity': 'bank', 'brand': 'بانک صادرات', 'brand:en': 'Bank Saderat Iran', 'brand:wikidata': 'Q2882608', 'brand:wikipedia': 'en:Bank Saderat Iran', 'name': 'بانک صادرات', 'name:en': 'Bank Saderat Iran', 'opening_hours': 'Sa-Th 08:00-14:00'}"
106,node,5163783521,35.6846454,51.4621503,"{'addr:street': 'نیکنام', 'amenity': 'atm', 'atm': 'yes', 'brand': 'بانک ملی', 'brand:en': 'Bank Melli Iran', 'brand:wikidata': 'Q806640', 'brand:wikipedia': 'en:Bank Melli Iran', 'name': 'بانک ملی', 'name:en': 'Bank Melli Iran', 'opening_hours': 'Sa-Th 08:00-14:00', 'operator': 'بانک ملی', 'operator:wikidata': 'Q806640', 'operator:wikipedia': 'en:Bank Melli Iran'}"
107,node,5177071825,35.6542642,51.4929953,"{'addr:street': 'بیست متری افسریه', 'amenity': 'bank', 'brand': 'بانک پاسارگاد', 'brand:en': 'Bank Pasargad', 'brand:wikidata': 'Q4855962', 'brand:wikipedia': 'en:Bank Pasargad', 'name': 'بانک پاسارگاد', 'name:en': 'Bank Pasargad'}"
108,node,5177072228,35.6548947,51.4905628,"{'addr:street': 'افسریه', 'amenity': 'pharmacy', 'healthcare': 'pharmacy', 'name': 'داروخانه ارجمند'}"
109,node,5177072421,35.6534874,51.4976251,"{'amenity': 'pharmacy', 'healthcare': 'pharmacy', 'name': 'داروخانه امیدزاده'}"
110,node,5177072524,35.6552831,51.4894889,"{'amenity': 'police', 'name': 'کیوسک پلیس شماره یک افسریه'}"
111,node,5177072525,35.6551731,51.4901166,"{'addr:city': 'شهر تهران', 'addr:street': 'بیست متری افسریه', 'amenity': 'post_office', 'name': 'اداره پست افسریه'}"
112,node,5177072527,35.650518,51.5031674,{'amenity': 'atm'}
113,node,5177072921,35.6548919,51.4913208,"{'amenity': 'bank', 'brand': 'بانک ایران زمین', 'brand:en': 'Iran Zamin Bank', 'brand:wikidata': 'Q5934423', 'brand:wikipedia': 'en:Iran Zamin Bank', 'name': 'بانک ایران زمین', 'name:en': 'Iran Zamin Bank'}"
114,node,5178603996,35.6523509,51.5042746,"{'amenity': 'atm', 'not:brand:wikidata': 'Q4117676', 'operator': 'بانک سامان'}"
115,node,5185741221,35.677316,51.5043919,"{'addr:street': 'بلوار هجرت', 'amenity': 'bank', 'brand': 'بانک سپه', 'brand:en': 'Bank Sepah', 'brand:wikidata': 'Q2882624', 'brand:wikipedia': 'en:Bank Sepah', 'name': 'بانک سپه', 'name:en': 'Bank Sepah'}"
116,node,5217832730,35.6922385,51.4927163,"{'amenity': 'bus_station', 'bus': 'yes', 'name': 'پایانه میدان کلاهدوز', 'public_transport': 'station'}"
117,node,5235866522,35.6878378,51.4474818,"{'amenity': 'bank', 'name': 'بانک گردشگری', 'name:en': 'Gardeshgari Bank', 'wikipedia': 'fa:بانک گردشگری'}"
118,node,5240303221,35.6803245,51.4587903,"{'amenity': 'atm', 'operator': 'بانک'}"
119,node,5246199621,35.6585638,51.5009973,{'amenity': 'atm'}
120,node,5248876921,35.6784739,51.4626765,"{'amenity': 'clinic', 'healthcare': 'clinic', 'name': 'درمانگاه خیریه مکتب الزهرا'}"
121,node,5296427522,35.6681234,51.4530846,"{'amenity': 'doctors', 'healthcare': 'doctor', 'name': 'دکتر جهانبین'}"
122,node,5385064207,35.6793437,51.4922321,"{'amenity': 'toilets', 'name': 'سرویس های بهداشتی'}"
123,node,5430755904,35.6511228,51.4868987,"{'amenity': 'clinic', 'healthcare': 'clinic', 'name': 'درمانگاه فرهنگیان زینب بختیاری'}"
124,node,5451846385,35.6866736,51.4908157,"{'addr:city': 'تهران', 'addr:street': 'بلوار ابوذر', 'amenity': 'bank', 'atm': 'yes', 'brand': 'بانک پارسیان', 'brand:en': 'Parsian Bank', 'brand:wikidata': 'Q2410404', 'brand:wikipedia': 'en:Parsian Bank', 'drive_through': 'no', 'name': 'بانک پارسیان', 'name:en': 'Parsian Bank', 'name:fa': 'بانک پارسیان'}"
125,node,5451846386,35.6870675,51.4906239,"{'addr:city': 'تهران', 'addr:street': 'خیابان دوم غربی', 'amenity': 'internet_cafe'}"
126,node,5457637121,35.6904996,51.4581418,"{'addr:street': 'پیروزی', 'amenity': 'dentist', 'healthcare': 'dentist', 'name': 'مرکز تخصصی دندانپزشکی برگ', 'name:en': 'Barg Dental Clinic'}"
127,node,5475263299,35.680887,51.4657824,"{'amenity': 'atm', 'currency:IRR': 'yes', 'drive_through': 'no', 'not:brand:wikidata': 'Q4855962', 'operator': 'بانک پاسارگاد'}"
128,node,5507354497,35.6788452,51.4644146,"{'amenity': 'atm', 'brand': 'بانک پاسارگاد', 'brand:en': 'Bank Pasargad', 'brand:wikidata': 'Q4855962', 'brand:wikipedia': 'en:Bank Pasargad', 'currency:IRR': 'yes', 'name': 'بانک پاسارگاد', 'name:en': 'Bank Pasargad', 'operator': 'بانک پاسارگاد', 'operator:wikidata': 'Q4855962', 'operator:wikipedia': 'en:Bank Pasargad'}"
129,node,5507354498,35.6787755,51.4648116,"{'amenity': 'atm', 'brand': 'بانک انصار', 'brand:wikidata': 'Q5862675', 'brand:wikipedia': 'fa:بانک انصار', 'currency:IRR': 'yes', 'name': 'بانک انصار', 'operator': 'بانک انصار', 'operator:wikidata': 'Q5862675', 'operator:wikipedia': 'fa:بانک انصار'}"
130,node,5507375184,35.6822941,51.4673597,"{'amenity': 'place_of_worship', 'name': 'مسجد ولیعصر', 'religion': 'muslim'}"
131,node,5507383497,35.6812985,51.4627061,"{'amenity': 'atm', 'currency:IRR': 'yes', 'operator': 'بانک مشترک ایران و ونزویلا'}"
132,node,5599594023,35.6471932,51.4771824,"{'amenity': 'atm', 'opening_hours': '24/7', 'operator': 'Saman Bank'}"
133,node,5682751622,35.665753,51.4477242,"{'amenity': 'clinic', 'healthcare': 'clinic', 'name': 'کلینیک'}"
134,node,5682752122,35.6681253,51.4499783,"{'amenity': 'doctors', 'healthcare': 'doctor', 'name': 'مطب دکتر فتحعلی', 'name:en': 'Dr Fathali Clinic'}"
135,node,5737267121,35.6504493,51.4456083,"{'amenity': 'school', 'name': 'مدرسه چمران'}"
136,node,5758054892,35.6548033,51.5022812,"{'amenity': 'police', 'name': 'پاسگاه دژبانی'}"
137,node,5758054917,35.6559572,51.5028988,{'amenity': 'atm'}
138,node,5765940859,35.6919894,51.4780256,"{'amenity': 'bank', 'brand': 'بانک تجارت', 'brand:wikidata': 'Q7695198', 'brand:wikipedia': 'en:Tejarat Bank', 'name': 'بانک تجارت'}"
139,node,5765946654,35.6907271,51.4609316,"{'amenity': 'bank', 'brand': 'بانک سپه', 'brand:en': 'Bank Sepah', 'brand:wikidata': 'Q2882624', 'brand:wikipedia': 'en:Bank Sepah', 'name': 'بانک سپه', 'name:en': 'Bank Sepah'}"
140,node,5765946854,35.6907759,51.4617788,"{'amenity': 'bank', 'brand': 'بانک ملت', 'brand:en': 'Bank Mellat', 'brand:wikidata': 'Q4855944', 'brand:wikipedia': 'en:Bank Mellat', 'name': 'بانک ملت', 'name:en': 'Bank Mellat'}"
141,node,5768948554,35.6907299,51.457627,"{'amenity': 'pharmacy', 'healthcare': 'pharmacy', 'name': 'داروخانه پگاه دادرس'}"
142,node,5768948555,35.6916661,51.4731212,"{'amenity': 'bank', 'name': 'بانک حکمت ایرانیان'}"
143,node,5768969653,35.6879734,51.4474256,"{'amenity': 'bank', 'brand': 'بانک مسکن', 'brand:en': 'Bank Maskan', 'brand:wikidata': 'Q4855942', 'brand:wikipedia': 'en:Bank Maskan', 'name': 'بانک مسکن', 'name:en': 'Bank Maskan'}"
144,node,5768969953,35.6914235,51.4737667,"{'amenity': 'bank', 'name': 'بانک گردشگری', 'name:fa': 'شرکت داده پردازان آذرمهر'}"
145,node,5768970053,35.6919423,51.4763705,"{'amenity': 'pharmacy', 'healthcare': 'pharmacy', 'name': 'داروخانه شبانه روزی بوریایی'}"
146,node,5768970153,35.692034,51.4785198,"{'amenity': 'pharmacy', 'healthcare': 'pharmacy', 'name': 'داروخانه نوید'}"
147,node,5768970254,35.6923208,51.4821489,"{'amenity': 'bank', 'brand': 'بانک سپه', 'brand:en': 'Bank Sepah', 'brand:wikidata': 'Q2882624', 'brand:wikipedia': 'en:Bank Sepah', 'name': 'بانک سپه', 'name:en': 'Bank Sepah'}"
148,node,5769104108,35.6908805,51.469355,"{'amenity': 'events_venue', 'name': 'تالار پذیرایی نهاجا'}"
149,node,5769590925,35.6565513,51.4920645,"{'amenity': 'place_of_worship', 'name': 'مسجد رضویه', 'religion': 'muslim'}"
150,node,5769591658,35.6609254,51.4927885,"{'amenity': 'place_of_worship', 'name': 'مسجد فاطمیه', 'religion': 'muslim'}"
151,node,5769652293,35.6809791,51.4867446,"{'amenity': 'university', 'name': 'سرای محله ابوذر'}"
152,node,5769652294,35.6925003,51.4845051,"{'amenity': 'bank', 'atm': 'yes', 'brand': 'بانک رفاه', 'brand:en': 'Refah Bank', 'brand:wikidata': 'Q7307083', 'brand:wikipedia': 'en:Refah Bank', 'name': 'بانک رفاه', 'name:en': 'Refah Bank'}"
153,node,5769652296,35.6583125,51.4951919,"{'amenity': 'bank', 'atm': 'yes', 'brand': 'بانک سپه', 'brand:en': 'Bank Sepah', 'brand:wikidata': 'Q2882624', 'name': 'بانک سپه', 'name:en': 'Bank Sepah'}"
154,node,5769652297,35.6800235,51.4867008,"{'amenity': 'pharmacy', 'healthcare': 'pharmacy', 'name': 'داروخانه دکتر اسماعیلیان'}"
155,node,5769652299,35.6889446,51.4873916,"{'amenity': 'place_of_worship', 'denomination': 'shia', 'name': 'مسجد امام علی', 'religion': 'muslim'}"
156,node,5769652300,35.6871982,51.482869,"{'amenity': 'pharmacy', 'healthcare': 'pharmacy', 'name': 'داروخانه دامغانی'}"
157,node,5769652302,35.6924005,51.4833294,"{'amenity': 'bank', 'brand': 'بانک دی', 'brand:en': 'Bank Day', 'brand:fa': 'بانک دی', 'brand:wikidata': 'Q5942230', 'name': 'بانک دی', 'name:en': 'Bank Day', 'name:fa': 'بانک دی'}"
158,node,5769652303,35.6800017,51.4861776,"{'amenity': 'bank', 'atm': 'yes', 'brand': 'بانک تجارت', 'brand:wikidata': 'Q7695198', 'name': 'بانک تجارت'}"
159,node,5769652304,35.6598394,51.4957354,"{'amenity': 'pharmacy', 'healthcare': 'pharmacy', 'name': 'داروخانه'}"
160,node,5769685905,35.6919507,51.4740494,"{'amenity': 'bank', 'atm': 'yes', 'brand': 'بانک پارسیان', 'brand:en': 'Parsian Bank', 'brand:wikidata': 'Q2410404', 'brand:wikipedia': 'en:Parsian Bank', 'name': 'بانک پارسیان', 'name:en': 'Parsian Bank'}"
161,node,5769685907,35.6918823,51.473771,"{'amenity': 'bank', 'atm': 'yes', 'brand': 'بانک سامان', 'brand:en': 'Saman Bank', 'brand:wikidata': 'Q4117676', 'brand:wikipedia': 'en:Saman Bank', 'name': 'بانک سامان', 'name:en': 'Saman Bank'}"
162,node,5769713213,35.6911473,51.4584754,"{'amenity': 'place_of_worship', 'denomination': 'shia', 'name': 'مهدیه شرق تهران مزینانیهای مقیم مرکز', 'religion': 'muslim'}"
163,node,5775195453,35.6491226,51.4862116,"{'amenity': 'events_venue', 'name': 'تالار گلهای زندگی'}"
164,node,5776172853,35.6580098,51.4849727,"{'amenity': 'fast_food', 'name': 'فست فود داوین'}"
165,node,5840019986,35.6481593,51.4708765,"{'amenity': 'bank', 'atm': 'no', 'brand': 'بانک صادرات', 'brand:en': 'Bank Saderat Iran', 'brand:wikidata': 'Q2882608', 'brand:wikipedia': 'en:Bank Saderat Iran', 'name': 'بانک صادرات', 'name:en': 'Bank Saderat Iran'}"
166,node,5840253062,35.6504065,51.4463623,"{'amenity': 'place_of_worship', 'denomination': 'shia', 'name': 'اکبر علی مسجد', 'religion': 'muslim'}"
167,node,5885335364,35.6526251,51.4771313,"{'amenity': 'school', 'name': 'مدرسه صدرا'}"
168,node,5952434785,35.685779,51.4469199,"{'addr:street': 'هفده شهریور', 'amenity': 'pharmacy', 'healthcare': 'pharmacy', 'name': 'داروخانه شبانه روزی دکتر باشتنی', 'name:en': 'Dr. Bashtani Pharmacy', 'opening_hours': '24/7'}"
169,node,5965592585,35.6851749,51.4669315,"{'amenity': 'bank', 'brand': 'بانک ملی', 'brand:en': 'Bank Melli Iran', 'brand:wikidata': 'Q806640', 'brand:wikipedia': 'en:Bank Melli Iran', 'name': 'بانک ملی', 'name:en': 'Bank Melli Iran'}"
170,node,5989115643,35.6619685,51.4466971,"{'amenity': 'bank', 'atm': 'yes', 'brand': 'بانک صادرات', 'brand:en': 'Bank Saderat Iran', 'brand:fa': 'بانک صادرات', 'brand:wikidata': 'Q2882608', 'brand:wikipedia': 'en:Bank Saderat Iran', 'name': 'بانک صادرات', 'name:en': 'Bank Saderat Iran', 'name:fa': 'بانک صادرات'}"
171,node,5989159064,35.6669552,51.4459867,"{'amenity': 'bank', 'atm': 'yes', 'brand': 'بانک کشاورزی', 'brand:en': 'Bank Keshavarzi Iran', 'brand:wikidata': 'Q6395007', 'brand:wikipedia': 'en:Bank Keshavarzi Iran', 'name': 'بانک کشاورزی', 'name:en': 'Bank Keshavarzi Iran'}"
172,node,5989159067,35.6678791,51.4456357,"{'amenity': 'disused', 'atm': 'yes', 'brand': 'بانک انصار', 'brand:en': 'Ansar Bank', 'brand:fa': 'بانک انصار', 'brand:wikidata': 'Q5862675', 'brand:wikipedia': 'fa:بانک انصار', 'disused:amenity': 'bank', 'name': 'بانک انصار', 'name:en': 'Ansar Bank', 'name:fa': 'بانک انصار'}"
173,node,5989159073,35.6678633,51.4460993,"{'amenity': 'bank', 'atm': 'yes', 'brand': 'بانک رفاه', 'brand:en': 'Refah Bank', 'brand:wikidata': 'Q7307083', 'brand:wikipedia': 'en:Refah Bank', 'name': 'بانک رفاه', 'name:en': 'Refah Bank'}"
174,node,5991113786,35.6863845,51.4472889,"{'addr:street': 'هفده شهریور', 'amenity': 'restaurant', 'cuisine': 'persian', 'name': 'رستوران جوان', 'name:en': 'Javan Restaurant', 'opening_hours': 'Mo-Su 11:00-22:00'}"
175,node,6024312417,35.6557649,51.4467289,"{'amenity': 'place_of_worship', 'denomination': 'shia', 'name': 'مسجد امام جعفر صادق', 'religion': 'muslim'}"
176,node,6025273189,35.6762352,51.4457862,"{'amenity': 'fire_station', 'name': 'ایستگاه شماره ۳ آتش\u200cنشانی'}"
177,node,6027200287,35.6691683,51.4461016,"{'amenity': 'place_of_worship', 'name': 'مسجد سلمان', 'religion': 'muslim', 'wikidata': 'Q5923515'}"
178,node,6027209690,35.6833949,51.4467106,"{'amenity': 'place_of_worship', 'name': 'مسجد آشتیانیها', 'religion': 'muslim'}"
179,node,6041419786,35.6919858,51.4632275,{'amenity': 'nursing_home'}
180,node,6055755485,35.6855903,51.4508543,"{'amenity': 'police', 'name': 'کیوسک کلانتری'}"
181,node,6055787036,35.6819062,51.4497159,"{'amenity': 'pharmacy', 'healthcare': 'pharmacy', 'name': 'داروخانه دکتر مهدیه هرانده'}"
182,node,6055787039,35.6818616,51.4496643,"{'amenity': 'clinic', 'healthcare': 'clinic', 'name': 'ساختمان پزشکان'}"
183,node,6056774387,35.6625194,51.4501881,"{'amenity': 'police', 'name': 'کیوسک پلیس'}"
184,node,6056774388,35.6464591,51.4726141,"{'addr:street': 'خاوران', 'amenity': 'bank', 'atm': 'yes', 'brand': 'بانک سپه', 'brand:en': 'Bank Sepah', 'brand:wikidata': 'Q2882624', 'brand:wikipedia': 'en:Bank Sepah', 'name': 'بانک سپه', 'name:en': 'Bank Sepah'}"
185,node,6056774485,35.6640044,51.4501448,"{'addr:street': 'اعظم نظامی', 'amenity': 'fire_station', 'name': 'ایستگاه ۹۹ آتش نشانی'}"
186,node,6056774487,35.663199,51.4501544,"{'amenity': 'pharmacy', 'healthcare': 'pharmacy', 'name': 'داروخانه شهدا گمنام'}"
187,node,6056774986,35.6610263,51.4561304,"{'amenity': 'bank', 'brand': 'بانک ملی', 'brand:en': 'Bank Melli Iran', 'brand:wikidata': 'Q806640', 'brand:wikipedia': 'en:Bank Melli Iran', 'name': 'بانک ملی', 'name:en': 'Bank Melli Iran'}"
188,node,6068011288,35.6786718,51.4498488,"{'amenity': 'pharmacy', 'healthcare': 'pharmacy', 'name': 'داروخانه ارسبلان'}"
189,node,6075084985,35.6861456,51.4469593,"{'amenity': 'bank', 'brand': 'بانک پارسیان', 'brand:en': 'Parsian Bank', 'brand:wikidata': 'Q2410404', 'brand:wikipedia': 'en:Parsian Bank', 'name': 'بانک پارسیان', 'name:en': 'Parsian Bank'}"
190,node,6075084986,35.6872079,51.4470368,"{'amenity': 'bank', 'brand': 'بانک دی', 'brand:en': 'Bank Day', 'brand:fa': 'بانک دی', 'brand:wikidata': 'Q5942230', 'name': 'بانک دی', 'name:en': 'Bank Day', 'name:fa': 'بانک دی'}"
191,node,6075085085,35.6863057,51.4469692,"{'amenity': 'bank', 'brand': 'بانک پاسارگاد', 'brand:en': 'Bank Pasargad', 'brand:wikidata': 'Q4855962', 'brand:wikipedia': 'en:Bank Pasargad', 'name': 'بانک پاسارگاد', 'name:en': 'Bank Pasargad'}"
192,node,6075085185,35.687082,51.4470253,"{'amenity': 'bank', 'name': 'بانک حکمت ایرانیان'}"
193,node,6080668710,35.6856815,51.447267,"{'amenity': 'bank', 'atm': 'yes', 'brand': 'بانک ملی', 'brand:en': 'Bank Melli Iran', 'brand:wikidata': 'Q806640', 'brand:wikipedia': 'en:Bank Melli Iran', 'name': 'بانک ملی', 'name:en': 'Bank Melli Iran'}"
194,node,6080668713,35.679257,51.4467927,"{'amenity': 'bank', 'atm': 'yes', 'brand': 'بانک سپه', 'brand:en': 'Bank Sepah', 'brand:wikidata': 'Q2882624', 'brand:wikipedia': 'en:Bank Sepah', 'name': 'بانک سپه', 'name:en': 'Bank Sepah'}"
195,node,6080668715,35.6698164,51.4461389,"{'amenity': 'driving_school', 'name': 'آموزشگاه رانندگی شاهین'}"
196,node,6080668716,35.6786798,51.4463788,"{'amenity': 'bank', 'atm': 'yes', 'brand': 'بانک ملی', 'brand:en': 'Bank Melli Iran', 'brand:wikidata': 'Q806640', 'brand:wikipedia': 'en:Bank Melli Iran', 'name': 'بانک ملی', 'name:en': 'Bank Melli Iran'}"
197,node,6080668717,35.6799434,51.4468746,"{'amenity': 'restaurant', 'name': 'تالار قصر گوهر'}"
198,node,6080668720,35.6797235,51.4468703,"{'amenity': 'bank', 'atm': 'yes', 'brand': 'بانک صادرات', 'brand:en': 'Bank Saderat Iran', 'brand:fa': 'بانک صادرات', 'brand:wikidata': 'Q2882608', 'brand:wikipedia': 'en:Bank Saderat Iran', 'name': 'بانک صادرات', 'name:en': 'Bank Saderat Iran', 'name:fa': 'بانک صادرات'}"
199,node,6080668721,35.6732215,51.445946,"{'amenity': 'place_of_worship', 'name': 'مسجد امام صادق', 'religion': 'muslim'}"
200,node,6089231988,35.6664535,51.4456087,"{'amenity': 'bank', 'brand': 'بانک تجارت', 'brand:wikidata': 'Q7695198', 'brand:wikipedia': 'en:Tejarat Bank', 'name': 'بانک تجارت'}"
201,node,6093328947,35.6679829,51.4528316,"{'amenity': 'pharmacy', 'healthcare': 'pharmacy', 'name': 'داروخانه شبانه روزی طهمورث', 'opening_hours': '24/7'}"
202,node,6101628886,35.6679707,51.4457248,"{'amenity': 'bank', 'brand': 'بانک شهر', 'brand:en': 'Shahr Bank', 'brand:fa': 'بانک شهر', 'brand:wikidata': 'Q5941033', 'brand:wikipedia': 'fa:بانک شهر', 'name': 'بانک شهر', 'name:en': 'Shahr Bank', 'name:fa': 'بانک شهر'}"
203,node,6101628887,35.6766952,51.4460099,"{'amenity': 'school', 'name': 'دبیرستان دخترانه سلمان'}"
204,node,6101636585,35.6721419,51.4458987,"{'amenity': 'bank', 'name': 'بانک رسالت'}"
205,node,6101636587,35.6794339,51.4464521,"{'amenity': 'bank', 'atm': 'yes', 'brand': 'بانک سپه', 'brand:en': 'Bank Sepah', 'brand:wikidata': 'Q2882624', 'name': 'بانک سپه', 'name:en': 'Bank Sepah'}"
206,node,6101637085,35.6810115,51.4465338,"{'amenity': 'bank', 'brand': 'بانک انصار', 'brand:en': 'Ansar Bank', 'brand:fa': 'بانک انصار', 'brand:wikidata': 'Q5862675', 'brand:wikipedia': 'fa:بانک انصار', 'name': 'بانک انصار', 'name:en': 'Ansar Bank', 'name:fa': 'بانک انصار'}"
207,node,6105411122,35.675451,51.4458422,"{'amenity': 'clinic', 'healthcare': 'clinic', 'name': 'مرکز بهداشت هفده شهریور'}"
208,node,6106464165,35.6559782,51.4941944,"{'amenity': 'pharmacy', 'healthcare': 'pharmacy', 'name': 'داروخانه'}"
209,node,6106464172,35.6583388,51.5002485,"{'amenity': 'school', 'name': 'دبستان فرشتگان'}"
210,node,6106475349,35.6537614,51.4935824,"{'amenity': 'pharmacy', 'healthcare': 'pharmacy', 'name': 'داروخانه خرمی'}"
211,node,6106475503,35.6474506,51.4914413,"{'amenity': 'bank', 'brand': 'بانک ملی', 'brand:en': 'Bank Melli Iran', 'brand:wikidata': 'Q806640', 'brand:wikipedia': 'en:Bank Melli Iran', 'name': 'بانک ملی', 'name:en': 'Bank Melli Iran'}"
212,node,6106475512,35.6576556,51.4949101,"{'amenity': 'pharmacy', 'healthcare': 'pharmacy', 'name': 'داروخانه'}"
213,node,6106543094,35.6525836,51.4932587,"{'amenity': 'place_of_worship', 'name': 'مسجد حضرت ابوالفضل', 'religion': 'muslim'}"
214,node,6111507885,35.6633867,51.4459034,"{'addr:street': 'طیب', 'amenity': 'pharmacy', 'healthcare': 'pharmacy', 'name': 'داروخانه شبانه روزی', 'opening_hours': '24/7'}"
215,node,6116234989,35.6649371,51.448616,"{'amenity': 'cinema', 'name': 'سینما پیوند'}"
216,node,6116261790,35.6788248,51.4463956,"{'amenity': 'bank', 'brand': 'بانک پارسیان', 'brand:en': 'Parsian Bank', 'brand:wikidata': 'Q2410404', 'brand:wikipedia': 'en:Parsian Bank', 'name': 'بانک پارسیان', 'name:en': 'Parsian Bank'}"
217,node,6137203986,35.6504391,51.4689236,"{'amenity': 'place_of_worship', 'name': 'حسینیه سید الشهد'}"
218,node,6137216685,35.6642197,51.4513522,"{'amenity': 'bank', 'brand': 'بانک ایران زمین', 'brand:en': 'Iran Zamin Bank', 'brand:wikidata': 'Q5934423', 'brand:wikipedia': 'en:Iran Zamin Bank', 'name': 'بانک ایران زمین', 'name:en': 'Iran Zamin Bank'}"
219,node,6137217085,35.6639758,51.4518603,"{'amenity': 'bank', 'brand': 'بانک صادرات', 'brand:en': 'Bank Saderat Iran', 'brand:fa': 'بانک صادرات', 'brand:wikidata': 'Q2882608', 'brand:wikipedia': 'en:Bank Saderat Iran', 'name': 'بانک صادرات', 'name:en': 'Bank Saderat Iran', 'name:fa': 'بانک صادرات'}"
220,node,6138728539,35.6791673,51.4492471,"{'amenity': 'bank', 'atm': 'yes', 'brand': 'بانک ملی', 'brand:en': 'Bank Melli Iran', 'brand:wikidata': 'Q806640', 'brand:wikipedia': 'en:Bank Melli Iran', 'name': 'بانک ملی', 'name:en': 'Bank Melli Iran', 'name:fa': 'Bank Melli Iran'}"
221,node,6138728540,35.6789821,51.4491318,"{'amenity': 'bank', 'atm': 'yes', 'brand': 'بانک مسکن', 'brand:en': 'Bank Maskan', 'brand:wikidata': 'Q4855942', 'brand:wikipedia': 'en:Bank Maskan', 'name': 'بانک مسکن', 'name:en': 'Bank Maskan'}"
222,node,6194117585,35.6887571,51.4881106,{'amenity': 'atm'}
223,node,6200994089,35.6560158,51.4505947,"{'amenity': 'pharmacy', 'healthcare': 'pharmacy', 'name': 'داروخانه', 'name:fa': 'داروخانه ایرانی'}"
224,node,6200999502,35.6849739,51.4488751,"{'amenity': 'toilets', 'operator': 'پارک'}"
225,node,6265218985,35.6690818,51.4460581,"{'amenity': 'pharmacy', 'healthcare': 'pharmacy', 'name': 'داروخانه سلمان'}"
226,node,6295580285,35.6918835,51.476163,"{'amenity': 'cafe', 'name': 'چایخانه خلیج فارس'}"
227,node,6480925288,35.680194,51.4690675,"{'amenity': 'atm', 'brand': 'بانک پاسارگاد', 'brand:en': 'Bank Pasargad', 'brand:wikidata': 'Q4855962', 'brand:wikipedia': 'en:Bank Pasargad', 'name': 'بانک پاسارگاد', 'name:en': 'Bank Pasargad', 'operator': 'بانک پاسارگاد', 'operator:wikidata': 'Q4855962', 'operator:wikipedia': 'en:Bank Pasargad'}"
228,node,6522588202,35.6900151,51.4827063,"{'amenity': 'post_office', 'name': 'اداره پست پرستار'}"
229,node,6534988879,35.6702804,51.48444,"{'amenity': 'atm', 'cash_in': 'no', 'currency:IRR': 'yes', 'drive_through': 'no'}"
230,node,6534988880,35.6725876,51.4860094,"{'amenity': 'atm', 'cash_in': 'yes', 'currency:IRR': 'yes', 'drive_through': 'no'}"
231,node,6534988881,35.6726217,51.4858086,"{'amenity': 'atm', 'cash_in': 'yes', 'currency:IRR': 'yes', 'drive_through': 'no'}"
232,node,6544603637,35.6905054,51.4566939,"{'access': 'yes', 'amenity': 'bicycle_parking', 'covered': 'yes'}"
233,node,6544732585,35.6850498,51.4572457,"{'amenity': 'car_wash', 'name': 'کارواش'}"
234,node,6547845212,35.645213,51.4939,"{'amenity': 'place_of_worship', 'name': 'مسجد بعثت', 'religion': 'muslim'}"
235,node,6547875044,35.6458797,51.4904015,"{'amenity': 'clinic', 'healthcare': 'clinic', 'healthcare:speciality': 'درمانگاه جواد ائمه', 'name': 'درمانگاه جواد ائمه'}"
236,node,6615747838,35.6927337,51.4476474,"{'amenity': 'bank', 'atm': 'yes', 'brand': 'بانک سپه', 'brand:en': 'Bank Sepah', 'brand:wikidata': 'Q2882624', 'brand:wikipedia': 'en:Bank Sepah', 'name': 'بانک سپه', 'name:en': 'Bank Sepah'}"
237,node,6632944291,35.6918481,51.4807791,"{'amenity': 'pharmacy', 'healthcare': 'pharmacy', 'name': 'داروخانه ابوعلیزاده'}"
238,node,6632944293,35.6926092,51.4800906,"{'amenity': 'pharmacy', 'healthcare': 'pharmacy', 'name': 'داروخانه باکس'}"
239,node,6650510966,35.668605,51.4868195,"{'amenity': 'atm', 'cash_in': 'yes', 'currency:irr': 'yes', 'drive_through': 'no'}"
240,node,6653458635,35.670574,51.4883907,{'amenity': 'bench'}
241,node,6653458639,35.6703202,51.489655,{'amenity': 'bench'}
242,node,6653458640,35.6694068,51.4893176,{'amenity': 'bench'}
243,node,6653458641,35.6705152,51.4887092,{'amenity': 'bench'}
244,node,6653458642,35.6706011,51.4887214,{'amenity': 'bench'}
245,node,6653458643,35.6696665,51.4896018,{'amenity': 'bench'}
246,node,6656847852,35.649785,51.4765057,"{'addr:street': 'بلوار بقایی', 'amenity': 'pharmacy', 'name': 'داروخانه شبانه روزی دکتر مهرآبادی'}"
247,node,6698611858,35.6695852,51.4841848,"{'access': 'yes', 'amenity': 'drinking_water', 'fee': 'no'}"
248,node,6698611859,35.6690739,51.4841622,"{'access': 'yes', 'amenity': 'waste_disposal'}"
249,node,6698611860,35.669582,51.4842816,"{'access': 'yes', 'amenity': 'waste_disposal'}"
250,node,6698611861,35.6686342,51.484061,"{'access': 'yes', 'amenity': 'waste_disposal'}"
251,node,6698611862,35.6693743,51.486162,"{'access': 'yes', 'amenity': 'waste_disposal'}"
252,node,6698611863,35.6687874,51.4858915,"{'access': 'yes', 'amenity': 'waste_disposal'}"
253,node,6699099038,35.6701654,51.4831098,"{'access': 'yes', 'amenity': 'drinking_water', 'fee': 'no'}"
254,node,6699099039,35.668196,51.483958,"{'access': 'yes', 'amenity': 'waste_disposal'}"
255,node,6720671353,35.6744682,51.4901007,{'amenity': 'bench'}
256,node,6739210312,35.6881492,51.4457945,"{'amenity': 'college', 'name': 'حوزه حضرت زهرا'}"
257,node,6749627750,35.6547934,51.4511617,"{'amenity': 'toilets', 'name': 'دستشویی غربی'}"
258,node,6749803207,35.6582284,51.4476394,"{'amenity': 'restaurant', 'name': 'چلو کبابی برادران'}"
259,node,6749803528,35.6902415,51.4602641,"{'amenity': 'bank', 'brand': 'بانک رفاه', 'brand:en': 'Refah Bank', 'brand:wikidata': 'Q7307083', 'brand:wikipedia': 'en:Refah Bank', 'name': 'بانک رفاه', 'name:en': 'Refah Bank'}"
260,node,6751539585,35.6878656,51.4470674,"{'amenity': 'pharmacy', 'healthcare': 'pharmacy', 'name': 'معینی طباطبایی'}"
261,node,6776215854,35.6582988,51.4845465,"{'amenity': 'place_of_worship', 'name': 'مسجد جامع ابوذر', 'religion': 'muslim'}"
262,node,6850932986,35.6657657,51.4728686,"{'amenity': 'restaurant', 'name': 'کافه رستوران تاک', 'name:en': 'Taak Café Restaurant'}"
263,node,6858145586,35.6542617,51.5012199,{'amenity': 'drinking_water'}
264,node,6861580685,35.6774738,51.4842441,"{'amenity': 'pharmacy', 'name': 'داروخانه دکتر زهرا اسلامی', 'name:en': 'داروخانه  دکتر زهرا اسلامی'}"
265,node,6864426985,35.6581587,51.473655,"{'amenity': 'restaurant', 'name': 'رستوران تاک', 'name:en': 'Taak Restaurant'}"
266,node,6881488285,35.6597123,51.4483302,"{'amenity': 'pharmacy', 'healthcare': 'pharmacy', 'name': 'داروخانه شعبانی'}"
267,node,7049948813,35.6792908,51.4483529,"{'addr:city': 'Tehran', 'addr:place': 'پلاک ۶۴', 'addr:postcode': '11718', 'addr:street': 'ابن سینا', 'amenity': 'pharmacy', 'drive_through': 'false', 'healthcare': 'pharmacy', 'name': 'داروخانه دکتر روحانی مقدم'}"
268,node,7059416849,35.6916244,51.4760206,"{'amenity': 'language_school', 'name': 'آموزشگاه زبان ایرنمهر'}"
269,node,7059770179,35.687205,51.4826036,"{'addr:city': 'tehran', 'addr:housenumber': '410', 'addr:postcode': '54684', 'addr:street': 'پرستار', 'amenity': 'restaurant', 'cuisine': 'international;kebab', 'name': 'کاخ رستوران نقش جهان', 'name:en': 'naghshejahan restaurant', 'opening_hours': 'Mo-Su 11:00-23:00', 'phone': '+98 21 330 80 200', 'website': 'https://naghshejahan.net/'}"
270,node,7072889550,35.6694132,51.4910018,"{'amenity': 'toilets', 'name': 'دستشویی'}"
271,node,7074268238,35.6527486,51.4517248,"{'amenity': 'toilets', 'name': 'دستشویی جنوبی'}"
272,node,7074440387,35.6613572,51.4628882,"{'amenity': 'theatre', 'name': 'خانه فرهنگ زيتون'}"
273,node,7074440451,35.6634426,51.4672282,{'amenity': 'place_of_worship'}
274,node,7074440463,35.6762154,51.4745672,"{'addr:street': 'بلوار شاه آبادی', 'amenity': 'school', 'name': 'مدرسه ابتدایی شهید نوری'}"
275,node,7076218388,35.6521652,51.4542562,"{'amenity': 'bus_station', 'highway': 'bus_stop', 'name': 'پایانه ولیعصر'}"
276,node,7095099383,35.6796843,51.4912529,"{'addr:city': 'منطقه ۱۴ شهر تهران', 'addr:housenumber': '4', 'addr:street': 'بلوار ابوذر - یکم شرقی', 'amenity': 'place_of_worship', 'denomination': 'shia', 'name': 'حسینیه شهید علیمددی', 'religion': 'muslim'}"
277,node,7104777611,35.6742351,51.5132375,"{'amenity': 'clinic', 'healthcare': 'clinic', 'name': 'درمانگاه کوثر'}"
278,node,7256536092,35.6911474,51.4707676,"{'addr:city': 'تهران', 'addr:housenumber': '2', 'addr:place': 'اداری', 'addr:postcode': '1765643699', 'addr:street': 'خیابان پیروزی صد دستگاه بعد از متروی پیروزی کوچه والی پلاک 2 طبقه سوم', 'amenity': 'arts_centre', 'email': 'mansorehzohrevand@gmail.com', 'name': 'آکادمی زیبایی سرای گل', 'opening_hours': 'Sa-Tu 09:00 19:00', 'opening_hours:url': 'https://www.instagram.com/m.zohrevand_/', 'phone': '+989123125954', 'website': 'https://www.instagram.com/m.zohrevand_/', 'wheelchair': 'limited'}"
279,node,7441507896,35.6625345,51.4532614,"{'amenity': 'place_of_worship', 'name': 'حسینیه قومیون'}"
280,node,7441507897,35.6605386,51.4545755,"{'amenity': 'place_of_worship', 'denomination': 'shia', 'name': 'مسجد امام علی نقی', 'religion': 'muslim'}"
281,node,7441544142,35.6682156,51.463973,"{'amenity': 'place_of_worship', 'name': 'مسجد امام حسن مجتبی', 'religion': 'muslim'}"
282,node,7455282431,35.6459484,51.4794583,"{'amenity': 'school', 'name': 'مدرسه مجتهدی'}"
283,node,7554421385,35.6491814,51.4586046,"{'addr:street': 'ذوالفقاری (اتابک)', 'amenity': 'restaurant', 'name': 'کبابسرای گلپایگانی'}"
284,node,7699726491,35.6789462,51.4589824,"{'addr:street': 'حسینعلی بابایی', 'amenity': 'courthouse', 'name': 'شورای حل اختلاف منطقه ۱۴ تهران'}"
285,node,7703362270,35.6925776,51.4859078,"{'amenity': 'pharmacy', 'healthcare': 'pharmacy', 'name': 'داروخانه دکتر بساکی', 'old_name': 'داروخانه دکتر سرکندی', 'phone': '+98 21 77464700'}"
286,node,7721272871,35.6827209,51.449529,"{'amenity': 'place_of_worship', 'name': 'مسجد فاطمیه', 'religion': 'muslim'}"
287,node,7721272875,35.6877151,51.4515899,"{'amenity': 'pharmacy', 'healthcare': 'pharmacy', 'name': 'داروخانه کیوان'}"
288,node,7721354133,35.6765298,51.4512149,"{'amenity': 'school', 'name': 'حوزه علمیه حضرت زهرا'}"
289,node,7721354134,35.679473,51.4495292,"{'amenity': 'school', 'name': 'دبستان پسرانه گلشن'}"
290,node,7721361869,35.6807213,51.4591892,"{'amenity': 'school', 'name': 'دبستان سیدین'}"
291,node,7721367904,35.6732355,51.4498787,"{'amenity': 'pharmacy', 'healthcare': 'pharmacy', 'name': 'داروخانه نصیری'}"
292,node,7721434805,35.6851889,51.4622446,"{'amenity': 'place_of_worship', 'name': 'مسجد امام علی', 'religion': 'muslim'}"
293,node,7722149341,35.673265,51.486113,"{'amenity': 'toilets', 'name': 'دستشویی'}"
294,node,7722149342,35.6773937,51.4805495,"{'amenity': 'pharmacy', 'healthcare': 'pharmacy', 'name': 'داروخانه شعبانی'}"
295,node,7722149353,35.6728689,51.4882768,"{'amenity': 'school', 'name': 'دبیرستان امام علی'}"
296,node,7722149357,35.6722587,51.4918405,"{'amenity': 'restaurant', 'name': 'تالار قصر صدف'}"
297,node,7722149365,35.6672429,51.4901999,"{'amenity': 'toilets', 'name': 'دستشویی'}"
298,node,7722149377,35.6723669,51.4898262,"{'amenity': 'school', 'name': 'دبیرستان هست امنای ملاصدرا'}"
299,node,7722149380,35.672887,51.4851628,"{'amenity': 'restaurant', 'name': 'تالار پاسارگاد'}"
300,node,7722151890,35.6738711,51.4896995,"{'amenity': 'school', 'name': 'مدرسه دبستان هفت تیر'}"
301,node,7722151911,35.674785,51.4801005,"{'amenity': 'pharmacy', 'healthcare': 'pharmacy', 'name': 'داروخانه حسن زاده'}"
302,node,7722151930,35.6744576,51.4918625,"{'amenity': 'place_of_worship', 'name': 'مسجد پنج تن آل عبا', 'religion': 'muslim'}"
303,node,7722151931,35.6728674,51.4888954,"{'amenity': 'school', 'name': 'دبیرستان شهید همت'}"
304,node,7722151945,35.6665757,51.4911746,"{'amenity': 'taxi', 'name': 'ایستگاه تاکسی مترو بسیج'}"
305,node,7722151948,35.6742894,51.4880922,"{'amenity': 'townhall', 'name': 'شهرداری ناحیه ۳ منطقه ۱۴'}"
306,node,7722151952,35.673686,51.4890748,"{'amenity': 'school', 'name': 'مدرسه اخوان'}"
307,node,7722151973,35.6712068,51.491816,"{'amenity': 'restaurant', 'name': 'تالار قصر آریان'}"
308,node,7733463740,35.6916899,51.4736385,"{'addr:city': 'Tehran', 'addr:housenumber': '525', 'addr:street': 'پیروزی', 'amenity': 'fast_food', 'branch': 'پیروزی', 'cuisine': 'hot_dog', 'name': 'هات داگ مسعود', 'opening_hours': 'Mo-Su 12:00-24:00', 'operator': 'masoud hotdog'}"
309,node,7790751864,35.6486073,51.4823056,"{'amenity': 'pharmacy', 'healthcare': 'pharmacy', 'name': 'داروخانه جابری'}"
310,node,7790751865,35.6512617,51.4829796,"{'amenity': 'school', 'name': 'حوزه علمیه سفیران هدایت امام صادق علیه السلام'}"
311,node,7790751877,35.6507532,51.4835105,"{'amenity': 'bank', 'brand': 'بانک پاسارگاد', 'brand:en': 'Bank Pasargad', 'brand:wikidata': 'Q4855962', 'brand:wikipedia': 'en:Bank Pasargad', 'name': 'بانک پاسارگاد', 'name:en': 'Bank Pasargad'}"
312,node,7804542585,35.6568757,51.484866,"{'amenity': 'pharmacy', 'healthcare': 'pharmacy'}"
313,node,7920567085,35.6519726,51.4927672,"{'addr:street': '۱۵ متری دوم', 'amenity': 'pharmacy', 'healthcare': 'pharmacy', 'name': 'داروخانه پورقاسمی'}"
314,node,7958538077,35.6577613,51.4761268,"{'addr:street': 'آهنگ', 'amenity': 'clinic', 'healthcare': 'clinic', 'name': 'درمانگاه آهنگ'}"
315,node,7958538083,35.6565888,51.4745249,"{'amenity': 'place_of_worship', 'name': 'مسجد قرآن', 'religion': 'muslim'}"
316,node,7965592272,35.6497159,51.4486918,{'amenity': 'toilets'}
317,node,7965592273,35.6496016,51.4491279,"{'amenity': 'library', 'name': 'کتابخانه پیامبر'}"
318,node,7965592276,35.6514654,51.4460587,"{'amenity': 'school', 'name': 'دبیرستان دخترانه دوره اول بینایی'}"
319,node,8065100561,35.6453925,51.4743994,"{'amenity': 'toilets', 'name': 'دستشویی'}"
320,node,8149604879,35.6643868,51.4885708,{'amenity': 'toilets'}
321,node,8150577186,35.6486754,51.5028621,"{'amenity': 'place_of_worship', 'name': 'مسجد امام خمینی', 'religion': 'muslim'}"
322,node,8150615790,35.670972,51.4942457,"{'amenity': 'restaurant', 'name': 'رستوران سیمرغ'}"
323,node,8150634735,35.6710987,51.4942414,"{'amenity': 'planetarium', 'name': 'شکرستان سیمرغ'}"
324,node,8150634736,35.672689,51.4946596,"{'amenity': 'school', 'name': 'دبستان شجاعی'}"
325,node,8150634769,35.6735755,51.4985773,"{'amenity': 'school', 'name': 'دبستان دخترانه بابایی'}"
326,node,8506202828,35.6906726,51.458347,"{'amenity': 'pharmacy', 'healthcare': 'pharmacy', 'name': 'داروخانه طاعتی'}"
327,node,8525921617,35.6679889,51.4942646,"{'amenity': 'atm', 'operator': 'خانه سبحان'}"
328,node,8590025734,35.6740448,51.4660695,{'amenity': 'toilets'}
329,node,8590025748,35.6846971,51.4626571,"{'amenity': 'school', 'name': 'دبستان جواد ائمه'}"
330,node,8661119217,35.6501358,51.4590794,{'amenity': 'atm'}
331,node,8758147558,35.6465601,51.4723755,"{'amenity': 'clinic', 'name': 'مرکز بهداشت ۱۲ بهمن'}"
332,node,8758689875,35.6596684,51.5002853,"{'amenity': 'clinic', 'healthcare': 'clinic', 'name': 'مرکز بهداشت افسریه', 'nat_name': 'مرکز خدمات جامع سلامت شهری افسریه', 'phone': '+98 21 3315 7333'}"
333,node,8764489842,35.6446747,51.4953312,"{'addr:city': 'شهر تهران', 'addr:street': 'رضا حقیقت', 'amenity': 'clinic', 'healthcare': 'clinic', 'name': 'مرکز بهداشت بعثت', 'phone': '+982133640051'}"
334,node,8764598635,35.6764449,51.4508441,"{'amenity': 'clinic', 'name': 'مرکز بهداشت زارع زاده', 'phone': '+982133723468'}"
335,node,8772266195,35.6831815,51.4497904,"{'amenity': 'clinic', 'healthcare': 'clinic', 'name': 'پایگاه بهداشت جلالی'}"
336,node,8772338827,35.6765176,51.4791748,"{'amenity': 'clinic', 'healthcare': 'clinic', 'name': 'مرکز بهداشت شهید صفدری'}"
337,node,8778820357,35.6802153,51.4639628,"{'amenity': 'clinic', 'healthcare': 'clinic', 'name': 'مرکز بهداشت پورهدایت'}"
338,node,8780870771,35.6540904,51.4937715,"{'amenity': 'clinic', 'healthcare': 'clinic', 'name': 'مرکز بهداشت حاج یحیی آقا سید عبدالله'}"
339,node,8786357401,35.6692185,51.464164,"{'amenity': 'clinic', 'healthcare': 'clinic', 'name': 'مرکز بهداشت قیاثی'}"
340,node,8810929885,35.6752616,51.4692807,"{'addr:city': 'تهران', 'addr:street': 'احمد رضایی تاجری', 'amenity': 'grave_yard', 'denomination': 'armenian_catholic', 'name': 'گورستان ارمنی کاتولیک', 'name:en': 'Armenian Catholic Cemetery', 'religion': 'christian'}"
341,node,8849200574,35.6912676,51.4721881,"{'amenity': 'fast_food', 'name': 'جیلیز ویلیز', 'phone': '+98 21 35075', 'website': 'https://www.instagram.com/jiliz__viliz/'}"
342,node,8932253665,35.6766834,51.4905538,"{'amenity': 'clinic', 'healthcare': 'clinic', 'name': 'درمانگاه شبانه روزی قائم آل احمد عج', 'opening_hours': '24/7'}"
343,node,8934098169,35.6457204,51.4908612,{'amenity': 'parking'}
344,node,8951234324,35.6447282,51.4878651,{'amenity': 'atm'}
345,node,8954027571,35.692029,51.4837487,"{'amenity': 'dentist', 'healthcare': 'dentist', 'name': 'دندانپزشکی مهرآوید'}"
346,node,8954027572,35.692039,51.4835792,"{'amenity': 'pharmacy', 'healthcare': 'pharmacy', 'name': 'داروخانه خدادادی'}"
347,node,8954065902,35.6916669,51.4823875,"{'amenity': 'pharmacy', 'healthcare': 'pharmacy', 'name': 'داروخانه پرستار'}"
348,node,8954065903,35.6924713,51.483776,"{'amenity': 'school', 'name': 'دبستان سخن نو'}"
349,node,8954065905,35.6923555,51.4817536,"{'amenity': 'pharmacy', 'healthcare': 'pharmacy', 'name': 'داروخانه صارمی'}"
350,node,8954065906,35.6929125,51.4829948,"{'amenity': 'bank', 'brand': 'بانک صادرات', 'brand:en': 'Bank Saderat Iran', 'brand:fa': 'بانک صادرات', 'brand:wikidata': 'Q2882608', 'brand:wikipedia': 'en:Bank Saderat Iran', 'name': 'بانک صادرات', 'name:en': 'Bank Saderat Iran', 'name:fa': 'بانک صادرات'}"
351,node,8954712589,35.6442121,51.4612901,"{'amenity': 'vehicle_inspection', 'name': 'مرکز معاینه فنی بعثت'}"
352,node,8954718789,35.6466888,51.4500515,{'amenity': 'toilets'}
353,node,8989400726,35.6795099,51.4486085,"{'amenity': 'clinic', 'healthcare': 'clinic', 'name': 'کلینیک لیزر دالیا شعبه ۲'}"
354,node,8989403506,35.6903539,51.4630924,"{'amenity': 'clinic', 'healthcare': 'clinic', 'name': 'کلینیک لیزر دالیا شعبه ۱'}"
355,node,8994047174,35.6889865,51.4477304,"{'amenity': 'townhall', 'name': 'شهرداری ناحیه یک منطقه چهارده'}"
356,node,8994054666,35.687649,51.4465085,"{'amenity': 'school', 'name': 'دبستان امید انقلاب'}"
357,node,8997583170,35.6764738,51.4636952,"{'amenity': 'car_rental', 'name': 'اجاره ماشین'}"
358,node,8997583177,35.6757405,51.4638358,"{'amenity': 'place_of_worship', 'name': 'مسجد امام محمد تقی', 'religion': 'muslim'}"
359,node,9000479457,35.6901589,51.4588219,"{'amenity': 'bank', 'brand': 'بانک صادرات', 'brand:en': 'Bank Saderat Iran', 'brand:fa': 'بانک صادرات', 'brand:wikidata': 'Q2882608', 'brand:wikipedia': 'en:Bank Saderat Iran', 'name': 'بانک صادرات', 'name:en': 'Bank Saderat Iran', 'name:fa': 'بانک صادرات'}"
360,node,9000498999,35.690223,51.4593281,"{'amenity': 'clinic', 'healthcare': 'clinic', 'name': 'ساختمان پزشکان ۳۱۷'}"
361,node,9060627255,35.6852587,51.4543182,"{'amenity': 'pharmacy', 'healthcare': 'pharmacy', 'name': 'داروخانه'}"
362,node,9135935266,35.6852101,51.4733891,{'amenity': 'atm'}
363,node,9166566154,35.6905788,51.4567939,{'amenity': 'taxi'}
364,node,9166566162,35.6898076,51.4567676,{'amenity': 'taxi'}
365,node,9166574216,35.6892778,51.4565205,"{'amenity': 'school', 'name': 'پژوهش سرای خوارزمی'}"
366,node,9182279443,35.6672457,51.4591583,"{'amenity': 'school', 'name': 'دبستان رازق نیا'}"
367,node,9182279446,35.6625474,51.4594474,"{'amenity': 'clinic', 'healthcare': 'clinic', 'name': 'درمانگاه آزادگان'}"
368,node,9182279453,35.6652146,51.4574497,"{'amenity': 'toilets', 'name': 'دستشویی'}"
369,node,9182279468,35.6684842,51.4601017,"{'amenity': 'place_of_worship', 'name': 'مسجد مهدیه', 'religion': 'muslim'}"
370,node,9182279469,35.6623541,51.4593657,"{'amenity': 'pharmacy', 'healthcare': 'pharmacy', 'name': 'داروخانه مینا جعفرزاده'}"
371,node,9182279482,35.6611602,51.4592559,"{'amenity': 'place_of_worship', 'name': 'مسجد چهارده معصوم', 'religion': 'muslim'}"
372,node,9205203000,35.6905784,51.4640469,"{'amenity': 'pharmacy', 'healthcare': 'pharmacy', 'name': 'داروخانه مدائن'}"
373,node,9221491117,35.68752,51.4615225,"{'amenity': 'restaurant', 'name': 'پروتئین صدرا'}"
374,node,9275342454,35.6922706,51.4627328,{'amenity': 'toilets'}
375,node,9275342457,35.6906423,51.4587635,"{'amenity': 'fast_food', 'name': 'پیتزا سیب ۳۶۰ پیروزی'}"
376,node,9317315102,35.692728,51.4803473,"{'addr:city': 'شهر تهران', 'amenity': 'restaurant', 'brand': 'shila', 'cuisine': 'pizza;burger;hot_dog;sandwich', 'delivery': 'yes', 'diet:halal': 'yes', 'name': 'فست فود شیلا', 'name:en': 'shila', 'opening_hours': 'Mo-Su 11:00-23:30', 'phone': '+98 21 7795 9819', 'website': 'https://order.shilafood.net/'}"
377,node,9348786320,35.6865051,51.4703595,{'amenity': 'toilets'}
378,node,9354845533,35.6928201,51.479175,"{'amenity': 'clinic', 'healthcare': 'clinic', 'name': 'درمانگاه امام حسن عسگری'}"
379,node,9416324126,35.6558549,51.4886585,"{'access': 'yes', 'amenity': 'toilets', 'changing_table': 'no', 'toilets:handwashing': 'yes', 'unisex': 'yes', 'wheelchair': 'limited'}"
380,node,9503502183,35.6783577,51.462629,"{'amenity': 'pharmacy', 'healthcare': 'pharmacy'}"
381,node,9503502186,35.6786299,51.4626427,"{'amenity': 'place_of_worship', 'name': 'حسینیه مکتب الزهرا'}"
382,node,9503570780,35.6898035,51.4550574,"{'amenity': 'clinic', 'healthcare': 'clinic', 'healthcare:speciality': 'abortion', 'name': 'مرکز بهداشت چهارصد دستگاه'}"
383,node,9507393536,35.690809,51.4613213,"{'amenity': 'bank', 'brand': 'بانک تجارت', 'brand:wikidata': 'Q7695198', 'name': 'بانک تجارت'}"
384,node,9507644949,35.688949,51.4991606,"{'amenity': 'social_centre', 'name': 'نمایندگی ولی فقیه در سپاه پاسداران'}"
385,node,9507645014,35.6891278,51.497885,"{'amenity': 'school', 'name': 'دبیرستان غیرانتفاعی پسرانه راهیان کوثر متوسطه دوم'}"
386,node,9514999379,35.6879915,51.5018036,"{'amenity': 'university', 'name': 'دانشگاه علمی کاربردی یگان ویژه'}"
387,node,9530909719,35.6582346,51.4563643,"{'amenity': 'place_of_worship', 'name': 'مسجد امام حسن عسگری', 'religion': 'muslim'}"
388,node,9530909730,35.6598203,51.4581419,"{'amenity': 'atm', 'not:brand:wikidata': 'Q2882608', 'operator': 'بانک صادرات'}"
389,node,9644252023,35.6884082,51.4595495,"{'amenity': 'clinic', 'healthcare': 'clinic', 'name': 'درمانگاه فرهنگیان منطقه ۱۴'}"
390,node,9644252027,35.6884212,51.4599749,"{'amenity': 'school', 'name': 'هنرستان دخترانه آسیه'}"
391,node,9652366651,35.6648261,51.4671423,{'amenity': 'toilets'}
392,node,9652366675,35.661395,51.4631244,"{'amenity': 'library', 'name': 'کتابخانه آهنگ'}"
393,node,9652366704,35.6641903,51.4656161,"{'amenity': 'school', 'name': 'دبیرستان دخترانه تربیت'}"
394,node,9652386317,35.6612067,51.4663329,"{'amenity': 'townhall', 'name': 'شهرداری منطقه ۱۴ ناحیه ۵'}"
395,node,9652386324,35.6647418,51.4660137,"{'amenity': 'school', 'name': 'دبستان دخترانه ابرار'}"
396,node,9652386343,35.6668811,51.467389,"{'amenity': 'school', 'name': 'مدرسه شرافت'}"
397,node,9652386354,35.6663438,51.4672236,"{'amenity': 'school', 'name': 'دبیرستان فروغ شهادت'}"
398,node,9679517506,35.6839152,51.4703756,"{'amenity': 'car_wash', 'name': 'کارواش آژاکس'}"
399,node,9681005709,35.6743613,51.463203,"{'amenity': 'school', 'name': 'دبستان دخترانه اسلامی'}"
400,node,9685640359,35.6577416,51.4756341,"{'amenity': 'internet_cafe', 'name': 'کافی نت کالج'}"
401,node,9837109316,35.6784116,51.4460754,{'amenity': 'toilets'}
402,node,9837122217,35.6795687,51.4459588,"{'amenity': 'school', 'name': 'دبیرستان چیت چیان'}"
403,node,9843333532,35.6925184,51.490979,{'amenity': 'taxi'}
404,node,9958814519,35.64736,51.4713845,"{'amenity': 'clinic', 'name': 'مرکز مشاوره روانشناسی دکتر علیرضا چیره نژاد'}"
405,node,9965615717,35.6660284,51.445611,"{'amenity': 'fast_food', 'name': 'فلافل حلال'}"
406,node,10035659944,35.6674383,51.4551517,"{'amenity': 'school', 'name': 'دبستان غیردولتی نور حکمت'}"
407,node,10173176589,35.6922492,51.4869797,"{'addr:city': 'شهر تهران', 'addr:housenumber': '168', 'addr:street': 'پیروزی', 'amenity': 'doctors', 'contact:email': 'info@drkhodayari.com', 'contact:instagram': 'drkhodayari', 'healthcare': 'doctor', 'healthcare:speciality': 'dermatology', 'name': 'دکتر مصطفی خدایاری', 'name:en': 'Dr Mostafa Khodayari', 'phone': '+982177477655', 'website': 'https://drkhodayari.com/'}"
408,node,10180177894,35.6918905,51.4811949,"{'addr:city': 'شهر تهران', 'addr:street': 'پیروزی', 'amenity': 'doctors', 'healthcare': 'doctor', 'healthcare:speciality': 'مغز_اعصاب_ستون_فقرات_دیسک_کمر', 'name': 'دکتر یوسف کریمی'}"
409,node,10199181765,35.6720936,51.5130181,{'amenity': 'lounger'}
410,node,10239774800,35.6632064,51.4685279,"{'amenity': 'pharmacy', 'name': 'داروخانه دکتر سلیمی'}"
411,node,10239829884,35.6666015,51.4667335,"{'amenity': 'school', 'name': 'هنرستان پسرانه احمدی روشن'}"
412,node,10239832305,35.6641217,51.4660013,"{'amenity': 'school', 'name': 'دبیرستان دخترانه سمیه'}"
413,node,10258924988,35.657634,51.4774328,"{'amenity': 'fast_food', 'name': 'فست فود هایدا ده حقی'}"
414,node,10608850105,35.6922573,51.4867745,"{'amenity': 'fuel', 'name': 'پمپ بنزین', 'name:en': 'Gas Station'}"
415,node,10675964029,35.6645087,51.4885759,{'amenity': 'toilets'}
416,node,10699323875,35.6758763,51.4883709,"{'amenity': 'school', 'name': 'مدرسه مهرورزان صیانت'}"
417,node,10702378969,35.690867,51.4621391,"{'amenity': 'fuel', 'name': 'پمپ بنزین سلیمانیه'}"
418,node,10709363685,35.6522095,51.5046868,"{'amenity': 'post_office', 'name': 'اداره پست قصرفیروزه۲'}"
419,node,10712032942,35.6602884,51.4849564,"{'amenity': 'community_centre', 'name': 'سرای محله شهدای گمنام'}"
420,node,10716696421,35.6608117,51.4990739,"{'addr:city': 'شهر تهران', 'addr:street': 'حمید رحیمی', 'amenity': 'fast_food', 'name': 'سرزمین سوخاری افسریه', 'opening_hours': 'Mo-Su 12:00-00:00', 'operator': 'علیرضایی', 'phone': '+98 21 3322 3900'}"
421,node,10734142957,35.6917998,51.4745025,"{'amenity': 'fast_food', 'name': 'فست فود گرين گاردن'}"
422,node,10751063077,35.6610168,51.5085994,"{'amenity': 'bank', 'atm': 'yes', 'name': 'خودپرداز بانک حکمت ایرانیان'}"
423,node,10751063078,35.6608264,51.5090311,"{'amenity': 'driving_school', 'name': 'آموزشگاه رانندگی هدف'}"
424,node,10751063980,35.6606434,51.5019092,"{'amenity': 'university', 'name': 'دانشگاه پدافند هوایی خاتم الانبیا'}"
425,node,10819546110,35.6876841,51.4515837,"{'addr:city': 'تهران', 'addr:street': 'شکوفه', 'amenity': 'restaurant', 'name': 'شهر کباب حاج حسین', 'phone': '0۲۱۳۳۳۲۸۸۱۰'}"
426,node,10827370181,35.6618031,51.4790013,{'amenity': 'toilets'}
427,node,10827392549,35.6757628,51.4744183,"{'amenity': 'school', 'name': 'دبستان و راهنمایی شهید نوری'}"
428,node,10827392550,35.6755636,51.4744797,"{'amenity': 'school', 'name': 'دبستان دخترانه شهید علیرضا نوری'}"
429,node,10827392551,35.6746625,51.4740494,"{'amenity': 'atm', 'brand': 'بانک سامان', 'brand:en': 'Saman Bank', 'brand:wikidata': 'Q4117676', 'name:en': 'Saman Bank', 'operator': 'بانک سامان', 'operator:wikidata': 'Q4117676'}"
430,node,10827392565,35.6758368,51.4781442,"{'amenity': 'atm', 'brand': 'بانک سامان', 'brand:en': 'Saman Bank', 'brand:wikidata': 'Q4117676', 'name:en': 'Saman Bank', 'operator': 'بانک سامان', 'operator:wikidata': 'Q4117676'}"
431,node,10827392566,35.6757023,51.4779854,"{'amenity': 'cafe', 'name': 'کافه خرما'}"
432,node,10870711005,35.6597568,51.4639188,"{'amenity': 'fuel', 'name': 'پمپ بنزین عصر جدید', 'name:en': 'Asre Jadid Gas station'}"
433,node,10959244004,35.6836273,51.4911733,"{'addr:city': 'تهران', 'addr:housenumber': '705', 'addr:street': 'نهم شرقی', 'amenity': 'school', 'denomination': 'shia', 'grades': '9-12', 'name': 'دبیرستان دخترانه مهرماندگار', 'operator': 'سرکارخانم محبی', 'operator:type': 'private', 'phone': '02133162005', 'religion': 'muslim'}"
434,node,10959267572,35.6897518,51.4859963,"{'addr:city': 'تهران', 'addr:housenumber': '188', 'addr:street': 'نادر شکوری', 'amenity': 'school', 'denomination': 'shia', 'grades': '1-10', 'name': 'دبستان دخترانه غیردولتی مهرماندگار شعبه 2', 'operator': 'سرکارخانم محبی', 'operator:type': 'private', 'phone': '02177162945', 'religion': 'muslim'}"
435,node,10973571308,35.6922126,51.480909,"{'amenity': 'doctors', 'healthcare': 'doctor', 'name': 'دکتر مائده احمدی دستجردی'}"
436,node,10978376530,35.6912829,51.4727164,"{'amenity': 'clinic', 'healthcare': 'clinic', 'name': 'سالن تخصصی پوست و اسپا حوریان'}"
437,node,11009735131,35.6689293,51.4900338,{'amenity': 'clock'}
438,node,11009735133,35.6689911,51.4891259,{'amenity': 'fountain'}
439,node,11016547429,35.6548014,51.4918286,"{'amenity': 'atm', 'not:brand:wikidata': 'Q10860246', 'operator': 'بانک سینا'}"
440,node,11041972411,35.6822175,51.4469513,"{'addr:city': 'شهر تهران', 'addr:housenumber': '1349', 'addr:postcode': '1719946897', 'addr:street': 'هفده شهریور', 'amenity': 'dentist', 'healthcare': 'dentist', 'healthcare:speciality': 'dentist', 'name': 'مطب دندانپزشکی دکتر علی اصغر کوهساری', 'name:en': 'Dr.Aliasghar kouhsari', 'opening_hours': 'sa-th 10:00-20:00', 'operator': 'دکتر علی اصغر کوهساری'}"
441,node,11062955232,35.6923585,51.4813569,"{'amenity': 'doctors', 'name': 'مطب دکتر مصدق خواه'}"
442,node,11071762137,35.6873833,51.48623,"{'amenity': 'pharmacy', 'healthcare': 'pharmacy', 'name': 'داروخانه دکتر واشقانی فراهانی'}"
443,node,11071762139,35.6803766,51.4868458,{'amenity': 'toilets'}
444,node,11104217999,35.6853464,51.4911465,"{'amenity': 'cafe', 'name': 'سفره خانه آدیش', 'public': 'yes'}"
445,node,11246247837,35.6911361,51.4913043,"{'amenity': 'fast_food', 'name': 'فلافل مامان جون'}"
446,node,11285921822,35.6562133,51.4911616,"{'amenity': 'language_school', 'name': 'آموزشگاه زبان های خارجی پارس میتوس'}"
447,node,11343304317,35.685334,51.4911488,"{'amenity': 'fast_food', 'fast_food': 'cafeteria', 'name': 'سفره خانه آدیش', 'public': 'yes'}"
448,node,11391361584,35.6562852,51.4859887,"{'addr:street': 'بلوار ده حقی (آهنگ)', 'amenity': 'fast_food', 'cuisine': 'juice;ice_cream;coffee_shop', 'name': 'آبمیوه بستنی حیدربابا', 'opening_hours': '10:00-24:00', 'operator': 'جواد موگوئی', 'phone': '02133203816'}"
449,node,11407563469,35.6541354,51.4947709,"{'amenity': 'bank', 'brand': 'بانک سپه', 'brand:en': 'Bank Sepah', 'brand:wikidata': 'Q2882624', 'name': 'بانک سپه', 'name:en': 'Bank Sepah'}"
450,node,11410371644,35.6756417,51.4663557,"{'addr:street': 'بلوار پاسدار گمنام', 'amenity': 'restaurant', 'cuisine': 'kebab', 'name': 'کباب خانه حلال', 'opening_hours': '11:45-23:00', 'operator': 'حامد مهجوریان', 'phone': '۰۲۱۳۳۱۰۲۷۳۶'}"
451,node,11413078617,35.6694874,51.4717765,"{'addr:street': 'بلوار شاه آبادی', 'amenity': 'fast_food', 'cuisine': 'kebab', 'name': 'علی جیگری', 'opening_hours': '07:00-24:00', 'operator': 'علی بانویی', 'phone': '02133169850'}"
452,node,11419995130,35.6535674,51.497107,"{'amenity': 'atm', 'brand': 'بانک سامان', 'brand:en': 'Saman Bank', 'brand:wikidata': 'Q4117676', 'name': 'شعبه افسریه', 'name:en': 'Saman Bank', 'operator': 'بانک سامان', 'operator:wikidata': 'Q4117676'}"
453,node,11494467234,35.6893671,51.4467947,"{'amenity': 'bank', 'brand': 'بانک ملت', 'brand:en': 'Bank Mellat', 'brand:wikidata': 'Q4855944', 'brand:wikipedia': 'en:Bank Mellat', 'name': 'بانک ملت', 'name:en': 'Bank Mellat'}"
454,node,11494467236,35.6889124,51.4470277,"{'addr:street': 'هفده شهریور', 'amenity': 'bank', 'atm': 'yes', 'brand': 'بانک صادرات', 'brand:en': 'Bank Saderat Iran', 'brand:fa': 'بانک صادرات', 'brand:wikidata': 'Q2882608', 'brand:wikipedia': 'en:Bank Saderat Iran', 'name': 'بانک صادرات', 'name:en': 'Bank Saderat Iran', 'name:fa': 'بانک صادرات'}"
455,node,11516260865,35.6918871,51.4803995,"{'addr:city': 'شهر تهران', 'addr:housenumber': 'پلاک 310', 'addr:place': 'پیروزی', 'amenity': 'language_school', 'name': 'آموزشگاه زبان پردیسان شعبه پیروزی', 'opening_hours': 'Mo-Su 08:00-20:00', 'operator': 'شعبه پیروزی', 'website': 'https://pardisan-edu.com'}"
456,node,11533450569,35.6586458,51.473705,{'amenity': 'school'}
457,node,11583759139,35.6522618,51.4958248,"{'amenity': 'place_of_worship', 'name': 'حسینیه حضرت صاحب الزمان (عج)', 'religion': 'muslim'}"
