,type,id,lat,lon,tags
0,node,654080619,35.6968962,51.3794446,"{'amenity': 'bus_station', 'bus': 'yes', 'name': 'جمهوری', 'name:en': 'Jomhuri', 'public_transport': 'station'}"
1,node,654084340,35.6983832,51.3809964,"{'amenity': 'pharmacy', 'healthcare': 'pharmacy', 'name': 'داروخانه دکتر الله وردی', 'name:en': 'Allahverdi pharmacy'}"
2,node,655300924,35.6977571,51.3785676,"{'addr:street': 'نواب صفوی', 'amenity': 'pharmacy', 'healthcare': 'pharmacy', 'name': 'داروخانه دکتر همتیان'}"
3,node,747816242,35.6966281,51.3805059,"{'addr:street': 'جمهوری اسلامی', 'amenity': 'bank', 'atm': 'yes', 'brand': 'بانک کشاورزی', 'brand:en': 'Bank Keshavarzi Iran', 'brand:wikidata': 'Q6395007', 'brand:wikipedia': 'en:Bank Keshavarzi Iran', 'name': 'بانک کشاورزی', 'name:en': 'Bank Keshavarzi Iran', 'operator': 'Keshavarzi Bank'}"
4,node,747816457,35.6970027,51.3780355,"{'amenity': 'bank', 'atm': 'yes', 'brand': 'بانک صادرات', 'brand:en': 'Bank Saderat Iran', 'brand:fa': 'بانک صادرات', 'brand:wikidata': 'Q2882608', 'brand:wikipedia': 'en:Bank Saderat Iran', 'name': 'بانک صادرات', 'name:en': 'Bank Saderat Iran', 'name:fa': 'بانک صادرات', 'operator': 'Saderat Bank'}"
5,node,747816458,35.6968764,51.3779443,"{'amenity': 'bank', 'atm': 'yes', 'brand': 'بانک ملت', 'brand:en': 'Bank Mellat', 'brand:wikidata': 'Q4855944', 'brand:wikipedia': 'en:Bank Mellat', 'name': 'بانک ملت', 'name:en': 'Bank Mellat', 'operator': 'Mellat Bank'}"
6,node,747816460,35.6964333,51.3780879,"{'amenity': 'bank', 'atm': 'yes', 'brand': 'بانک پاسارگاد', 'brand:en': 'Bank Pasargad', 'brand:wikidata': 'Q4855962', 'brand:wikipedia': 'en:Bank Pasargad', 'name': 'بانک پاسارگاد', 'name:en': 'Bank Pasargad', 'operator': 'Pasargad Bank'}"
7,node,747854673,35.69565,51.3783172,{'amenity': 'toilets'}
8,node,747871776,35.6966982,51.3791875,"{'amenity': 'fast_food', 'cuisine': 'pizza', 'name': 'بوف', 'name:en': 'Boof', 'operator': 'Boof'}"
9,node,747876877,35.6985188,51.3809752,"{'amenity': 'doctors', 'healthcare': 'doctor', 'name': 'مطب دکتر شفیع زاده'}"
10,node,747882557,35.6995927,51.377931,"{'amenity': 'fast_food', 'cuisine': 'sandwich', 'name': 'هایدا', 'name:en': 'Hayda Sandwich', 'operator': 'Hayda'}"
11,node,2131769034,35.7003995,51.3530903,"{'amenity': 'bank', 'atm': 'yes', 'brand': 'بانک ملت', 'brand:en': 'Bank Mellat', 'brand:wikidata': 'Q4855944', 'brand:wikipedia': 'en:Bank Mellat', 'name': 'بانک ملت', 'name:en': 'Bank Mellat'}"
12,node,2281960524,35.6984849,51.3523238,"{'amenity': 'school', 'name': 'دبیرستان بهشتی'}"
13,node,2505906117,35.6703522,51.3524395,"{'amenity': 'pharmacy', 'healthcare': 'pharmacy', 'name': 'داروخانه مقدم'}"
14,node,3385972011,35.6861472,51.3704797,"{'addr:city': 'تهران', 'addr:street': 'مالک اشتر', 'amenity': 'bank', 'atm': 'yes', 'brand': 'بانک ملت', 'brand:en': 'Bank Mellat', 'brand:wikidata': 'Q4855944', 'brand:wikipedia': 'en:Bank Mellat', 'name': 'بانک ملت', 'name:en': 'Bank Mellat'}"
15,node,3724700488,35.6902249,51.3699822,"{'amenity': 'car_wash', 'name': 'کارواش قصرالدشت', 'name:en': 'Qasr-ol-Dasht car wash'}"
16,node,3805717836,35.6998863,51.354229,"{'amenity': 'bank', 'atm': 'yes', 'branch': 'آزادی', 'brand': 'بانک ملت', 'brand:en': 'Bank Mellat', 'brand:wikidata': 'Q4855944', 'brand:wikipedia': 'en:Bank Mellat', 'name': 'بانک ملت', 'name:en': 'Bank Mellat'}"
17,node,3828324154,35.700648,51.3599965,{'amenity': 'taxi'}
18,node,3929790458,35.6996763,51.3753809,"{'amenity': 'bank', 'atm': 'yes', 'name': 'بانک حکمت ایرانیان'}"
19,node,4086148694,35.6804313,51.3809191,"{'amenity': 'parking', 'name': 'پارکینگ اقاقیا'}"
20,node,4106644689,35.6823221,51.3643657,"{'addr:street': 'جیحون', 'amenity': 'bank', 'brand': 'بانک کشاورزی', 'brand:en': 'Bank Keshavarzi Iran', 'brand:wikidata': 'Q6395007', 'brand:wikipedia': 'en:Bank Keshavarzi Iran', 'name': 'بانک کشاورزی', 'name:en': 'Bank Keshavarzi Iran'}"
21,node,4120628212,35.6971373,51.3781378,"{'amenity': 'bank', 'atm': 'yes', 'brand': 'بانک ملی', 'brand:en': 'Bank Melli Iran', 'brand:wikidata': 'Q806640', 'brand:wikipedia': 'en:Bank Melli Iran', 'name': 'بانک ملی', 'name:en': 'Bank Melli Iran'}"
22,node,4304542249,35.6814415,51.3586378,{'amenity': 'parking'}
23,node,4304542830,35.682005,51.3562524,"{'access': 'yes', 'amenity': 'parking', 'fee': 'no', 'parking': 'surface'}"
24,node,4304575756,35.6830741,51.3556661,"{'amenity': 'bus_station', 'bus': 'yes', 'name': 'پایانه مالک اشتر', 'public_transport': 'station'}"
25,node,4319631990,35.6677884,51.3736298,"{'addr:street': 'قزوین', 'amenity': 'bank', 'brand': 'بانک ملت', 'brand:en': 'Bank Mellat', 'brand:wikidata': 'Q4855944', 'brand:wikipedia': 'en:Bank Mellat', 'name': 'بانک ملت', 'name:en': 'Bank Mellat'}"
26,node,4344193993,35.6774988,51.3728721,"{'addr:street': 'امیر قلی', 'amenity': 'restaurant', 'name': 'رستوران پاپریکا'}"
27,node,4345731589,35.678921,51.3784417,{'amenity': 'atm'}
28,node,4346872596,35.6675829,51.3664052,"{'addr:city': 'تهران', 'addr:street': 'خیابان قزوین', 'amenity': 'fuel', 'fuel:cng': 'yes', 'name': 'جایگاه گاز CNG کیان', 'surface': 'concrete'}"
29,node,4361946395,35.7006466,51.3685638,"{'amenity': 'bank', 'atm': 'yes', 'branch': 'آزادی', 'brand': 'بانک مسکن', 'brand:en': 'Bank Maskan', 'brand:wikidata': 'Q4855942', 'brand:wikipedia': 'en:Bank Maskan', 'name': 'بانک مسکن', 'name:en': 'Bank Maskan'}"
30,node,4361946396,35.7006655,51.368729,"{'amenity': 'bank', 'brand': 'بانک تجارت', 'brand:wikidata': 'Q7695198', 'brand:wikipedia': 'en:Tejarat Bank', 'name': 'بانک تجارت', 'name:en': 'Tejarat Bank'}"
31,node,4362040089,35.7002855,51.3683891,"{'amenity': 'clinic', 'healthcare': 'clinic', 'name': 'درمانگاه دکتر ایرانزاد'}"
32,node,4386799690,35.6896215,51.3653176,{'amenity': 'atm'}
33,node,4406682796,35.7003598,51.3540308,"{'alt_name': 'بانک صادرات کد ۱۶۵۲', 'amenity': 'bank', 'branch': 'دانشگاه صنعتی شریف', 'brand': 'بانک صادرات', 'brand:en': 'Bank Saderat Iran', 'brand:fa': 'بانک صادرات', 'brand:wikidata': 'Q2882608', 'brand:wikipedia': 'en:Bank Saderat Iran', 'name': 'بانک صادرات', 'name:en': 'Bank Saderat Iran', 'name:fa': 'بانک صادرات'}"
34,node,4411515334,35.6819919,51.3773385,"{'addr:city': 'تهران', 'addr:street': 'رودکی جنوبی', 'amenity': 'bank', 'atm': 'yes', 'brand': 'بانک مسکن', 'brand:en': 'Bank Maskan', 'brand:wikidata': 'Q4855942', 'brand:wikipedia': 'en:Bank Maskan', 'name': 'بانک مسکن', 'name:en': 'Bank Maskan'}"
35,node,4411519840,35.6817664,51.3770216,"{'addr:city': 'تهران', 'addr:street': 'رودکی جنوبی', 'amenity': 'bank', 'atm': 'yes', 'brand': 'بانک ملی', 'brand:en': 'Bank Melli Iran', 'brand:wikidata': 'Q806640', 'brand:wikipedia': 'en:Bank Melli Iran', 'name': 'بانک ملی', 'name:en': 'Bank Melli Iran'}"
36,node,4411523829,35.6833734,51.3768939,"{'addr:city': 'تهران', 'addr:street': 'رودکی جنوبی', 'amenity': 'bank', 'atm': 'yes', 'brand': 'بانک رفاه', 'brand:en': 'Refah Bank', 'brand:wikidata': 'Q7307083', 'brand:wikipedia': 'en:Refah Bank', 'name': 'بانک رفاه', 'name:en': 'Refah Bank'}"
37,node,4411532176,35.6863786,51.3764941,"{'addr:street': 'رودکی جنوبی', 'amenity': 'bank', 'atm': 'yes', 'brand': 'بانک پارسیان', 'brand:en': 'Parsian Bank', 'brand:wikidata': 'Q2410404', 'brand:wikipedia': 'en:Parsian Bank', 'name': 'بانک پارسیان', 'name:en': 'Parsian Bank'}"
38,node,4411536104,35.6888164,51.3764941,"{'addr:street': 'رودکی جنوبی', 'amenity': 'bank', 'atm': 'yes', 'brand': 'بانک سرمایه', 'brand:en': 'Sarmayeh Bank', 'brand:wikidata': 'Q7424291', 'brand:wikipedia': 'en:Sarmayeh Bank', 'name': 'بانک سرمایه', 'name:en': 'Sarmayeh Bank'}"
39,node,4411536105,35.6891039,51.3764727,"{'addr:street': 'رودکی جنوبی', 'amenity': 'bank', 'atm': 'yes', 'brand': 'بانک ملی', 'brand:en': 'Bank Melli Iran', 'brand:wikidata': 'Q806640', 'brand:wikipedia': 'en:Bank Melli Iran', 'name': 'بانک ملی', 'name:en': 'Bank Melli Iran'}"
40,node,4411540584,35.6891649,51.3764673,"{'amenity': 'place_of_worship', 'name': 'مسجد حجت ابن الحسن', 'religion': 'muslim'}"
41,node,4419899324,35.699866,51.3559676,"{'addr:street': 'آزادی', 'amenity': 'bank', 'atm': 'yes', 'brand': 'بانک ملی', 'brand:en': 'Bank Melli Iran', 'brand:wikidata': 'Q806640', 'brand:wikipedia': 'en:Bank Melli Iran', 'name': 'بانک ملی', 'name:en': 'Bank Melli Iran'}"
42,node,4419992333,35.7002944,51.3696652,"{'amenity': 'bank', 'atm': 'yes', 'brand': 'بانک سپه', 'brand:en': 'Bank Sepah', 'brand:wikidata': 'Q2882624', 'brand:wikipedia': 'en:Bank Sepah', 'name': 'بانک سپه', 'name:en': 'Bank Sepah'}"
43,node,4419992334,35.7003396,51.3743095,"{'amenity': 'bank', 'atm': 'yes', 'brand': 'بانک سپه', 'brand:en': 'Bank Sepah', 'brand:wikidata': 'Q2882624', 'brand:wikipedia': 'en:Bank Sepah', 'name': 'بانک سپه', 'name:en': 'Bank Sepah'}"
44,node,4419992336,35.7001228,51.3658136,"{'amenity': 'bank', 'atm': 'yes', 'branch': 'آزادی', 'brand': 'بانک پارسیان', 'brand:en': 'Parsian Bank', 'brand:wikidata': 'Q2410404', 'brand:wikipedia': 'en:Parsian Bank', 'name': 'بانک پارسیان', 'name:en': 'Parsian Bank'}"
45,node,4419992338,35.6869329,51.379289,"{'amenity': 'bank', 'atm': 'yes', 'brand': 'بانک شهر', 'brand:en': 'Shahr Bank', 'brand:fa': 'بانک شهر', 'brand:wikidata': 'Q5941033', 'brand:wikipedia': 'fa:بانک شهر', 'name': 'بانک شهر', 'name:en': 'Shahr Bank', 'name:fa': 'بانک شهر'}"
46,node,4419992340,35.7001471,51.3666695,"{'amenity': 'bank', 'atm': 'yes', 'branch': 'آزادی', 'brand': 'بانک توسعه تعاون', 'brand:wikidata': 'Q5684450', 'brand:wikipedia': 'fa:بانک توسعه تعاون', 'name': 'بانک توسعه تعاون', 'name:en': 'Tose-e Taavon Bank'}"
47,node,4419993396,35.6752006,51.3806293,"{'addr:city': 'تهران', 'addr:street': 'نواب صفوی', 'amenity': 'place_of_worship', 'building': 'mosque', 'denomination': 'shia', 'name': 'مسجد غفوری', 'religion': 'muslim'}"
48,node,4421629528,35.7005865,51.3650833,"{'amenity': 'bank', 'atm': 'yes', 'branch': 'آزادی - تقاطع شادمان', 'brand': 'بانک آینده', 'brand:en': 'Ayandeh Bank', 'brand:wikidata': 'Q5938144', 'brand:wikipedia': 'en:Ayandeh Bank', 'name': 'بانک آینده', 'name:en': 'Ayandeh Bank'}"
49,node,4421629531,35.7005636,51.3633017,"{'amenity': 'bank', 'atm': 'yes', 'brand': 'بانک کشاورزی', 'brand:en': 'Bank Keshavarzi Iran', 'brand:wikidata': 'Q6395007', 'brand:wikipedia': 'en:Bank Keshavarzi Iran', 'name': 'بانک کشاورزی', 'name:en': 'Bank Keshavarzi Iran'}"
50,node,4423304426,35.6873314,51.373611,"{'addr:city': 'تهران', 'addr:street': 'امام خمینی', 'amenity': 'bank', 'atm': 'yes', 'brand': 'بانک آینده', 'brand:en': 'Ayandeh Bank', 'brand:wikidata': 'Q5938144', 'brand:wikipedia': 'en:Ayandeh Bank', 'name': 'بانک آینده', 'name:en': 'Ayandeh Bank'}"
51,node,4423304428,35.6870874,51.3635793,"{'addr:street': 'امام خمینی', 'amenity': 'bank', 'atm': 'yes', 'name': 'بانک رفاه', 'name:en': 'Refah Bank'}"
52,node,4423304474,35.6878139,51.3789512,"{'access': 'private', 'amenity': 'toilets', 'toilets:disposal': 'bucket', 'unisex': 'yes', 'wheelchair': 'yes'}"
53,node,4427568918,35.691973,51.375929,"{'addr:street': 'رودکی جنوبی', 'amenity': 'bank', 'atm': 'yes', 'brand': 'بانک اقتصاد نوین', 'brand:en': 'EN Bank', 'brand:wikidata': 'Q5323768', 'brand:wikipedia': 'en:EN Bank', 'name': 'بانک اقتصاد نوین', 'name:en': 'EN Bank'}"
54,node,4427568919,35.6896029,51.3761569,"{'addr:street': 'رودکی جنوبی', 'amenity': 'bank', 'atm': 'yes', 'brand': 'بانک تجارت', 'brand:wikidata': 'Q7695198', 'brand:wikipedia': 'en:Tejarat Bank', 'name': 'بانک تجارت'}"
55,node,4427568920,35.6964713,51.3748829,"{'addr:street': 'آذربایجان', 'amenity': 'bank', 'atm': 'yes', 'brand': 'بانک رفاه', 'brand:en': 'Refah Bank', 'brand:wikidata': 'Q7307083', 'brand:wikipedia': 'en:Refah Bank', 'name': 'بانک رفاه', 'name:en': 'Refah Bank'}"
56,node,4427568921,35.6925547,51.3760846,"{'amenity': 'bank', 'atm': 'yes', 'brand': 'بانک سپه', 'brand:en': 'Bank Sepah', 'brand:wikidata': 'Q2882624', 'brand:wikipedia': 'en:Bank Sepah', 'name': 'بانک سپه', 'name:en': 'Bank Sepah'}"
57,node,4427568922,35.6913718,51.3762428,"{'addr:street': 'رودکی جنوبی', 'amenity': 'bank', 'atm': 'yes', 'brand': 'بانک سینا', 'brand:en': 'Sina Bank', 'brand:wikidata': 'Q10860246', 'brand:wikipedia': 'en:Sina Bank', 'name': 'بانک سینا', 'name:en': 'Sina Bank'}"
58,node,4427568923,35.692132,51.3761757,"{'addr:street': 'رودکی جنوبی', 'amenity': 'bank', 'atm': 'yes', 'brand': 'بانک صادرات', 'brand:en': 'Bank Saderat Iran', 'brand:wikidata': 'Q2882608', 'brand:wikipedia': 'en:Bank Saderat Iran', 'name': 'بانک صادرات', 'name:en': 'Bank Saderat Iran'}"
59,node,4427568924,35.6989773,51.3686692,"{'amenity': 'bank', 'atm': 'yes', 'brand': 'بانک صادرات', 'brand:en': 'Bank Saderat Iran', 'brand:fa': 'بانک صادرات', 'brand:wikidata': 'Q2882608', 'brand:wikipedia': 'en:Bank Saderat Iran', 'name': 'بانک صادرات', 'name:en': 'Bank Saderat Iran', 'name:fa': 'بانک صادرات'}"
60,node,4427568925,35.6947897,51.3755723,"{'amenity': 'bank', 'atm': 'yes', 'brand': 'بانک ملت', 'brand:en': 'Bank Mellat', 'brand:wikidata': 'Q4855944', 'brand:wikipedia': 'en:Bank Mellat', 'name': 'بانک ملت', 'name:en': 'Bank Mellat'}"
61,node,4427568926,35.6979797,51.3710058,"{'amenity': 'bank', 'atm': 'yes', 'brand': 'بانک ملت', 'brand:en': 'Bank Mellat', 'brand:wikidata': 'Q4855944', 'brand:wikipedia': 'en:Bank Mellat', 'name': 'بانک ملت', 'name:en': 'Bank Mellat'}"
62,node,4427568927,35.6964168,51.3750733,"{'addr:street': 'آذربایجان', 'amenity': 'bank', 'atm': 'yes', 'brand': 'بانک ملی', 'brand:en': 'Bank Melli Iran', 'brand:wikidata': 'Q806640', 'brand:wikipedia': 'en:Bank Melli Iran', 'name': 'بانک ملی', 'name:en': 'Bank Melli Iran'}"
63,node,4427568928,35.6977647,51.3707182,"{'amenity': 'bank', 'atm': 'yes', 'brand': 'بانک ملی', 'brand:en': 'Bank Melli Iran', 'brand:wikidata': 'Q806640', 'brand:wikipedia': 'en:Bank Melli Iran', 'name': 'بانک ملی', 'name:en': 'Bank Melli Iran'}"
64,node,4427568929,35.6877935,51.3770052,"{'addr:street': 'امام خمینی', 'amenity': 'bank', 'atm': 'yes', 'brand': 'بانک سپه', 'brand:en': 'Bank Sepah', 'brand:wikidata': 'Q2882624', 'brand:wikipedia': 'en:Bank Sepah', 'name': 'بانک سپه', 'name:en': 'Bank Sepah'}"
65,node,4427568930,35.691607,51.3761999,"{'addr:street': 'رودکی جنوبی', 'amenity': 'bank', 'atm': 'yes', 'brand': 'بانک پاسارگاد', 'brand:en': 'Bank Pasargad', 'brand:wikidata': 'Q4855962', 'brand:wikipedia': 'en:Bank Pasargad', 'name': 'بانک پاسارگاد', 'name:en': 'Bank Pasargad'}"
66,node,4427568931,35.6973001,51.3727867,"{'amenity': 'pharmacy', 'healthcare': 'pharmacy', 'name': 'داروخانه دکتر جوکار'}"
67,node,4427568932,35.6878498,51.3768403,"{'addr:city': 'تهران', 'addr:street': 'امام خمینی', 'amenity': 'pharmacy', 'dispensing': 'yes', 'healthcare': 'pharmacy', 'name': 'داروخانه شبانه روزی دکتر کوخابی', 'opening_hours': '24/7'}"
68,node,4427568933,35.6904634,51.3764359,"{'addr:street': 'هاشمی', 'amenity': 'pharmacy', 'healthcare': 'pharmacy', 'name': 'داروخانه مرکزی رودکی', 'phone': '+98 21 663 50290;+98 21 663 50291'}"
69,node,4427568934,35.6932604,51.3757492,"{'addr:street': 'رودکی جنوبی', 'amenity': 'pharmacy', 'healthcare': 'pharmacy', 'name': 'داروخانه هلند'}"
70,node,4427568935,35.6888774,51.3764909,"{'addr:street': 'خجسته', 'amenity': 'dentist', 'healthcare': 'dentist', 'name': 'درمانگاه دندانپزشکی ملت'}"
71,node,4427568938,35.6991541,51.3682272,"{'amenity': 'bank', 'atm': 'yes', 'brand': 'پست بانک', 'brand:en': 'Post Bank of Iran', 'brand:wikidata': 'Q7233625', 'brand:wikipedia': 'en:Post Bank of Iran', 'name': 'پست بانک', 'name:en': 'Post Bank of Iran'}"
72,node,4437699500,35.6899094,51.369905,"{'amenity': 'atm', 'brand': 'بانک آینده', 'brand:en': 'Ayandeh Bank', 'brand:wikidata': 'Q5938144', 'name:en': 'Ayandeh Bank', 'operator': 'بانک آینده', 'operator:wikidata': 'Q5938144'}"
73,node,4437707167,35.6897265,51.3656968,"{'amenity': 'driving_school', 'name': 'آموزشگاه رانندگی یاس'}"
74,node,4437707168,35.6894302,51.363948,"{'amenity': 'restaurant', 'name': 'طباخی نوبهار'}"
75,node,4437707169,35.6891731,51.3631004,"{'amenity': 'school', 'name': 'مدرسه راهنمایی دخترانه فرزانگان ۳'}"
76,node,4437723183,35.6895794,51.3639453,"{'amenity': 'bank', 'brand': 'بانک ملی', 'brand:en': 'Bank Melli Iran', 'brand:wikidata': 'Q806640', 'brand:wikipedia': 'en:Bank Melli Iran', 'name': 'بانک ملی', 'name:en': 'Bank Melli Iran'}"
77,node,4437723184,35.689306,51.3613248,"{'amenity': 'bank', 'brand': 'بانک پاسارگاد', 'brand:en': 'Bank Pasargad', 'brand:wikidata': 'Q4855962', 'brand:wikipedia': 'en:Bank Pasargad', 'name': 'پاسارگاد', 'name:en': 'Bank Pasargad', 'name:fa': 'بانک پاسارگاد'}"
78,node,4444058006,35.6946427,51.3783614,"{'amenity': 'bank', 'atm': 'yes', 'brand': 'بانک سپه', 'brand:en': 'Bank Sepah', 'brand:wikidata': 'Q2882624', 'brand:wikipedia': 'en:Bank Sepah', 'name': 'بانک سپه', 'name:en': 'Bank Sepah'}"
79,node,4450458739,35.7001428,51.3663307,"{'amenity': 'bank', 'atm': 'yes', 'branch': 'وزارت کار', 'brand': 'بانک ملت', 'brand:en': 'Bank Mellat', 'brand:wikidata': 'Q4855944', 'brand:wikipedia': 'en:Bank Mellat', 'name': 'بانک ملت', 'name:en': 'Bank Mellat'}"
80,node,4450458740,35.6999438,51.3648821,"{'amenity': 'bank', 'atm': 'yes', 'brand': 'بانک سامان', 'brand:en': 'Saman Bank', 'brand:wikidata': 'Q4117676', 'brand:wikipedia': 'en:Saman Bank', 'name': 'بانک سامان', 'name:en': 'Saman Bank'}"
81,node,4450458742,35.6986852,51.3682377,"{'amenity': 'bank', 'atm': 'yes', 'brand': 'بانک رفاه', 'brand:en': 'Refah Bank', 'brand:wikidata': 'Q7307083', 'brand:wikipedia': 'en:Refah Bank', 'name': 'بانک رفاه', 'name:en': 'Refah Bank'}"
82,node,4456341489,35.6917609,51.372845,"{'amenity': 'pharmacy', 'name': 'داروخانه مهرداد نو'}"
83,node,4456349392,35.6898526,51.3667539,"{'amenity': 'pharmacy', 'check_date': '2023-06-07', 'healthcare': 'pharmacy', 'name': 'داروخانه شبانه روزی کارون', 'opening_hours': '24/7'}"
84,node,4460141229,35.7005945,51.3631327,"{'amenity': 'bank', 'branch': 'شاهین', 'brand': 'بانک ملی', 'brand:en': 'Bank Melli Iran', 'brand:wikidata': 'Q806640', 'brand:wikipedia': 'en:Bank Melli Iran', 'name': 'بانک ملی', 'name:en': 'Bank Melli Iran', 'ref': '962'}"
85,node,4471697190,35.6933951,51.3698961,"{'addr:street': 'دامپزشکی', 'amenity': 'pharmacy', 'contact:phone': '+982166873174', 'name': 'بدر نو'}"
86,node,4581059093,35.6942354,51.355288,"{'addr:street': 'توس', 'amenity': 'fast_food', 'cuisine': 'pizza;sandwich', 'name': 'پیتزا ساندویچ سعید', 'name:ar': 'مطعم سندويش سعد', 'name:en': 'Saeid Sandwich'}"
87,node,4607329352,35.6693301,51.3754232,{'amenity': 'toilets'}
88,node,4646271191,35.6966312,51.3806756,"{'addr:street': 'جمهوری اسلامی', 'amenity': 'pharmacy', 'healthcare': 'pharmacy', 'name': 'داروخانه شبانه روزی جمهوری', 'opening_hours': '24/7'}"
89,node,4719207292,35.694575,51.3665978,"{'addr:street': 'کارون', 'amenity': 'bank', 'atm': 'yes', 'brand': 'بانک ملی', 'brand:en': 'Bank Melli Iran', 'brand:wikidata': 'Q806640', 'brand:wikipedia': 'en:Bank Melli Iran', 'name': 'بانک ملی', 'name:en': 'Bank Melli Iran', 'opening_hours': 'Sa-Th 08:00-14:00'}"
90,node,4721106247,35.7005962,51.3647255,"{'amenity': 'bank', 'atm': 'yes', 'brand': 'بانک سپه', 'brand:en': 'Bank Sepah', 'brand:wikidata': 'Q2882624', 'brand:wikipedia': 'en:Bank Sepah', 'name': 'بانک سپه', 'name:en': 'Bank Sepah'}"
91,node,4723311761,35.7006017,51.3653597,"{'amenity': 'bank', 'atm': 'yes', 'brand': 'بانک صادرات', 'brand:en': 'Bank Saderat Iran', 'name': 'بانک صادرات', 'name:en': 'Bank Saderat Iran', 'not:brand:wikidata': 'Q2882608'}"
92,node,4726524990,35.6918648,51.3663155,{'amenity': 'shelter'}
93,node,4726524992,35.6896721,51.3667896,"{'addr:street': 'هاشمی', 'amenity': 'atm', 'brand': 'بانک صادرات', 'brand:en': 'Bank Saderat Iran', 'brand:fa': 'بانک صادرات', 'brand:wikidata': 'Q2882608', 'brand:wikipedia': 'en:Bank Saderat Iran', 'name:en': 'Bank Saderat Iran', 'name:fa': 'بانک صادرات', 'operator': 'بانک صادرات', 'operator:wikidata': 'Q2882608'}"
94,node,4729438397,35.6951105,51.3666324,"{'amenity': 'pharmacy', 'name': 'داروخانه', 'name:en': 'Pharmacy'}"
95,node,4729486290,35.6955272,51.3666113,"{'amenity': 'pharmacy', 'healthcare': 'pharmacy', 'name': 'داروخانه'}"
96,node,4731349181,35.6996387,51.3655685,"{'amenity': 'dentist', 'healthcare': 'dentist', 'name': 'دندانپزشکی دکتر مسگری', 'name:en': 'Dr.Mesgari'}"
97,node,4731478322,35.6983653,51.3554982,"{'amenity': 'pharmacy', 'healthcare': 'pharmacy', 'name': 'داروخانه یادگار'}"
98,node,4731480122,35.6985467,51.3556031,"{'amenity': 'clinic', 'healthcare': 'clinic', 'name': 'درمانگاه یادگار'}"
99,node,4735947595,35.6818784,51.3769964,"{'addr:city': 'تهران', 'addr:street': 'رودکی جنوبی', 'amenity': 'school', 'name': 'مدرسه معلم شهید محمد امینی', 'name:en': 'Mohammad Amini School'}"
100,node,4738225623,35.6891726,51.3539707,"{'amenity': 'bank', 'brand': 'بانک ملی', 'brand:en': 'Bank Melli Iran', 'brand:wikidata': 'Q806640', 'brand:wikipedia': 'en:Bank Melli Iran', 'name': 'بانک ملی', 'name:en': 'Bank Melli Iran'}"
101,node,4764326825,35.6762747,51.3670599,"{'amenity': 'bicycle_repair_station', 'brand': 'دوچرخه سازی جهان', 'fee': 'yes'}"
102,node,4769134150,35.6857042,51.3768593,"{'addr:city': 'تهران', 'addr:street': 'رودکی جنوبی', 'amenity': 'clinic', 'healthcare': 'clinic', 'name': 'مجتمع پزشکان سلسبیل'}"
103,node,4769221864,35.6791797,51.3772466,"{'amenity': 'clinic', 'healthcare': 'clinic', 'name': 'درمانگاه اکبر آباد', 'name:en': 'Akbar Abad Clinic'}"
104,node,4769821491,35.6824554,51.3788779,"{'amenity': 'school', 'name': 'دبیرستان و هنرستان خاتم الانبیا'}"
105,node,4770822724,35.6738908,51.3814329,"{'amenity': 'atm', 'brand': 'بانک صادرات', 'brand:en': 'Bank Saderat Iran', 'brand:fa': 'بانک صادرات', 'brand:wikidata': 'Q2882608', 'brand:wikipedia': 'en:Bank Saderat Iran', 'name': 'خودپرداز بانک صادرات', 'name:en': 'Saderat Iran atm', 'name:fa': 'بانک صادرات', 'operator': 'بانک صادرات', 'operator:wikidata': 'Q2882608', 'operator:wikipedia': 'en:Bank Saderat Iran'}"
106,node,4770842921,35.6734981,51.3802132,"{'amenity': 'bank', 'atm': 'yes', 'branch': 'چهارراه رضائی', 'brand': 'بانک صادرات', 'brand:en': 'Bank Saderat Iran', 'brand:fa': 'بانک صادرات', 'brand:wikidata': 'Q2882608', 'brand:wikipedia': 'en:Bank Saderat Iran', 'name': 'بانک صادرات', 'name:en': 'Bank Saderat Iran', 'name:fa': 'بانک صادرات', 'opening_hours': 'Sa-We 08:00-16:00; Th 08:00-12:00'}"
107,node,4770847426,35.6872941,51.3691566,"{'addr:street': 'امام خمینی', 'amenity': 'clinic', 'healthcare': 'clinic', 'name': 'درمانگاه شبانه روزی دندانپزشکی الغدیر', 'opening_hours': '24/7'}"
108,node,4770847427,35.687098,51.3695335,"{'addr:street': 'امام خمینی', 'amenity': 'bank', 'name': 'بانک مسکن', 'name:en': 'Bank Maskan'}"
109,node,4770847429,35.6874978,51.372618,"{'amenity': 'school', 'name': 'دبستان پسرانه امید انقلاب'}"
110,node,4770900623,35.6951979,51.3696327,"{'amenity': 'bank', 'atm': 'yes', 'brand': 'بانک صادرات', 'brand:en': 'Bank Saderat Iran', 'brand:wikidata': 'Q2882608', 'brand:wikipedia': 'en:Bank Saderat Iran', 'name': 'بانک صادرات', 'name:en': 'Bank Saderat Iran'}"
111,node,4772240693,35.6915427,51.3762074,"{'addr:street': 'رودکی جنوبی', 'amenity': 'bank', 'atm': 'yes', 'brand': 'بانک کشاورزی', 'brand:en': 'Bank Keshavarzi Iran', 'brand:wikidata': 'Q6395007', 'brand:wikipedia': 'en:Bank Keshavarzi Iran', 'name': 'بانک کشاورزی', 'name:en': 'Bank Keshavarzi Iran'}"
112,node,4777258625,35.6898517,51.3700425,"{'amenity': 'atm', 'brand': 'بانک سینا', 'brand:en': 'Sina Bank', 'brand:wikidata': 'Q10860246', 'name:en': 'Sina Bank', 'operator': 'بانک سینا', 'operator:wikidata': 'Q10860246'}"
113,node,4777258628,35.6889848,51.370405,"{'amenity': 'bank', 'atm': 'yes', 'brand': 'بانک ملی', 'brand:en': 'Bank Melli Iran', 'brand:wikidata': 'Q806640', 'brand:wikipedia': 'en:Bank Melli Iran', 'name': 'بانک ملی', 'name:en': 'Bank Melli Iran'}"
114,node,4782415647,35.6844615,51.3770247,"{'addr:street': 'رودکی جنوبی', 'amenity': 'pharmacy', 'healthcare': 'pharmacy', 'name': 'داروخانه دکتر طلایی'}"
115,node,4782415648,35.681686,51.3766881,"{'addr:city': 'تهران', 'addr:street': 'کمیل', 'amenity': 'bank', 'atm': 'yes', 'brand': 'بانک صادرات', 'brand:en': 'Bank Saderat Iran', 'brand:fa': 'بانک صادرات', 'brand:wikidata': 'Q2882608', 'brand:wikipedia': 'en:Bank Saderat Iran', 'name': 'بانک صادرات', 'name:en': 'Bank Saderat Iran', 'name:fa': 'بانک صادرات'}"
116,node,4791600133,35.6816874,51.376789,"{'addr:city': 'تهران', 'addr:street': 'کمیل', 'amenity': 'pharmacy', 'healthcare': 'pharmacy', 'name': 'داروخانه دکتر دهپور'}"
117,node,4791600138,35.6775119,51.3727771,"{'amenity': 'pharmacy', 'healthcare': 'pharmacy', 'name': 'داروخانه اعتماد'}"
118,node,4791600151,35.6761883,51.372283,{'amenity': 'toilets'}
119,node,4791600156,35.6736042,51.3781732,"{'addr:city': 'تهران', 'amenity': 'pharmacy', 'healthcare': 'pharmacy', 'name': 'داروخانه دکتر شهراسبی', 'opening_hours': 'Sa-Th 09:00-21:00+'}"
120,node,4792191253,35.685785,51.3707969,"{'addr:city': 'تهران', 'addr:street': 'قصرالدشت', 'amenity': 'pharmacy', 'dispensing': 'yes', 'healthcare': 'pharmacy', 'name': 'داروخانه دکتر قهرمانی'}"
121,node,4792191256,35.6870683,51.3630689,"{'addr:street': 'امام خمینی', 'amenity': 'pharmacy', 'drive_through': 'no', 'healthcare': 'pharmacy', 'name': 'داروخانه دکتر طهوری', 'phone': '+98 21 6619 0015'}"
122,node,4795520573,35.6950925,51.3784941,"{'amenity': 'taxi', 'name': 'مترو نواب - قصرالدشت'}"
123,node,4795520574,35.6951438,51.3784923,"{'amenity': 'taxi', 'name': 'مترو نواب - بریانک'}"
124,node,4795520575,35.6944251,51.3785475,"{'amenity': 'taxi', 'name': 'مترو نواب - پایانه سروری'}"
125,node,4814007090,35.6885949,51.3734118,"{'addr:street': 'خوش جنوبی', 'amenity': 'pharmacy', 'healthcare': 'pharmacy', 'name': 'داروخانه زمان'}"
126,node,4814017068,35.6899935,51.3702654,"{'amenity': 'pharmacy', 'healthcare': 'pharmacy', 'name': 'داروخانه دکتر ازیتا حسینی زارع'}"
127,node,4818336861,35.697527,51.366328,"{'amenity': 'car_wash', 'name': 'کارواش کارون'}"
128,node,4818342164,35.6937594,51.3666091,"{'addr:street': 'کارون', 'amenity': 'drinking_water'}"
129,node,4818342165,35.6932366,51.3666332,"{'amenity': 'atm', 'check_date': '2023-06-07', 'operator': 'بانک دی'}"
130,node,4829003104,35.6773797,51.3523373,"{'amenity': 'place_of_worship', 'building': 'mosque', 'denomination': 'shia', 'name': 'مسجد صاحب الزمان', 'religion': 'muslim'}"
131,node,4831055216,35.6890767,51.35269,"{'amenity': 'place_of_worship', 'name': 'مسجد حضرت علی اکبر', 'religion': 'muslim'}"
132,node,4835481122,35.6809969,51.3803892,"{'amenity': 'bus_station', 'bus': 'yes', 'name': 'کمیل، جنوب به شمال - سامانه ۴ تندرو', 'name:en': 'Komeyl, South To North - BRT 4', 'public_transport': 'station'}"
133,node,4838750154,35.6918629,51.3700485,"{'addr:street': 'قصرالدشت', 'amenity': 'clinic', 'healthcare': 'clinic', 'name': 'گروه پزشکی تخصصی غرب', 'phone': '+98 21 6689 7681'}"
134,node,4838750155,35.6911696,51.3699289,"{'amenity': 'bank', 'atm': 'yes', 'brand': 'بانک مسکن', 'brand:en': 'Bank Maskan', 'brand:wikidata': 'Q4855942', 'brand:wikipedia': 'en:Bank Maskan', 'name': 'بانک مسکن', 'name:en': 'Bank Maskan'}"
135,node,4936586426,35.6888846,51.375417,{'amenity': 'bank'}
136,node,4995522522,35.6953853,51.3723742,{'amenity': 'bench'}
137,node,5012881923,35.6891864,51.3542178,"{'amenity': 'disused', 'branch': 'هاشمی', 'brand': 'بانک مهر اقتصاد', 'brand:wikidata': 'Q5942921', 'brand:wikipedia': 'fa:بانک مهر اقتصاد', 'disused:amenity': 'bank', 'name': 'بانک مهر اقتصاد', 'name:en': 'Mehr Eqtesad Bank'}"
138,node,5045071121,35.7000583,51.3656094,"{'amenity': 'bank', 'branch': 'آذربایجان', 'brand': 'بانک سپه', 'brand:en': 'Bank Sepah', 'brand:wikidata': 'Q2882624', 'brand:wikipedia': 'en:Bank Sepah', 'name': 'بانک سپه', 'name:en': 'Bank Sepah'}"
139,node,5074690022,35.6994239,51.3574606,"{'addr:street': 'میمنت', 'amenity': 'fire_station', 'name': 'مرکز آتش نشانی (سرپرستی غرب تهران)', 'opening_hours': '24/7'}"
140,node,5129942922,35.70006,51.3636306,"{'amenity': 'bank', 'atm': 'yes', 'brand': 'بانک صادرات', 'brand:en': 'Bank Saderat Iran', 'brand:fa': 'بانک صادرات', 'brand:wikidata': 'Q2882608', 'name': 'بانک صادرات', 'name:en': 'Bank Saderat Iran', 'name:fa': 'بانک صادرات'}"
141,node,5129943022,35.7000633,51.3638092,"{'amenity': 'bank', 'branch': 'آزادی', 'name': 'بانک رسالت'}"
142,node,5129943121,35.7000839,51.3643028,"{'amenity': 'pharmacy', 'healthcare': 'pharmacy', 'name': 'داروخانه دکتر کوشا', 'name:en': 'Dr.Kousha Pharmacy'}"
143,node,5129943122,35.7000976,51.3646858,"{'amenity': 'dentist', 'healthcare': 'dentist', 'name': 'درمانگاه دندانپزشکی مهر پارسه'}"
144,node,5281553794,35.688636,51.3531813,"{'addr:city': 'تهران', 'addr:street': 'هاشمی', 'amenity': 'library', 'name': 'کتابخانه امیر کاشانی'}"
145,node,5281558541,35.6886699,51.3547404,"{'addr:city': 'تهران', 'addr:street': 'هاشمی', 'amenity': 'culture_center', 'name': 'فرهنگسرای کار و تعاون'}"
146,node,5311635141,35.6996346,51.3667336,"{'amenity': 'library', 'name': 'کتابخانه امام حسین'}"
147,node,5328619322,35.7002814,51.3690789,"{'addr:street': 'خیابان آزادی', 'amenity': 'bank', 'atm': 'yes', 'brand': 'بانک کارآفرین', 'brand:en': 'Karafarin Bank', 'brand:wikidata': 'Q6367875', 'name': 'بانک کارآفرین', 'name:en': 'Karafarin Bank'}"
148,node,5411683085,35.6975429,51.3785845,"{'amenity': 'ice_cream', 'name': 'بستنی بابا رحیم'}"
149,node,5486275933,35.6973176,51.3752678,"{'amenity': 'dentist', 'healthcare': 'dentist', 'name': 'دندانپزشکی اندیشه', 'phone': '+98 21 6690 5393'}"
150,node,5593962428,35.6978447,51.3785634,"{'addr:street': 'ارومیه', 'amenity': 'cafe', 'name': 'کافه دیوان', 'name:en': 'Divan cafe'}"
151,node,5607703821,35.6683928,51.3564521,"{'amenity': 'atm', 'operator': 'g'}"
152,node,5607703822,35.6677722,51.356962,{'amenity': 'atm'}
153,node,5607703921,35.6684552,51.3567348,{'amenity': 'atm'}
154,node,5608364633,35.6898692,51.3638674,"{'addr:street': 'جیحون', 'amenity': 'bank', 'brand': 'بانک سپه', 'brand:en': 'Bank Sepah', 'brand:wikidata': 'Q2882624', 'name': 'بانک سپه', 'name:en': 'Bank Sepah'}"
155,node,5615287324,35.684892,51.3804871,"{'amenity': 'fast_food', 'name': 'فست فود'}"
156,node,5839279058,35.6751209,51.3807317,"{'addr:street': 'نواب صفوی', 'amenity': 'pharmacy', 'dispensing': 'yes', 'healthcare': 'pharmacy', 'name': 'داروخانه شبانه\u200cروزی قیومی', 'opening_hours': '24/7'}"
157,node,5840513563,35.6699572,51.3629624,"{'amenity': 'bank', 'brand': 'بانک مسکن', 'brand:en': 'Bank Maskan', 'brand:wikidata': 'Q4855942', 'brand:wikipedia': 'en:Bank Maskan', 'name': 'بانک مسکن', 'name:en': 'Bank Maskan'}"
158,node,6010138192,35.6978371,51.3786303,"{'addr:street': 'ارومیه', 'amenity': 'restaurant', 'name': 'غذای خانگی یاس', 'name:en': 'Yas catering', 'opening_hours': 'Mo-Su 11:30-20:00', 'phone': '+98 21 6642 8169'}"
159,node,6022961585,35.680895,51.366553,"{'amenity': 'bank', 'brand': 'بانک ملی', 'brand:en': 'Bank Melli Iran', 'brand:wikidata': 'Q806640', 'brand:wikipedia': 'en:Bank Melli Iran', 'name': 'بانک ملی', 'name:en': 'Bank Melli Iran'}"
160,node,6022961785,35.6819784,51.3646877,"{'amenity': 'fire_station', 'name': 'ایستگاه ۸۵ آتش نشانی'}"
161,node,6023153779,35.6817041,51.3796237,"{'amenity': 'place_of_worship', 'name': 'مسجد محمد رسول الله', 'religion': 'muslim'}"
162,node,6034444589,35.6707401,51.3524232,{'amenity': 'police'}
163,node,6034475286,35.6696115,51.3564475,"{'amenity': 'bank', 'brand': 'بانک صادرات', 'brand:en': 'Bank Saderat Iran', 'brand:fa': 'بانک صادرات', 'brand:wikidata': 'Q2882608', 'brand:wikipedia': 'en:Bank Saderat Iran', 'name': 'بانک صادرات', 'name:en': 'Bank Saderat Iran', 'name:fa': 'بانک صادرات'}"
164,node,6034475287,35.670685,51.3535965,"{'amenity': 'bus_station', 'bus': 'yes', 'name': 'پایانه شمشیری', 'public_transport': 'station'}"
165,node,6110411087,35.6940959,51.3779524,"{'amenity': 'cafe', 'name': 'امین'}"
166,node,6110411088,35.6941044,51.377988,{'amenity': 'atm'}
167,node,6110417189,35.6940726,51.3779475,{'amenity': 'atm'}
168,node,6110417285,35.6942634,51.3789154,{'amenity': 'atm'}
169,node,6113515085,35.6924617,51.3613794,{'amenity': 'bench'}
170,node,6139531285,35.6819674,51.3692225,{'amenity': 'atm'}
171,node,6167603486,35.7000917,51.3632311,"{'amenity': 'bank', 'brand': 'بانک رفاه', 'brand:en': 'Refah Bank', 'brand:wikidata': 'Q7307083', 'name': 'بانک رفاه', 'name:en': 'Refah Bank'}"
172,node,6169196818,35.6992684,51.3750748,"{'amenity': 'bank', 'atm': 'yes', 'brand': 'بانک ملی', 'brand:en': 'Bank Melli Iran', 'brand:wikidata': 'Q806640', 'brand:wikipedia': 'en:Bank Melli Iran', 'name': 'بانک ملی', 'name:en': 'Bank Melli Iran'}"
173,node,6388230437,35.6861072,51.3768379,"{'amenity': 'toilets', 'female': 'yes', 'male': 'yes', 'unisex': 'no'}"
174,node,6388642426,35.7005316,51.3605245,"{'amenity': 'bank', 'brand': 'بانک ملی', 'brand:en': 'Bank Melli Iran', 'brand:wikidata': 'Q806640', 'brand:wikipedia': 'en:Bank Melli Iran', 'name': 'بانک ملی', 'name:en': 'Bank Melli Iran', 'source:name': 'map.ir'}"
175,node,6388648168,35.7005619,51.3611963,"{'addr:city': 'تهران', 'addr:housenumber': 'پلاک 497', 'addr:street': 'خیابان آزادی، بین بهبودی و شادمهر', 'amenity': 'bank', 'branch': 'خیابان آزادی شادمهر تهران', 'brand': 'بانک کشاورزی', 'brand:en': 'Bank Keshavarzi Iran', 'brand:wikidata': 'Q6395007', 'brand:wikipedia': 'en:Bank Keshavarzi Iran', 'name': 'بانک کشاورزی', 'name:en': 'Bank Keshavarzi Iran', 'source:name': 'map.ir'}"
176,node,6415965780,35.6951401,51.3666517,"{'amenity': 'restaurant', 'cuisine': 'kebab', 'indoor_seating': 'no', 'name': 'کباب', 'outdoor_seating': 'no', 'takeaway': 'yes'}"
177,node,6415965783,35.6930325,51.366826,"{'amenity': 'restaurant', 'indoor_seating': 'yes', 'outdoor_seating': 'no', 'takeaway': 'yes'}"
178,node,6488007566,35.6672571,51.3698206,"{'amenity': 'bank', 'atm': 'yes', 'brand': 'بانک صادرات', 'brand:en': 'Bank Saderat Iran', 'brand:fa': 'بانک صادرات', 'brand:wikidata': 'Q2882608', 'brand:wikipedia': 'en:Bank Saderat Iran', 'name': 'بانک صادرات', 'name:en': 'Bank Saderat Iran', 'name:fa': 'بانک صادرات'}"
179,node,6794603752,35.6962403,51.3647884,{'amenity': 'drinking_water'}
180,node,6893114585,35.6949531,51.3652578,"{'addr:street': 'طوس', 'amenity': 'place_of_worship', 'name': 'مسجد پیغمبر', 'name:en': 'Peiqambar Mosque', 'religion': 'muslim'}"
181,node,6893114785,35.6948408,51.3634786,"{'amenity': 'bank', 'branch': 'جیحون، کد ۲۳۵', 'brand': 'بانک آینده', 'brand:en': 'Ayandeh Bank', 'brand:wikidata': 'Q5938144', 'brand:wikipedia': 'en:Ayandeh Bank', 'name': 'بانک آینده', 'name:en': 'Ayandeh Bank'}"
182,node,6954307965,35.6933987,51.3699935,"{'amenity': 'pharmacy', 'dispensing': 'yes', 'healthcare': 'pharmacy'}"
183,node,6954307976,35.6953766,51.3695616,{'amenity': 'fast_food'}
184,node,6954307977,35.6971704,51.3693095,"{'amenity': 'fast_food', 'cuisine': 'kebab'}"
185,node,6954307981,35.6981387,51.3691982,"{'amenity': 'fast_food', 'cuisine': 'kebab'}"
186,node,6954307983,35.6981594,51.3695549,{'amenity': 'fast_food'}
187,node,7029360785,35.6904648,51.3761592,"{'amenity': 'police', 'name': 'کیوسک پلیس'}"
188,node,7045271327,35.6946201,51.3792842,"{'amenity': 'bicycle_parking', 'bicycle_parking': 'lockers', 'capacity': '20'}"
189,node,7045280723,35.6930054,51.3811584,"{'amenity': 'bicycle_parking', 'bicycle_parking': 'lockers'}"
190,node,7045280724,35.6942754,51.3789724,"{'amenity': 'cafe', 'brand': 'The Coffee Club', 'brand:wikidata': 'Q7726599', 'brand:wikipedia': 'en:The Coffee Club', 'cuisine': 'coffee_shop', 'name': 'The Coffee Club', 'takeaway': 'yes'}"
191,node,7045291427,35.6935854,51.3814179,"{'amenity': 'restaurant', 'cuisine': 'asian', 'name': 'traditional food', 'opening_hours': '08:00-22:00'}"
192,node,7045301574,35.6932641,51.3814608,"{'amenity': 'restaurant', 'cuisine': 'kebab', 'name': 'کباب پارسه', 'opening_hours': 'Sa-Fr 08:00-22:45', 'phone': '+98 21 6683 2520'}"
193,node,7045346048,35.6878052,51.3810459,"{'amenity': 'atm', 'brand': 'بانک سینا', 'brand:en': 'Sina Bank', 'brand:wikidata': 'Q10860246', 'brand:wikipedia': 'en:Sina Bank', 'name': 'بانک سینا', 'name:en': 'Sina Bank', 'operator': 'بانک سینا', 'operator:wikidata': 'Q10860246', 'operator:wikipedia': 'en:Sina Bank'}"
194,node,7062823694,35.6958928,51.3611873,"{'amenity': 'toilets', 'name': 'دستشویی'}"
195,node,7062823709,35.6998492,51.3568149,"{'amenity': 'police', 'name': 'اجرائیات پلیس راهور تهران'}"
196,node,7062824202,35.6986186,51.3554554,"{'amenity': 'pharmacy', 'healthcare': 'pharmacy', 'name': 'داروخانه شهیدان'}"
197,node,7076875250,35.6677533,51.3740339,"{'amenity': 'pharmacy', 'healthcare': 'pharmacy', 'name': 'داروخانه شریفیان'}"
198,node,7359079686,35.6805365,51.3718001,"{'amenity': 'toilets', 'opening_hours': 'Mo-Su 09:00-21:00'}"
199,node,7590372485,35.6916009,51.3797253,"{'amenity': 'fire_station', 'name': 'ایستگاه آتش نشانی شماره ۵۲'}"
200,node,7760660585,35.6721595,51.3581596,{'amenity': 'atm'}
201,node,7773802454,35.6733566,51.3738271,"{'amenity': 'school', 'name': 'مدرسه احمدی روشن'}"
202,node,7785582715,35.6685308,51.3804132,"{'amenity': 'townhall', 'name': 'شهرداری ناحیه سه منطقه هفده', 'nat_name': 'شهرداری ناحیه 3 منطقه 17'}"
203,node,7787195645,35.6867974,51.3792492,"{'amenity': 'townhall', 'name': 'شهرداری ناحیه یک منطقه شانزده', 'nat_name': 'شهرداری ناحیه 1 منطقه  16'}"
204,node,7831274508,35.6682261,51.3674009,"{'amenity': 'restaurant', 'name': 'تالار ستاره شب'}"
205,node,7831274514,35.6683668,51.3646662,"{'amenity': 'toilets', 'name': 'دستشویی'}"
206,node,7850620712,35.6891728,51.3529039,"{'amenity': 'townhall', 'name': 'شهرداری منطقه نه ناحیه یک', 'nat_name': 'شهرداری منطقه 9 ناحیه 1'}"
207,node,7852846197,35.6716298,51.3546862,"{'addr:street': 'نعمت الله شاه پروری', 'amenity': 'courthouse', 'name': 'دادسرای ناحیه بیست هفت ۲۷ جنایی', 'nat_name': 'دادسرای ناحیه 27'}"
208,node,7853293841,35.671304,51.3545401,"{'addr:street': 'نعمت الله شاه پروری', 'amenity': 'courthouse', 'name': 'دادسرای ناحیه سی چهار', 'nat_name': 'دادسرای ناحیه 34'}"
209,node,7930623185,35.6966809,51.3760637,"{'amenity': 'restaurant', 'name': 'کباب سرا'}"
210,node,7930623285,35.6966864,51.3755203,"{'amenity': 'bank', 'brand': 'بانک صادرات', 'brand:en': 'Bank Saderat Iran', 'brand:fa': 'بانک صادرات', 'brand:wikidata': 'Q2882608', 'name': 'بانک صادرات', 'name:en': 'Bank Saderat Iran', 'name:fa': 'بانک صادرات'}"
211,node,7947517885,35.6966722,51.3758821,"{'addr:street': 'جمهوری اسلامی', 'amenity': 'restaurant', 'name': 'ساندویچ نیم متری ناز'}"
212,node,7949815177,35.699414,51.3783346,"{'amenity': 'bank', 'brand': 'بانک شهر', 'brand:en': 'Shahr Bank', 'brand:fa': 'بانک شهر', 'brand:wikidata': 'Q5941033', 'brand:wikipedia': 'fa:بانک شهر', 'name': 'بانک شهر', 'name:en': 'Shahr Bank', 'name:fa': 'بانک شهر'}"
213,node,8088692606,35.6948289,51.3696304,"{'amenity': 'restaurant', 'contact:instagram': 'https://www.instagram.com/kabab_joje_narenj', 'name': 'شهر کباب و جوجه نارنج', 'name:en': 'Shahr Kebab and Joje Narenj'}"
214,node,8109307561,35.6758188,51.3647562,"{'addr:street': 'لطفی\u200cزاده', 'amenity': 'clinic', 'healthcare': 'clinic', 'healthcare:speciality': 'general;internal;radiology;urology', 'name': 'درمانگاه شبانه روزی به آور ـ فرهاد'}"
215,node,8154535439,35.7001371,51.3664982,"{'amenity': 'pharmacy', 'healthcare': 'pharmacy', 'name': 'داروخانه دکتر عاطفه شریقی', 'opening_hours': '24/7'}"
216,node,8231219652,35.6747231,51.3626365,"{'addr:street': 'سید عابدین نوری', 'amenity': 'pharmacy', 'dispensing': 'yes', 'drive_through': 'no', 'healthcare': 'pharmacy', 'name': 'داروخانه شبانه\u200cروزی فیض\u200cنیا', 'opening_hours': '24/7'}"
217,node,8263160413,35.685765,51.3767789,"{'addr:city': 'تهران', 'addr:street': 'رودکی', 'amenity': 'doctors', 'healthcare': 'doctor', 'healthcare:speciality': 'dermatology', 'name': 'مطب دکتر زهرا قلی زاده'}"
218,node,8317652537,35.6771629,51.3680439,"{'amenity': 'doctors', 'healthcare': 'doctor', 'name': 'دکتر سعید قرایی اردکانی'}"
219,node,8317652538,35.6771439,51.368239,"{'amenity': 'pharmacy', 'dispensing': 'yes', 'healthcare': 'pharmacy', 'name': 'نوش دارو'}"
220,node,8367217783,35.6919478,51.376204,"{'addr:city': 'تهران', 'addr:housenumber': '525', 'addr:street': 'خمسه', 'amenity': 'doctors', 'healthcare': 'doctor', 'name': 'مطب دکتر آزیتا دادگر', 'phone': '+98 21 6687 2862', 'website': 'https://instagram.com/drdadgar'}"
221,node,8369157434,35.688569,51.3567461,"{'amenity': 'school', 'name': 'مدرسه مصطفی خمینی'}"
222,node,8369157443,35.6894725,51.3568881,"{'amenity': 'school', 'name': 'دبستان پسرانه آزادی'}"
223,node,8369157444,35.6889706,51.3567662,"{'amenity': 'school', 'name': 'دبیرستان دخترانه فرهنگ'}"
224,node,8369157451,35.6898089,51.356884,"{'amenity': 'school', 'name': 'دبستان پسرانه ناصریان'}"
225,node,8369157452,35.6903358,51.3571507,"{'amenity': 'school', 'name': 'دبیرستان دخترانه پارساییان'}"
226,node,8369157465,35.6900767,51.3568921,"{'amenity': 'school', 'name': 'دبستان دخترانه حضرت فاطمه'}"
227,node,8369157489,35.6913738,51.3572047,"{'amenity': 'school', 'name': 'دبیرستان دخترانه حضرت معصومه'}"
228,node,8827083572,35.6872624,51.3679093,"{'addr:city': 'تهران', 'addr:street': 'امام خمینی', 'amenity': 'language_school', 'name': 'آموزشگاه زبان افق مهر', 'operator:type': 'public', 'phone': '+98 930 352 0748', 'public': 'yes'}"
229,node,8850187717,35.700413,51.3775725,"{'addr:street': 'کنارگذر آزادی', 'amenity': 'dentist', 'healthcare': 'dentist', 'name': 'تجهیزات دندانپزشکی جم دنتال', 'name:en': 'Jam dental'}"
230,node,8879217131,35.6737133,51.380686,{'amenity': 'drinking_water'}
231,node,8879217137,35.676678,51.3654419,"{'access': 'yes', 'amenity': 'drinking_water', 'bottle': 'yes', 'fee': 'no', 'operator': 'دندانپزشکی لبخند', 'wheelchair': 'yes'}"
232,node,8912261445,35.6974526,51.3596767,{'amenity': 'drinking_water'}
233,node,8912303278,35.6973269,51.3597235,{'amenity': 'toilets'}
234,node,8925141118,35.6904379,51.3760228,"{'amenity': 'fast_food', 'name': 'فست فود سروش'}"
235,node,8987135633,35.7001924,51.3682876,"{'amenity': 'pharmacy', 'healthcare': 'pharmacy', 'name': 'داروخانه شبانه روزی آزادی', 'opening_hours': '24/7'}"
236,node,8995290317,35.7003068,51.3748894,"{'amenity': 'bank', 'atm': 'yes', 'branch': 'رودکی شمالی', 'brand': 'بانک سپه', 'brand:en': 'Bank Sepah', 'brand:wikidata': 'Q2882624', 'brand:wikipedia': 'en:Bank Sepah', 'name': 'بانک سپه', 'name:en': 'Bank Sepah'}"
237,node,8998838161,35.7006143,51.3680109,"{'amenity': 'atm', 'name': 'رفاه'}"
238,node,9012982681,35.6788646,51.3591512,"{'amenity': 'bank', 'brand': 'بانک مسکن', 'brand:en': 'Bank Maskan', 'brand:wikidata': 'Q4855942', 'brand:wikipedia': 'en:Bank Maskan', 'name': 'بانک مسکن', 'name:en': 'Bank Maskan'}"
239,node,9012982682,35.6769922,51.3601198,"{'amenity': 'bank', 'atm': 'yes', 'branch': '۱۶ متری امیری', 'brand': 'بانک ملت', 'brand:en': 'Bank Mellat', 'brand:wikidata': 'Q4855944', 'brand:wikipedia': 'en:Bank Mellat', 'name': 'بانک ملت', 'name:en': 'Bank Mellat'}"
240,node,9012982683,35.6768543,51.3602443,"{'amenity': 'pharmacy', 'healthcare': 'pharmacy', 'name': 'داروخانه جی'}"
241,node,9012982685,35.6791005,51.3608693,"{'amenity': 'driving_school', 'golf': 'driving_range', 'name': 'آموزشگاه رانندگی نصرت'}"
242,node,9012982686,35.6767899,51.3597539,"{'amenity': 'bank', 'atm': 'yes', 'branch': '۱۶ متری امیری', 'brand': 'بانک صادرات', 'brand:en': 'Bank Saderat Iran', 'brand:fa': 'بانک صادرات', 'brand:wikidata': 'Q2882608', 'brand:wikipedia': 'en:Bank Saderat Iran', 'name': 'بانک صادرات', 'name:en': 'Bank Saderat Iran', 'name:fa': 'بانک صادرات'}"
243,node,9012988785,35.6745325,51.3634241,"{'amenity': 'place_of_worship', 'name': 'مسجد امام سجاد', 'religion': 'muslim'}"
244,node,9012988790,35.6717396,51.3580472,"{'amenity': 'pharmacy', 'healthcare': 'pharmacy', 'name': 'داروخانه امیری'}"
245,node,9012988791,35.6710545,51.3574815,"{'addr:street': 'جواد سبحانی - امیری', 'amenity': 'bank', 'atm': 'yes', 'branch': 'خیابان شهید سبحانی', 'brand': 'بانک ملی', 'brand:en': 'Bank Melli Iran', 'brand:wikidata': 'Q806640', 'brand:wikipedia': 'en:Bank Melli Iran', 'name': 'بانک ملی', 'name:en': 'Bank Melli Iran', 'ref': '1064'}"
246,node,9012988793,35.6703204,51.3575697,"{'amenity': 'place_of_worship', 'name': 'مسجد حضرت زهرا', 'religion': 'muslim'}"
247,node,9012988794,35.6739181,51.3671661,{'amenity': 'atm'}
248,node,9013014547,35.6786371,51.3565923,"{'amenity': 'bank', 'brand': 'بانک صادرات', 'brand:en': 'Bank Saderat Iran', 'brand:fa': 'بانک صادرات', 'brand:wikidata': 'Q2882608', 'brand:wikipedia': 'en:Bank Saderat Iran', 'name': 'بانک صادرات', 'name:en': 'Bank Saderat Iran', 'name:fa': 'بانک صادرات'}"
249,node,9013014548,35.6786798,51.3577319,"{'amenity': 'pharmacy', 'healthcare': 'pharmacy', 'name': 'داروخانه آراسته'}"
250,node,9013014549,35.6826779,51.3611738,"{'amenity': 'place_of_worship', 'name': 'حسینیه قمر بنی هاشم', 'religion': 'muslim'}"
251,node,9013014550,35.678556,51.3555829,"{'amenity': 'bank', 'brand': 'بانک ملی', 'brand:en': 'Bank Melli Iran', 'brand:wikidata': 'Q806640', 'brand:wikipedia': 'en:Bank Melli Iran', 'name': 'بانک ملی', 'name:en': 'Bank Melli Iran'}"
252,node,9013014551,35.6826759,51.361373,"{'amenity': 'clinic', 'healthcare': 'clinic', 'name': 'پایگاه سلامت شهری شماره یک - قمربنی هاشم'}"
253,node,9013167683,35.7002131,51.375257,"{'access': 'permissive', 'amenity': 'clinic', 'name': 'مرکز بهداشتی درمانی راهور'}"
254,node,9027639968,35.7002408,51.3680744,"{'addr:housenumber': '296', 'amenity': 'clinic', 'healthcare': 'clinic', 'name': 'پلی کلینیک ۲۲ بهمن', 'operator': 'سازمان تامین اجتماعی'}"
255,node,9167489272,35.6670676,51.3580856,"{'addr:city': 'شهر تهران', 'addr:housenumber': '82', 'addr:street': 'بهروز صبوری', 'amenity': 'post_office', 'branch': 'آذری', 'brand': 'تیپاکس', 'email': 'azari@tipax.ir', 'name': 'تیپاکس', 'phone': '+982155707400', 'website': 'https://tipaxco.com/branches/azari'}"
256,node,9176723917,35.6869307,51.3671627,"{'amenity': 'ice_cream', 'name': 'آبمیوه بستنی لب کارون', 'name:en': 'Lab karoon ice cream'}"
257,node,9207128831,35.7005844,51.3651528,"{'amenity': 'bank', 'atm': 'yes', 'brand': 'بانک پاسارگاد', 'brand:en': 'Bank Pasargad', 'brand:wikidata': 'Q4855962', 'brand:wikipedia': 'en:Bank Pasargad', 'name': 'بانک پاسارگاد', 'name:en': 'Bank Pasargad'}"
258,node,9263000919,35.6969538,51.3693035,"{'amenity': 'restaurant', 'cuisine': 'kebab', 'name': 'کبابی حاج محمد', 'name:en': 'Haj Mohammad Kebab', 'opening_hours': 'Mo-Su 05:30-23:00'}"
259,node,9317485706,35.6999412,51.3649935,"{'addr:city': 'شهر تهران', 'amenity': 'restaurant', 'brand': 'shila', 'cuisine': 'pizza;burger;hot_dog;sandwich', 'delivery': 'yes', 'diet:halal': 'yes', 'name': 'فست فود شیلا', 'name:en': 'shila', 'opening_hours': 'Mo-Su 11:00-23:30', 'phone': '+98 21 6600 0475', 'website': 'https://order.shilafood.net/'}"
260,node,9348879318,35.6798332,51.3761408,{'amenity': 'toilets'}
261,node,9348879321,35.6809124,51.3765254,"{'amenity': 'restaurant', 'name': 'باغ تالار گلستان'}"
262,node,9348879329,35.677965,51.3760813,"{'amenity': 'place_of_worship', 'name': 'مسجد رحمانی', 'religion': 'muslim'}"
263,node,9348879333,35.6791604,51.3763642,"{'amenity': 'pharmacy', 'healthcare': 'pharmacy'}"
264,node,9348879334,35.6788533,51.3769972,"{'amenity': 'place_of_worship', 'name': 'مسجد زینبیه', 'religion': 'muslim'}"
265,node,9411869202,35.6989611,51.3712856,"{'amenity': 'school', 'name': 'دبيرستان دخترانه غيردولتی قوی فکر'}"
266,node,9411869208,35.6988491,51.3675521,{'amenity': 'fuel'}
267,node,9413870813,35.6700966,51.3727591,"{'amenity': 'clinic', 'healthcare': 'clinic', 'name': 'درمانگاه شهرداری منطقه ۱۰'}"
268,node,9413925322,35.6856086,51.3771722,"{'amenity': 'school', 'name': 'دبیرستان دخترانه ریحانه'}"
269,node,9413945326,35.6944922,51.3604789,"{'amenity': 'school', 'name': 'دبستان فرهادی'}"
270,node,9413945335,35.6686134,51.366242,"{'amenity': 'school', 'name': 'دبستان کمیل'}"
271,node,9413945345,35.6688593,51.3677064,"{'amenity': 'school', 'name': 'مدرسه استاد مطهری'}"
272,node,9533216083,35.6788967,51.3605591,"{'amenity': 'doctors', 'contact:email': 'dr.atefe.nazari@gmail.com', 'description': 'جراح و متخصص زنان، زایمان و نازایی', 'healthcare': 'doctor', 'healthcare:speciality': 'gynaecology;women;fertility', 'opening_hours': 'Sa-Th 16:00-21:00', 'operator': 'دکتر عاطفه الهویی نظری', 'phone': '+982166287686', 'source': 'note 2527225'}"
273,node,9895800807,35.7006467,51.3685893,"{'amenity': 'restaurant', 'name': 'سالن چلوکبابی خیام'}"
274,node,9895800808,35.7006568,51.3686127,"{'amenity': 'language_school', 'name': 'آموزشگاه زبان شکوه'}"
275,node,9895808934,35.7006613,51.3654209,"{'amenity': 'clinic', 'healthcare': 'clinic', 'healthcare:speciality': 'dentist', 'name': 'کلینیک دندانپزشکی شادمان'}"
276,node,9950124245,35.6995337,51.37837,"{'amenity': 'bank', 'branch': 'نواب', 'brand': 'بانک رفاه', 'brand:en': 'Refah Bank', 'brand:wikidata': 'Q7307083', 'name': 'بانک رفاه', 'name:en': 'Refah Bank'}"
277,node,10046700973,35.6830083,51.3545331,{'amenity': 'toilets'}
278,node,10133005569,35.7003692,51.3528207,"{'amenity': 'university', 'barrier': 'gate', 'name': 'درب آزادی دانشگاه شریف'}"
279,node,10201155359,35.694583,51.3792013,"{'amenity': 'clinic', 'healthcare': 'psychotherapist', 'name': 'مرکز روان شناسی و مشاوره رضوان'}"
280,node,10257833458,35.6885187,51.3531534,{'amenity': 'library'}
281,node,10264180341,35.6674725,51.3583591,{'amenity': 'toilets'}
282,node,10578327484,35.686821,51.3735641,"{'amenity': 'place_of_worship', 'name': 'مسجد حاج امجد', 'religion': 'muslim'}"
283,node,10578342660,35.6807084,51.3648573,"{'amenity': 'pharmacy', 'healthcare': 'pharmacy'}"
284,node,10732419480,35.6998901,51.3558431,"{'amenity': 'veterinary', 'name': 'کلینیک دامپزشکی راد'}"
285,node,10739270060,35.7004593,51.3796335,"{'amenity': 'bank', 'name': 'بانک تجارت'}"
286,node,10739284126,35.7002637,51.3689579,"{'amenity': 'bank', 'brand': 'بانک دی', 'brand:en': 'Bank Day', 'brand:fa': 'بانک دی', 'brand:wikidata': 'Q5942230', 'name': 'بانک دی', 'name:en': 'Bank Day', 'name:fa': 'بانک دی'}"
287,node,10769306172,35.6906035,51.3699018,"{'amenity': 'place_of_worship', 'name': 'مسجد رضویه', 'religion': 'muslim'}"
288,node,10815699521,35.6758539,51.359656,"{'amenity': 'restaurant', 'name': 'طباخی داود'}"
289,node,10815705991,35.6742132,51.3591912,"{'amenity': 'school', 'male': 'yes', 'name': 'پیش\u200cدبستانی و دبستان پسرانه خورشید ولایت'}"
290,node,10815723980,35.6737256,51.3585042,"{'amenity': 'school', 'female': 'yes', 'name': 'دبستان دخترانه شهید صیاد شیرازی'}"
291,node,10815724613,35.676051,51.3597575,"{'amenity': 'bank', 'atm': 'yes', 'branch': '۱۶ متری امیری', 'brand': 'بانک سپه', 'brand:en': 'Bank Sepah', 'brand:wikidata': 'Q2882624', 'name': 'بانک سپه', 'name:en': 'Bank Sepah', 'ref': '1260'}"
292,node,10815765559,35.6695069,51.3553493,{'amenity': 'telephone'}
293,node,10815777397,35.667145,51.356003,"{'amenity': 'pharmacy', 'healthcare': 'pharmacy', 'name': 'داروخانه مرکزی اقبال'}"
294,node,10852956586,35.6689545,51.3773548,"{'amenity': 'library', 'name': 'کتابخانه عمومی باقرالعلوم'}"
295,node,10852970717,35.6695416,51.3786872,"{'amenity': 'bank', 'atm': 'yes', 'brand': 'بانک ملی', 'brand:en': 'Bank Melli Iran', 'brand:wikidata': 'Q806640', 'name': 'بانک ملی', 'name:en': 'Bank Melli Iran'}"
296,node,10852977346,35.6686688,51.3763038,{'amenity': 'telephone'}
297,node,10869239680,35.6717511,51.3581134,"{'amenity': 'clinic', 'healthcare': 'clinic', 'name': 'درمانگاه شبانه\u200cروزی امیری', 'opening_hours': '24/7'}"
298,node,10870048263,35.6840781,51.3697904,"{'amenity': 'pharmacy', 'email': 'savenazzare@gmail.com', 'name': 'داروخانه فرهام', 'opening_hours': 'Sa-Th 09:00-21:20', 'phone': '+982166899881', 'source': 'Note 3037023', 'website': 'https://farham-d.ir/'}"
299,node,10870055396,35.6869562,51.3673852,"{'amenity': 'pharmacy', 'name': 'داروخانه دکتر جسور', 'phone': '+982166836149', 'source': 'Note 2693969'}"
300,node,10870057344,35.6787915,51.3745333,"{'amenity': 'pharmacy', 'healthcare': 'pharmacy', 'name': 'داروخانه دکتر نیلوفر حدادی', 'opening_hours': 'Sa-Th 09:00-21:00', 'phone': '+982155714443', 'source': 'Note 2738901'}"
301,node,10914339916,35.6998401,51.3651271,"{'amenity': 'pharmacy', 'healthcare': 'pharmacy'}"
302,node,10914348216,35.700104,51.3647117,"{'amenity': 'pharmacy', 'healthcare': 'pharmacy'}"
303,node,10963084493,35.6812812,51.3812921,"{'access': 'yes', 'addr:street': 'کمیل', 'amenity': 'library', 'name': 'کتابخانه آفتاب', 'name:en': 'Aftab Library', 'opening_hours': 'Sa-We 08:00-19:45; Th 08:00-18:00; Fr 09:00-16:00'}"
304,node,10974275118,35.6757683,51.3726674,"{'amenity': 'atm', 'not:brand:wikidata': 'Q4117676', 'operator': 'بانک سامان'}"
305,node,10974334498,35.6758302,51.3726805,"{'amenity': 'fast_food', 'name': 'فلافل لبنانی هفت چنار'}"
306,node,10976494327,35.6752895,51.3726445,"{'amenity': 'fast_food', 'name': 'فلافل هفت چنار'}"
307,node,10983798395,35.6809447,51.3671816,"{'addr:street': 'کمیل', 'amenity': 'bank', 'atm': 'yes', 'branch': 'شعبه کمیل - کارون', 'brand': 'بانک رفاه', 'brand:en': 'Refah Bank', 'brand:wikidata': 'Q7307083', 'drive_through': 'no', 'name': 'بانک رفاه', 'name:en': 'Refah Bank'}"
308,node,10983798396,35.6848819,51.3669639,"{'addr:street': 'کارون', 'amenity': 'school', 'name': 'دبیرستان پسرانه شهدای هفتم تیر'}"
309,node,10984628189,35.6812394,51.3704218,"{'amenity': 'rescue_station', 'emergency': 'yes', 'name': 'امداد گاز منطقه ۳ تهران'}"
310,node,10984628194,35.6813452,51.3721555,"{'addr:street': 'کمیل', 'amenity': 'language_school', 'name': 'آموزشگاه زبان کیش'}"
311,node,10988988821,35.6802537,51.3612463,"{'addr:street': 'تقاطع سبحانی و کمیل', 'amenity': 'recycling', 'building': 'kiosk', 'name': 'غرفه بازیافت سبحانی', 'recycling_type': 'centre'}"
312,node,10988988823,35.673705,51.3802817,"{'amenity': 'pharmacy', 'healthcare': 'pharmacy'}"
313,node,10988988824,35.6872814,51.367446,"{'amenity': 'clinic', 'healthcare': 'medical_imaging', 'healthcare:speciality': 'radiology', 'name': 'مرکز تصویربرداری دیجیتال تهران', 'phone': '+9866364636'}"
314,node,11003348990,35.678947,51.3605451,"{'addr:street': 'علی بختیاری (سی متری جی)', 'amenity': 'fast_food', 'cuisine': 'kebab', 'name': 'جگرکی کلبه شقایق'}"
315,node,11005773184,35.6805425,51.3646751,"{'amenity': 'atm', 'brand': 'بانک صادرات', 'brand:en': 'Bank Saderat Iran', 'brand:fa': 'بانک صادرات', 'brand:wikidata': 'Q2882608', 'name:en': 'Bank Saderat Iran', 'name:fa': 'بانک صادرات', 'operator': 'بانک صادرات', 'operator:wikidata': 'Q2882608'}"
316,node,11006948114,35.6997239,51.3657559,"{'addr:housenumber': '۱۰۳۲', 'amenity': 'doctors', 'building': 'apartment', 'name': 'ساختمان پزشکان ۱۰۳۲'}"
317,node,11008001117,35.6771663,51.3694599,"{'amenity': 'food_court', 'name': 'کباب\u200cسرای حاج احمد و پسران'}"
318,node,11012645096,35.6694491,51.3778382,"{'amenity': 'fast_food', 'name': 'پیتزا ساندویچ تیسفون'}"
319,node,11016416735,35.675819,51.3592603,"{'addr:street': 'سبحانی', 'amenity': 'internet_cafe', 'description': 'طبقه بالای سینما جی', 'level': '2', 'name': 'کافی\u200cنت جی', 'phone': '+982165810905', 'shop': 'copyshop'}"
320,node,11018086852,35.6810414,51.3644728,"{'amenity': 'fast_food', 'name': 'پیتزا رز'}"
321,node,11018094595,35.6929304,51.363554,"{'amenity': 'pharmacy', 'phone': '+982166017722'}"
322,node,11026093064,35.6738564,51.3740386,"{'amenity': 'pharmacy', 'healthcare': 'pharmacy'}"
323,node,11048846692,35.6939038,51.3667081,"{'amenity': 'recycling', 'building': 'kiosk'}"
324,node,11048866281,35.6858268,51.3671988,{'amenity': 'bench'}
325,node,11048905083,35.6857111,51.3672013,{'amenity': 'bench'}
326,node,11048910197,35.6745988,51.3731407,"{'amenity': 'fast_food', 'name': 'سام فود', 'phone': '+982155735108;+982155734246'}"
327,node,11048915715,35.6921223,51.3668388,"{'amenity': 'fast_food', 'name': 'پیتزا و ساندویچ شونیز'}"
328,node,11048926673,35.7001046,51.3639987,{'amenity': 'ice_cream'}
329,node,11048928933,35.6839934,51.3670744,"{'amenity': 'school', 'name': 'دبستان دخترانه ستایش نوین'}"
330,node,11093649632,35.697619,51.3751855,"{'addr:city': 'شهر تهران', 'addr:housenumber': '794', 'addr:postcode': '1345685941', 'addr:street': 'رودکی', 'amenity': 'dentist', 'healthcare': 'dentist', 'healthcare:speciality': 'dentist;دکتر_احسان_نصر_اصفهانی', 'name': 'دندانپزشکی دکتر احسان نصر اصفهانی', 'opening_hours': '09:00-21:00', 'operator': 'دکتر احسان نصر اصفهانی'}"
331,node,11104232341,35.6846024,51.3768429,"{'amenity': 'fast_food', 'name': 'هات کیلویی (رودکی)', 'public': 'yes'}"
332,node,11119119209,35.6791135,51.3608476,"{'amenity': 'pharmacy', 'name': 'داروخانه دکتر خواجه امیری'}"
333,node,11150234600,35.6948431,51.3782592,"{'addr:city': 'تهران', 'addr:housenumber': '5198', 'addr:postcode': '1346954816', 'addr:street': 'آذربایجان', 'amenity': 'internet_cafe', 'internet_access': 'wlan', 'internet_access:fee': 'customers', 'mobile': '09018838647', 'name': 'کافی نت نامبروان'}"
334,node,11197561226,35.676025,51.3547189,{'amenity': 'pharmacy'}
335,node,11204959971,35.6864936,51.3586036,"{'amenity': 'ice_cream', 'name': 'بستنی نعمت جیحون'}"
336,node,11252792918,35.6965674,51.3814914,"{'amenity': 'bank', 'brand': 'بانک سپه', 'brand:en': 'Bank Sepah', 'brand:wikidata': 'Q2882624', 'name': 'بانک سپه', 'name:en': 'Bank Sepah'}"
337,node,11257377265,35.6813101,51.37138,"{'amenity': 'clinic', 'name': 'درمانگاه شبانه\u200cروزی آیین شمس'}"
338,node,11285499339,35.6999575,51.3648015,"{'amenity': 'clinic', 'name': 'فیزیوتراپی جاوید'}"
339,node,11343336183,35.6846731,51.3768168,"{'amenity': 'fast_food', 'name': 'هات کیلویی (رودکی)', 'public': 'yes'}"
340,node,11416692959,35.6879591,51.377031,"{'amenity': 'clinic', 'healthcare': 'clinic', 'healthcare:speciality': 'dentist', 'name': 'کلینیک دندان پزشکی فروردین'}"
341,node,11465887231,35.6932891,51.3691277,"{'addr:city': 'شهر تهران', 'addr:housenumber': '311', 'addr:street': 'دامپزشکی', 'amenity': 'childcare', 'name': 'موسسه خلاقیت و استعداد یابی اکرمیه', 'opening_hours': 'Sa-We 07:00-17:00', 'operator': 'خانم اکرمیه', 'operator:type': 'public', 'payment:cash': 'yes', 'payment:debit_cards': 'yes', 'phone': '+982166152437'}"
342,node,11493388369,35.6815409,51.3783877,{'amenity': 'fuel'}
343,node,11521265639,35.6834904,51.356325,"{'addr:city': 'شهر تهران', 'addr:street': 'مالک اشتر', 'amenity': 'restaurant', 'name': 'جگرسرای لقمه لذیذ', 'opening_hours': '09:00-24:00', 'phone': '۰۹۱۲۴۶۷۶۴۵۶'}"
344,node,11533420668,35.6972763,51.3752254,"{'amenity': 'clinic', 'healthcare': 'clinic', 'name': 'ساختمان پزشکان اندیشه'}"
345,node,11534781933,35.6702217,51.3751906,"{'addr:city': 'تهران', 'addr:street': 'خیابان قزوین', 'amenity': 'place_of_worship', 'denomination': 'shia', 'name': 'امامزاده معصوم', 'religion': 'muslim', 'wikipedia': 'fa:امامزاده معصوم'}"
346,node,11584686476,35.6702165,51.354982,"{'amenity': 'clinic', 'name': 'درمانگاه منطقه ۱۰ شهرداری تهران'}"
347,node,11591171836,35.6874939,51.3712482,"{'addr:city': 'تهران', 'addr:housenumber': '645', 'addr:street': 'امام خمینی', 'amenity': 'clinic', 'healthcare': 'clinic', 'healthcare:speciality': 'dermatology', 'name': 'کلینیک پوست مو و لیزر نسیم مرکز'}"
348,node,11613603627,35.689124,51.3528947,{'amenity': 'pharmacy'}
