amenity,count
arts_centre,1
atm,41
bank,78
bench,4
bicycle_parking,1
bicycle_rental,2
bus_station,23
cafe,9
car_wash,11
cinema,2
clinic,19
college,1
community_centre,1
courthouse,4
culture_center,1
dentist,4
doctors,5
drinking_water,6
driving_school,2
events_venue,5
fast_food,21
fire_station,1
fuel,8
ice_cream,13
internet_cafe,2
kindergarten,1
language_school,2
library,4
marketplace,3
motorcycle_parking,1
music_school,1
parking,15
parking_entrance,5
payment_terminal,2
pharmacy,35
place_of_worship,44
police,15
post_box,2
recycling,2
restaurant,39
school,44
taxi,11
telephone,12
theatre,2
toilets,25
townhall,2
university,1
vending_machine,4
waste_basket,1
