amenity,count
atm,20
bank,94
bench,4
bicycle_parking,2
bicycle_repair_station,1
bus_station,4
cafe,3
car_wash,2
childcare,1
clinic,21
courthouse,2
culture_center,1
dentist,6
disused,1
doctors,6
drinking_water,5
driving_school,2
fast_food,18
fire_station,3
food_court,1
fuel,3
ice_cream,4
internet_cafe,2
language_school,3
library,5
parking,3
pharmacy,48
place_of_worship,14
police,3
post_office,1
recycling,2
rescue_station,1
restaurant,17
school,22
shelter,1
taxi,4
telephone,2
toilets,12
townhall,3
university,1
veterinary,1
