amenity,count
atm,62
bank,174
bar,3
bench,16
bicycle_parking,1
bicycle_rental,4
bureau_de_change,3
bus_station,13
cafe,59
car_rental,4
car_wash,17
charging_station,1
cinema,3
clinic,57
clock,1
college,4
community_centre,6
courthouse,7
coworking_space,1
dentist,14
disused,1
doctors,39
drinking_water,9
driving_school,3
events_venue,7
fast_food,75
fire_station,2
food_court,1
fountain,2
fuel,3
ice_cream,12
language_school,14
library,2
marketplace,7
music_school,5
nursing_home,3
parking,11
parking_entrance,6
pharmacy,99
place_of_worship,42
police,17
post_box,1
post_office,4
pub,1
public_bath,1
recycling,5
restaurant,128
school,76
shelter,2
social_facility,1
studio,2
taxi,24
telephone,13
theatre,2
toilets,53
townhall,4
training,1
university,1
vehicle_inspection,1
veterinary,5
waste_basket,5
waste_disposal,1
