amenity,count
arts_centre,3
atm,243
bank,346
beauty clinic,1
bench,8
bicycle_rental,1
bureau_de_change,18
bus_station,7
cafe,126
car_rental,2
car_wash,13
childcare,1
cinema,7
clinic,88
college,7
community_centre,9
construction,1
courthouse,4
dentist,51
disused,4
doctors,81
dormitory,1
drinking_water,39
driving_school,2
events_venue,9
fast_food,133
fire_station,4
food_court,2
fountain,3
fuel,8
hospital,3
ice_cream,20
internet_cafe,3
kindergarten,6
language_school,13
library,8
money_transfer,1
motorcycle_parking,5
music_school,5
no,19
parking,27
parking_entrance,19
payment_terminal,1
pharmacy,164
place_of_worship,59
police,20
post_box,2
post_depot,1
post_office,5
recycling,1
research_institute,10
restaurant,235
school,56
shelter,17
studio,5
taxi,23
telephone,19
theatre,2
toilets,71
townhall,13
training,2
university,4
vending_machine,3
veterinary,17
waste_basket,3
waste_disposal,3
کلینیک_زیبایی,1
