amenity,count
arts_centre,3
atm,40
bank,237
bench,12
bicycle_rental,1
bicycle_repair_station,1
bureau_de_change,6
bus_station,3
cafe,71
car_rental,5
car_wash,6
cinema,4
clinic,34
college,4
community_centre,2
courthouse,9
dentist,12
disused,2
doctors,21
drinking_water,7
driving_school,2
events_venue,2
fast_food,45
fire_station,7
fountain,3
fuel,3
health_care,1
ice_cream,8
internet_cafe,3
kindergarten,3
language_school,5
library,2
money_transfer,1
motorcycle_parking,2
music_school,6
parking,9
parking_entrance,2
parking_space,1
pharmacy,72
place_of_worship,53
police,8
post_box,4
post_office,7
research_institute,3
restaurant,68
school,48
shelter,1
social_facility,1
studio,5
taxi,23
telephone,6
theatre,2
toilets,29
townhall,5
university,5
vending_machine,1
veterinary,2
