,type,id,lat,lon,tags
0,node,286499684,36.2880721,59.5581399,"{'amenity': 'fuel', 'name': 'پمپ بنزین میدان تلویزیون'}"
1,node,344462509,36.2906552,59.5854877,"{'addr:street': 'خیابان کوهسنگی', 'amenity': 'cinema', 'name': 'سینما آفریقا', 'name:en': 'Cinema Africa', 'wikidata': 'Q25433183'}"
2,node,425564678,36.2851088,59.579301,{'amenity': 'telephone'}
3,node,475074072,36.2957716,59.5732712,"{'amenity': 'cafe', 'name': 'خانه چای', 'name:en': 'T House'}"
4,node,648952222,36.2973592,59.5690862,"{'addr:city': 'مشهد', 'amenity': 'bank', 'atm': 'yes', 'bic': '9301', 'branch': 'مشهد', 'brand': 'بانک سامان', 'brand:en': 'Saman Bank', 'brand:wikidata': 'Q4117676', 'brand:wikipedia': 'en:Saman Bank', 'fax': '+98 51 38443914', 'name': 'بانک سامان', 'name:en': 'Saman Bank', 'operator': 'Saman Bank', 'phone': '+98 51 38461940-3'}"
5,node,648952233,36.2964511,59.5729796,"{'amenity': 'bank', 'atm': 'yes', 'branch': 'احمدآباد', 'brand': 'بانک اقتصاد نوین', 'brand:en': 'EN Bank', 'brand:wikidata': 'Q5323768', 'brand:wikipedia': 'en:EN Bank', 'fax': '+98-511-8454361', 'name': 'بانک اقتصاد نوین', 'name:en': 'EN Bank', 'operator': 'Eghtesad Novin', 'phone': '+98-511-8454362-7'}"
6,node,648952241,36.2946509,59.5769797,"{'amenity': 'bank', 'atm': 'yes', 'branch': 'احمدآباد', 'brand': 'بانک صادرات', 'brand:en': 'Bank Saderat Iran', 'brand:wikidata': 'Q2882608', 'brand:wikipedia': 'en:Bank Saderat Iran', 'name': 'بانک صادرات', 'name:en': 'Bank Saderat Iran', 'operator': 'Saderat Bank'}"
7,node,648952243,36.2945246,59.5772925,"{'amenity': 'bank', 'atm': 'yes', 'branch': 'احمدآباد', 'brand': 'بانک ملت', 'brand:en': 'Bank Mellat', 'brand:wikidata': 'Q4855944', 'brand:wikipedia': 'en:Bank Mellat', 'name': 'بانک ملت', 'name:en': 'Bank Mellat', 'operator': 'Mellat Bank'}"
8,node,648952246,36.2947682,59.5767753,"{'amenity': 'bank', 'atm': 'yes', 'bic': '8546', 'branch': 'احمدآباد', 'brand': 'بانک ملی', 'brand:en': 'Bank Melli Iran', 'brand:wikidata': 'Q806640', 'brand:wikipedia': 'en:Bank Melli Iran', 'name': 'بانک ملی', 'name:en': 'Bank Melli Iran', 'operator': 'Melli Bank'}"
9,node,648952248,36.2949226,59.5764912,"{'amenity': 'bank', 'atm': 'yes', 'branch': 'احمدآباد', 'brand': 'بانک پارسیان', 'brand:en': 'Parsian Bank', 'brand:wikidata': 'Q2410404', 'brand:wikipedia': 'en:Parsian Bank', 'name': 'بانک پارسیان', 'name:en': 'Parsian Bank', 'operator': 'Parsian Bank'}"
10,node,648952249,36.2950956,59.5772533,"{'amenity': 'bank', 'atm': 'yes', 'branch': 'احمدآباد', 'brand': 'بانک کشاورزی', 'brand:en': 'Bank Keshavarzi Iran', 'brand:wikidata': 'Q6395007', 'brand:wikipedia': 'en:Bank Keshavarzi Iran', 'name': 'بانک کشاورزی', 'name:en': 'Bank Keshavarzi Iran', 'operator': 'Agriculture Bank'}"
11,node,648952250,36.295305,59.5768211,"{'addr:city': 'مشهد', 'amenity': 'bank', 'atm': 'yes', 'branch': 'احمدآباد', 'brand': 'بانک سرمایه', 'brand:en': 'Sarmayeh Bank', 'brand:wikidata': 'Q7424291', 'brand:wikipedia': 'en:Sarmayeh Bank', 'name': 'بانک سرمایه', 'name:en': 'Sarmayeh Bank', 'operator': 'Sarmayeh Bank'}"
12,node,648952252,36.2888383,59.5789291,"{'amenity': 'place_of_worship', 'denomination': 'shia', 'name': 'مسجدالنبی', 'religion': 'muslim'}"
13,node,648952253,36.2932991,59.582205,"{'amenity': 'bank', 'atm': 'yes', 'branch': 'قائم', 'brand': 'بانک مسکن', 'brand:en': 'Bank Maskan', 'brand:wikidata': 'Q4855942', 'brand:wikipedia': 'en:Bank Maskan', 'name': 'بانک مسکن', 'name:en': 'Bank Maskan'}"
14,node,648952254,36.2929901,59.5831477,"{'amenity': 'bank', 'atm': 'yes', 'name': 'بانک گردشگری'}"
15,node,658405603,36.2834987,59.5754699,"{'amenity': 'bank', 'atm': 'no', 'name': 'ملت', 'operator': 'Mellat Bank'}"
16,node,663006125,36.293102,59.568005,"{'amenity': 'bank', 'atm': 'yes', 'branch': 'ثامن', 'brand': 'بانک ملت', 'brand:en': 'Bank Mellat', 'brand:wikidata': 'Q4855944', 'brand:wikipedia': 'en:Bank Mellat', 'name': 'بانک ملت', 'name:en': 'Bank Mellat'}"
17,node,663800791,36.2900433,59.5855237,"{'amenity': 'parking', 'fee': 'yes', 'name': 'پارکینگ زیست خاور', 'parking': 'multi-storey'}"
18,node,663800795,36.2920145,59.5854989,"{'amenity': 'bank', 'atm': 'yes', 'bic': '1805', 'branch': 'تقی آباد', 'brand': 'بانک اقتصاد نوین', 'brand:en': 'EN Bank', 'brand:wikidata': 'Q5323768', 'brand:wikipedia': 'en:EN Bank', 'fax': '+98-511-8642052', 'name': 'بانک اقتصاد نوین', 'name:en': 'EN Bank', 'operator': 'Eghtesad Novin Bank', 'phone': '+98-511-8661422-5'}"
19,node,663800796,36.2924955,59.5847264,"{'amenity': 'bank', 'atm': 'yes', 'bic': '663', 'branch': 'میدان شریعتی', 'brand': 'بانک صادرات', 'brand:en': 'Bank Saderat Iran', 'brand:wikidata': 'Q2882608', 'brand:wikipedia': 'en:Bank Saderat Iran', 'name': 'بانک صادرات', 'name:en': 'Bank Saderat Iran', 'operator': 'Saderat Bank'}"
20,node,667297578,36.2940423,59.5769596,"{'amenity': 'pharmacy', 'name': 'داروخانه دکتر جهانشاهی', 'name:en': 'Dr. Jahanshahi drugstore'}"
21,node,667297579,36.2945498,59.5764362,"{'amenity': 'pharmacy', 'name': 'داروخانه دکتر نصیری', 'name:en': 'Dr. Nasiri drugstore'}"
22,node,667327775,36.2938238,59.5791742,"{'amenity': 'bank', 'atm': 'yes', 'branch': 'احمدآباد', 'brand': 'بانک پاسارگاد', 'brand:en': 'Bank Pasargad', 'brand:wikidata': 'Q4855962', 'brand:wikipedia': 'en:Bank Pasargad', 'name': 'بانک پاسارگاد', 'name:en': 'Bank Pasargad', 'operator': 'Pasargad Bank'}"
23,node,677097431,36.2971283,59.5693317,"{'addr:city': 'مشهد', 'amenity': 'pharmacy', 'healthcare': 'pharmacy', 'name': 'داروخانه دکتر کمالی', 'name:en': 'Dr. Kamali Drugstore'}"
24,node,687715517,36.2869829,59.5743891,"{'amenity': 'bank', 'atm': 'yes', 'bic': '136', 'branch': 'کوهسنگی', 'brand': 'بانک سینا', 'brand:en': 'Sina Bank', 'brand:wikidata': 'Q10860246', 'brand:wikipedia': 'en:Sina Bank', 'name': 'بانک سینا', 'name:en': 'Sina Bank', 'operator': 'Sina Bank'}"
25,node,687715533,36.2893572,59.5803413,"{'amenity': 'bank', 'atm': 'yes', 'branch': 'الندشت', 'brand': 'بانک صادرات', 'brand:en': 'Bank Saderat Iran', 'brand:wikidata': 'Q2882608', 'brand:wikipedia': 'en:Bank Saderat Iran', 'name': 'بانک صادرات', 'name:en': 'Bank Saderat Iran', 'operator': 'Saderat Bank'}"
26,node,1088223893,36.2943961,59.5712476,"{'amenity': 'place_of_worship', 'denomination': 'shia', 'name': 'مسجد توفیق', 'name:en': 'Towfigh Mosque', 'religion': 'muslim'}"
27,node,1088548438,36.2978348,59.5698157,"{'amenity': 'bank', 'atm': 'yes', 'branch': 'احمدآباد', 'brand': 'بانک رفاه', 'brand:en': 'Refah Bank', 'brand:wikidata': 'Q7307083', 'brand:wikipedia': 'en:Refah Bank', 'name': 'بانک رفاه', 'name:en': 'Refah Bank', 'operator': 'Refah'}"
28,node,1088548480,36.2981662,59.5704822,"{'amenity': 'bank', 'atm': 'yes', 'branch': 'راهنمایی', 'brand': 'بانک ملت', 'brand:en': 'Bank Mellat', 'brand:wikidata': 'Q4855944', 'brand:wikipedia': 'en:Bank Mellat', 'name': 'بانک ملت', 'name:en': 'Bank Mellat', 'operator': 'Mellat Bank'}"
29,node,1750032586,36.2875189,59.5779354,"{'amenity': 'pharmacy', 'name': 'داروخانه دکتر پیروز', 'name:en': 'Dr. Pirooz pharmacy', 'opening_hours': '24/7', 'phone': '+98 511 8412228'}"
30,node,2427123773,36.2845165,59.5783982,"{'amenity': 'atm', 'operator': 'Hekmat Iranian Bank'}"
31,node,2427124538,36.2903887,59.5849209,"{'amenity': 'bank', 'atm': 'yes', 'branch': 'زیست خاور', 'brand': 'بانک تجارت', 'brand:wikidata': 'Q7695198', 'brand:wikipedia': 'en:Tejarat Bank', 'name': 'بانک تجارت', 'operator': 'Tejarat Bank'}"
32,node,2427124547,36.2899008,59.5830843,"{'amenity': 'pharmacy', 'dispensing': 'no', 'healthcare': 'pharmacy', 'name': 'داروخانه دکتر شفیعی نیک', 'name:en': 'Pharmacy'}"
33,node,2427124554,36.2893143,59.580234,"{'amenity': 'restaurant', 'cuisine': 'kebab', 'name': 'رستوران درویش'}"
34,node,2493167498,36.2897294,59.5853571,"{'amenity': 'place_of_worship', 'denomination': 'shia', 'name': 'مسجد حضرت ابراهیم', 'religion': 'muslim'}"
35,node,2559089244,36.2891342,59.5797651,"{'amenity': 'bank', 'atm': 'yes', 'branch': 'کوهسنگی', 'brand': 'بانک سپه', 'brand:en': 'Bank Sepah', 'brand:wikidata': 'Q2882624', 'brand:wikipedia': 'en:Bank Sepah', 'name': 'بانک سپه', 'name:en': 'Bank Sepah', 'operator': 'Sepah Bank'}"
36,node,2559089246,36.2886499,59.5783903,"{'amenity': 'bank', 'atm': 'yes', 'branch': 'کوهسنگی', 'brand': 'بانک تجارت', 'brand:wikidata': 'Q7695198', 'brand:wikipedia': 'en:Tejarat Bank', 'name': 'بانک تجارت', 'operator': 'Tejarat Bank'}"
37,node,2559090261,36.2891045,59.5796545,"{'amenity': 'pharmacy', 'dispensing': 'no', 'healthcare': 'pharmacy', 'name': 'داروخانه کوهسنگی', 'name:en': 'Pharmacy'}"
38,node,2889050204,36.2922144,59.567888,"{'amenity': 'school', 'name': 'آموزشگاه دیتاسنتر شرق', 'name:en': '""East Data Center"" School'}"
39,node,2989283897,36.2980141,59.5714057,"{'amenity': 'college', 'name': 'مجتمع تعلیم و تربیت عباس زادگان'}"
40,node,3074637796,36.2954177,59.5764871,"{'amenity': 'bank', 'branch': 'احمد آباد', 'brand': 'بانک قوامین', 'brand:en': 'Ghavamin Bank', 'brand:wikidata': 'Q10860253', 'brand:wikipedia': 'en:Ghavamin Bank', 'name': 'بانک قوامین', 'name:en': 'Ghavamin Bank'}"
41,node,3074637797,36.298195,59.570388,"{'amenity': 'bank', 'branch': 'احمد آباد کد ۲۰۳۹', 'brand': 'بانک انصار', 'brand:wikidata': 'Q5862675', 'brand:wikipedia': 'fa:بانک انصار', 'name': 'بانک انصار'}"
42,node,3074640950,36.2998287,59.5693028,"{'amenity': 'place_of_worship', 'denomination': 'shia', 'name': 'مسجد و حسینیه ولیعصر', 'name:en': 'Vali Asr Mosque', 'religion': 'muslim'}"
43,node,3203898612,36.292783,59.5837317,"{'amenity': 'bank', 'atm': 'yes', 'branch': 'بهشت', 'brand': 'بانک رفاه', 'brand:en': 'Refah Bank', 'brand:wikidata': 'Q7307083', 'brand:wikipedia': 'en:Refah Bank', 'name': 'بانک رفاه', 'name:en': 'Refah Bank'}"
44,node,3203898613,36.2916851,59.5835525,"{'amenity': 'bank', 'branch': 'بیمارستان قائم', 'brand': 'بانک رفاه', 'brand:en': 'Refah Bank', 'brand:wikidata': 'Q7307083', 'brand:wikipedia': 'en:Refah Bank', 'name': 'بانک رفاه', 'name:en': 'Refah Bank'}"
45,node,3203898617,36.28372,59.5653862,"{'amenity': 'bank', 'atm': 'yes', 'branch': 'کوهسنگی', 'brand': 'بانک رفاه', 'brand:en': 'Refah Bank', 'brand:wikidata': 'Q7307083', 'brand:wikipedia': 'en:Refah Bank', 'name': 'بانک رفاه', 'name:en': 'Refah Bank', 'operator': 'Refah'}"
46,node,3390327987,36.2871095,59.55794,"{'amenity': 'fuel', 'name': 'جایگاه CNG'}"
47,node,3751781534,36.2889484,59.5832078,"{'amenity': 'pharmacy', 'healthcare': 'pharmacy', 'name': 'داروخانه دکتر دهستانی', 'name:en': 'Pharmacy'}"
48,node,3751782112,36.2883365,59.5835511,"{'amenity': 'pharmacy', 'name': 'داروخانه دکتر محسنی رضوی', 'name:en': 'Pharmacy'}"
49,node,3783342180,36.2912283,59.5802993,"{'addr:city': 'Mashhad', 'amenity': 'doctors', 'healthcare': 'doctor', 'name': 'دکتر مهدی بخشایی - جراحی بینی و جراحی زیبایی', 'name:ar': 'الدكتور مهدي بخشايي - جراحة تجميل الأنف', 'name:en': 'Dr. Mehdi Bakhshaee - Facial Plastic Surgery', 'opening_hours': 'Mo 17:00-21:00; We 17:00-21:00; Sa 17:00-21:00', 'phone': '+98 51 38474007', 'website': 'https://drbakhshaee.com/'}"
50,node,3847629098,36.2848041,59.5685848,"{'amenity': 'clinic', 'healthcare': 'clinic', 'name': 'درمانگاه شاهد', 'name:en': 'Shahed clinic'}"
51,node,3847639151,36.2847327,59.5683944,"{'amenity': 'clinic', 'healthcare': 'physiotherapist', 'name': 'فیزیوتراپی ایثارگران'}"
52,node,3916383415,36.2899687,59.5833035,"{'amenity': 'bank', 'brand': 'بانک ملی', 'brand:en': 'Bank Melli Iran', 'brand:wikidata': 'Q806640', 'brand:wikipedia': 'en:Bank Melli Iran', 'name': 'بانک ملی', 'name:en': 'Bank Melli Iran'}"
53,node,3953049716,36.2998965,59.5845336,"{'addr:city': 'مشهد', 'addr:postcode': '9183773636', 'addr:street': 'سناباد', 'amenity': 'pharmacy', 'brand': 'پایادارو | PayaDaroo', 'dispensing': 'yes', 'drive_through': 'no', 'email': 'info@payadaroo.com', 'healthcare': 'pharmacy', 'image': 'https://commons.wikimedia.org/wiki/File:Dr_Nabavi_Pharmacy_-_%D8%AF%D8%A7%D8%B1%D9%88%D8%AE%D8%A7%D9%86%D9%87_%D8%B4%D8%A8%D8%A7%D9%86%D9%87_%D8%B1%D9%88%D8%B2%DB%8C_%D8%AF%DA%A9%D8%AA%D8%B1_%D9%86%D8%A8%D9%88%DB%8C_01.jpg', 'name': 'داروخانه شبانه روزی دکتر نبوی', 'opening_hours': '24/7', 'operator': 'دکتر نبوی', 'phone': '+985138476331', 'website': 'https://payadaroo.com'}"
54,node,3953049717,36.2944882,59.581376,"{'amenity': 'pharmacy', 'name': 'داروخانه شبانه روزی شهرداری', 'name:en': 'Pharmacy', 'opening_hours': '24/7'}"
55,node,3953050629,36.2927547,59.5838118,"{'amenity': 'pharmacy', 'healthcare': 'pharmacy', 'name': 'داروخانه دکتر فرج زاده'}"
56,node,3953050630,36.2933265,59.5821209,"{'amenity': 'pharmacy', 'healthcare': 'pharmacy', 'name': 'داروخانه دکتر منوری'}"
57,node,3953050631,36.2951177,59.581685,"{'amenity': 'pharmacy', 'name': 'داروخانه دکتر بهادری', 'name:en': 'Pharmacy'}"
58,node,3953051065,36.2925258,59.5845144,"{'amenity': 'pharmacy', 'healthcare': 'pharmacy', 'name': 'داروخانه شبانه روزی', 'opening_hours': '24/7'}"
59,node,3953051066,36.2946659,59.5812532,"{'amenity': 'school', 'name': 'دبیرستان پسرانه شهید دلشاد'}"
60,node,3962094780,36.2907028,59.5859626,"{'amenity': 'post_box', 'name': 'صندوق پست'}"
61,node,4063610639,36.2873666,59.5780215,"{'amenity': 'clinic', 'name': 'کلینیک شبانه روزی اطفال آریان', 'opening_hours': '24/7', 'phone': '+98 51 3846 0120'}"
62,node,4195111156,36.2917696,59.585495,{'amenity': 'taxi'}
63,node,4310436334,36.29501,59.5776517,"{'amenity': 'fast_food', 'name': 'پیتزا ویونا'}"
64,node,4310437188,36.29649,59.5735617,"{'amenity': 'cafe', 'name': 'تراس'}"
65,node,4310437203,36.2965633,59.5738017,"{'amenity': 'restaurant', 'name': 'رستوران احسان'}"
66,node,4310437490,36.29631,59.574225,"{'amenity': 'restaurant', 'name': 'رستوران نارمک', 'name:en': 'Narmak Restaurant'}"
67,node,4310437642,36.295275,59.5757479,"{'amenity': 'restaurant', 'name': 'رستوران مدائن'}"
68,node,4310437643,36.2955333,59.5765867,"{'addr:city': 'مشهد', 'amenity': 'fast_food', 'name': 'مرغ سوخاری کارو', 'name:en': 'Karo Kentucky'}"
69,node,4310438800,36.29507,59.5774233,"{'amenity': 'fast_food', 'name': 'پیتزا شب'}"
70,node,4310456030,36.2945483,59.5789117,"{'amenity': 'pharmacy', 'healthcare': 'pharmacy', 'name': 'داروخانه دکتر تقوی'}"
71,node,4310464444,36.294765,59.5781583,"{'amenity': 'bank', 'name': 'موسسه اعتباری عسکریه'}"
72,node,4310464720,36.2945975,59.57857,"{'amenity': 'bank', 'name': 'موسسه اعتباری کوثر'}"
73,node,4310465379,36.29432,59.5781067,"{'amenity': 'bank', 'atm': 'yes', 'brand': 'بانک تجارت', 'brand:wikidata': 'Q7695198', 'brand:wikipedia': 'en:Tejarat Bank', 'name': 'بانک تجارت'}"
74,node,4310466225,36.2942467,59.5781883,"{'amenity': 'bank', 'name': 'موسسه اعتباری ثامن'}"
75,node,4310467306,36.29398,59.5785319,"{'amenity': 'place_of_worship', 'name': 'مسجد نقویه', 'religion': 'muslim'}"
76,node,4310468013,36.2939483,59.579185,"{'amenity': 'pharmacy', 'healthcare': 'pharmacy', 'name': 'داروخانه دکتر کلاهی'}"
77,node,4310468459,36.2939967,59.579055,"{'amenity': 'bank', 'name': 'بانک قرض الحسنه رسالت'}"
78,node,4310471096,36.2937183,59.5797417,"{'amenity': 'dentist', 'healthcare': 'dentist', 'name': 'مرکز تخصصی دندان پزشکی جهاد دانشگاهی'}"
79,node,4310471207,36.2940933,59.5801583,"{'amenity': 'bank', 'brand': 'بانک مسکن', 'brand:en': 'Bank Maskan', 'brand:wikidata': 'Q4855942', 'brand:wikipedia': 'en:Bank Maskan', 'name': 'بانک مسکن', 'name:en': 'Bank Maskan', 'opening_hours': 'Sa-Th 07:30-13:30'}"
80,node,4310471627,36.2941867,59.5799167,"{'amenity': 'bank', 'brand': 'بانک شهر', 'brand:en': 'Shahr Bank', 'brand:wikidata': 'Q5941033', 'brand:wikipedia': 'fa:بانک شهر', 'name': 'بانک شهر', 'name:en': 'Shahr Bank'}"
81,node,4310472762,36.2936373,59.5800181,"{'amenity': 'bank', 'brand': 'بانک ایران زمین', 'brand:wikidata': 'Q5934423', 'brand:wikipedia': 'en:Iran Zamin Bank', 'name': 'بانک ایران زمین'}"
82,node,4310472763,36.2935527,59.5817381,"{'amenity': 'bank', 'name': 'موسسه اعتباری نور'}"
83,node,4310472980,36.2936784,59.5798614,"{'amenity': 'pharmacy', 'healthcare': 'pharmacy', 'name': 'داروخانه دکتر اکبری'}"
84,node,4310473782,36.2935233,59.5804567,"{'amenity': 'pharmacy', 'healthcare': 'pharmacy', 'name': 'داروخانه دکتر تقی آبادی'}"
85,node,4310474244,36.2937527,59.5813274,"{'amenity': 'bank', 'name': 'بانک کارآفرین', 'name:en': 'Karafarin Bank'}"
86,node,4310474305,36.2934917,59.581845,"{'amenity': 'bank', 'name': 'موسسه اعتباری ثامن الحجج'}"
87,node,4310474331,36.2922569,59.5851162,"{'amenity': 'pharmacy', 'healthcare': 'pharmacy', 'name': 'داروخانه رحیمی'}"
88,node,4310474501,36.2922233,59.5852017,"{'amenity': 'fast_food', 'name': 'اخگر برگر'}"
89,node,4310474568,36.2921517,59.585275,"{'amenity': 'bank', 'brand': 'بانک ملت', 'brand:en': 'Bank Mellat', 'brand:wikidata': 'Q4855944', 'brand:wikipedia': 'en:Bank Mellat', 'name': 'بانک ملت', 'name:en': 'Bank Mellat'}"
90,node,4335331199,36.2967114,59.5779006,"{'addr:city': 'مشهد', 'amenity': 'school'}"
91,node,4335905492,36.2960841,59.5668948,"{'addr:housenumber': 'No 60', 'addr:street': 'احمداباد. سیمتری دوم نبش ابوذر غفاری ٨تلفن ٣٨٤٠٣٣٢٧', 'amenity': 'doctors', 'email': 'clinic.drghayour@gmail.com', 'internet_access': 'wlan', 'name': 'مطب دکتر علی غیور (جراح)', 'name:ar': 'عياده دكتر علي غيور. متخصص جراح', 'name:en': 'Dr. Ali Ghaur clinicمطب دكتر علي غيور', 'opening_hours': 'Sa-Th 09:00-10:45,12:15-13:00', 'phone': '+98 51 3840 3327', 'website': 'http://Dralighayour.com'}"
92,node,4352138591,36.2959348,59.5725872,"{'amenity': 'atm', 'name:en': 'ENBANK', 'operator:en': 'ENBANK'}"
93,node,4358581942,36.2839625,59.5648444,"{'amenity': 'pharmacy', 'healthcare': 'pharmacy', 'name': 'داروخانه دکتر افشین', 'name:en': 'Dr.Afshin Pharmacy'}"
94,node,4367651607,36.298915,59.5680759,"{'amenity': 'bank', 'branch': 'احمدآباد', 'brand': 'بانک مسکن', 'brand:en': 'Bank Maskan', 'brand:wikidata': 'Q4855942', 'brand:wikipedia': 'en:Bank Maskan', 'name': 'بانک مسکن', 'name:en': 'Bank Maskan', 'opening_hours': 'Sa-Th 08:00-13:30'}"
95,node,4401317792,36.2881572,59.5712553,"{'addr:street': 'کوهسنگی ١٥', 'amenity': 'school', 'name': 'مدرسه عالی مطهری', 'name:en': 'motahari school'}"
96,node,4405245790,36.2937695,59.5792565,"{'addr:street': 'بولوار احمدآباد', 'amenity': 'doctors', 'healthcare': 'doctor', 'name': 'مطب دکتر مسگر پور طوسی', 'name:en': 'Dr. Mesgarpour toosi', 'opening_hours': 'Sa-We 09:00-13:00', 'phone': '+98 51 3840 2671'}"
97,node,4410968389,36.2986336,59.583551,"{'addr:street': 'پاستور ۱۸', 'amenity': 'school', 'name': 'دبستان شهید سالیانی', 'name:en': 'Saliyani school', 'phone': '+98 51 3841 2045'}"
98,node,4411187496,36.2928357,59.5855759,"{'amenity': 'school', 'name': 'دبستان بکوائی بزاز'}"
99,node,4417552438,36.2925024,59.563776,"{'amenity': 'school', 'name': 'دبیرستان خوارزمی'}"
100,node,4417552439,36.2925374,59.5635742,"{'amenity': 'school', 'name': 'دبیرستان نصر نوین', 'name:en': 'Nasr Novin Highschool'}"
101,node,4417552460,36.2918349,59.5674432,"{'amenity': 'school', 'name': 'دبیرستان دکتر هشترودی'}"
102,node,4417552932,36.2923524,59.5669491,"{'amenity': 'fast_food', 'cuisine': 'arabic', 'name': 'رستوران البیک', 'name:en': 'Albik Fast food'}"
103,node,4417553649,36.2926627,59.5604424,"{'amenity': 'restaurant', 'name': 'طباخی کوثر'}"
104,node,4417553650,36.2929617,59.5611201,"{'amenity': 'events_venue', 'name': 'تالار یاس'}"
105,node,4417553690,36.292471,59.5641319,"{'amenity': 'police', 'name': 'پلیس ۱۰+', 'name:en': 'Police +10'}"
106,node,4417553692,36.2922635,59.5673696,"{'amenity': 'bank', 'atm': 'yes', 'name': 'بانک صادرات', 'opening_hours': 'Mo-We,Sa-Su 07:30-13:30; Th 07:30-12:30; PH closed', 'operator': 'Saderat Bank'}"
107,node,4417553828,36.2949479,59.5724789,"{'amenity': 'restaurant', 'cuisine': 'regional', 'delivery': 'yes', 'name': 'کترینگ صدرا', 'phone': '+98 51 384 67203;+98 51 384 67204;+98 51 384 67205', 'smoking': 'no', 'takeaway': 'only'}"
108,node,4417554022,36.294953,59.5724312,"{'amenity': 'school', 'name': 'پیش دبستانی و دبستان نور هدایت'}"
109,node,4417554031,36.2951802,59.5729782,"{'amenity': 'cafe', 'name': 'کافی شاپ', 'name:en': 'Coffee Shop'}"
110,node,4417554554,36.2959369,59.5725859,"{'amenity': 'school', 'name': 'دبیرستان علوی تهران', 'name:en': 'Tehran Alavi High School'}"
111,node,4463297394,36.2914608,59.5719189,"{'amenity': 'taxi', 'name': 'آژانس گلاره'}"
112,node,4499948189,36.2940753,59.5790064,"{'amenity': 'pharmacy', 'healthcare': 'pharmacy'}"
113,node,4590301393,36.2887339,59.5703114,"{'addr:street': 'طالقانى ٢٩', 'amenity': 'cafe', 'internet_access': 'wlan', 'name': 'کافى شاپ دیدار', 'name:en': 'Didar Cafe Shop', 'opening_hours': 'Mo-Su 10:00-23:55'}"
114,node,4665569194,36.2931952,59.5796667,"{'addr:housenumber': '39', 'addr:postcode': '91766987', 'addr:street': 'پرستار ۱', 'amenity': 'doctors', 'healthcare': 'doctor', 'name': 'مطب روانپزشک', 'name:en': 'psychiatrist dr.mortezania', 'opening_hours': 'Sa-We 17:00-20:00', 'phone': '+98 51 3847 1432'}"
115,node,4674564889,36.3000437,59.5751769,"{'addr:city': 'مشهد', 'addr:housenumber': '41', 'addr:street': 'بولوار شهید کلاهدوز', 'amenity': 'cafe', 'name': 'پالپ', 'name:en': 'pulp', 'office': 'company', 'website': 'https://www.tcco.ir/'}"
116,node,4684812190,36.2905501,59.5645298,"{'amenity': 'clinic', 'name': 'مرکز جراحی محدود ارمغان تندرستی', 'name:en': 'Armaghan day clinic', 'phone': '+98 51 3844 9894'}"
117,node,4686736492,36.2944062,59.5612595,"{'amenity': 'atm', 'operator': 'Mellat bank'}"
118,node,4715534989,36.2999836,59.5783375,"{'addr:housenumber': '45', 'addr:street': 'بابک ۸', 'amenity': 'library', 'contact:email': 'sam.p1991@hotmail.com', 'contact:phone': '+9816175862362', 'name': 'آزمایشگاه خاص خانم سمیرا', 'name:en': ""Samira's special library"", 'opening_hours': 'Mo-Su 10:00-13:00'}"
119,node,4839751352,36.2901714,59.5812032,"{'amenity': 'doctors', 'healthcare': 'doctor', 'name': 'مهران همام متخصص مغز واعصاب'}"
120,node,4869487121,36.2874509,59.5675339,"{'amenity': 'bank', 'branch': 'ثامن الائمه', 'brand': 'بانک سپه', 'brand:en': 'Bank Sepah', 'brand:wikidata': 'Q2882624', 'brand:wikipedia': 'en:Bank Sepah', 'name': 'بانک سپه', 'name:en': 'Bank Sepah'}"
121,node,4872988121,36.3000204,59.5699277,"{'addr:street': 'راهنمایی ۵', 'amenity': 'fast_food', 'cuisine': 'international', 'name': 'هایدا', 'name:en': 'Haida fastfood'}"
122,node,4873393122,36.2989411,59.5853695,"{'addr:housenumber': '194', 'addr:street': 'خیابان ابن سینا', 'amenity': 'clinic', 'email': 'echo@echo-clinic.ir', 'healthcare': 'clinic', 'name': 'کلینیک شنوایی و تعادل اکو', 'name:en': 'ECO audiological clinic', 'operator': 'هادی بهزاد', 'phone': '+985138417160', 'website': 'http://www.echo-clinic.ir'}"
123,node,4873398821,36.2945812,59.5675868,"{'addr:housenumber': '60', 'addr:street': 'رضا ۱۲', 'amenity': 'doctors', 'name': 'دکتر فاطمه اشکیانی', 'name:en': 'Dr. Fateme Ashkiani'}"
124,node,4873398921,36.2945702,59.5676329,"{'addr:street': 'رضا ۱۲', 'amenity': 'dentist', 'name': 'مطب دندانپزشکی دکتر فهیمه اشکیانی', 'name:en': 'Dn. Fahime Ashkiani'}"
125,node,4892208121,36.2911692,59.5720214,"{'addr:street': 'ملاصدرا ۱۹', 'amenity': 'restaurant', 'name': 'رستوران ایتالیایى لیو', 'name:en': 'Lio Resturant'}"
126,node,4893289619,36.2989662,59.566238,"{'amenity': 'bank', 'branch': 'ایثار کد ۵۰۰۲', 'name': 'بانک دی'}"
127,node,4893306666,36.2985328,59.5676145,"{'amenity': 'place_of_worship', 'denomination': 'shia', 'name': 'مسجد الزهرا', 'name:en': 'Al Zahra Masque', 'religion': 'muslim'}"
128,node,4903523022,36.2915856,59.5800289,"{'amenity': 'doctors', 'healthcare': 'doctor', 'name': 'دکتر مهاجر زاده'}"
129,node,4950152650,36.2925089,59.5779654,"{'addr:city': 'مشهد', 'addr:street': 'عارف ۵', 'amenity': 'doctors', 'emergency': 'no', 'name': 'دکتر حسین امیری', 'name:en': 'Dr.Hossein Amiri', 'opening_hours': '17:00-22:00; Tu,Th-Sa off', 'تخصص': 'متخصص بیماری های مغز و اعصاب بورد تخصصی ناسیونال الکترو انسفالوگرافی'}"
130,node,4956505826,36.2979388,59.5728683,"{'amenity': 'atm', 'operator': 'بانک شهر'}"
131,node,5017494181,36.2990216,59.5740325,{'amenity': 'taxi'}
132,node,5017543585,36.2890792,59.5806854,"{'amenity': 'toilets', 'designation': 'توالت و دسرویس بهداشتی', 'source': 'wc'}"
133,node,5111230723,36.286228,59.5823111,"{'amenity': 'recycling', 'name': 'ایستگاه تحویل بازیافت', 'recycling_type': 'container'}"
134,node,5218109624,36.2940678,59.5785369,"{'amenity': 'toilets', 'fee': 'no', 'operator': 'مسجد نقویه', 'wheelchair': 'no'}"
135,node,5235302081,36.2978024,59.5795663,"{'amenity': 'clinic', 'healthcare': 'clinic', 'name': 'درمانگاه تخصصی شفاطوس'}"
136,node,5235338491,36.2998419,59.5752343,"{'amenity': 'doctors', 'healthcare': 'doctor', 'name': 'مرکز رادیولوژی دکتر حسینی زارچ'}"
137,node,5256491347,36.2955898,59.5753111,"{'amenity': 'music_school', 'name': 'آموزشگاه موسیقی هفت نت'}"
138,node,5256491348,36.2949771,59.5761649,"{'amenity': 'music_school', 'name': 'آموزشگاه موسیقی سکوت'}"
139,node,5256491349,36.2947149,59.5768397,"{'amenity': 'music_school', 'name': 'آموزشگاه موسیقی'}"
140,node,5256491350,36.2926946,59.5728911,"{'amenity': 'music_school', 'name': 'آموزشگاه موسیقی یگانه'}"
141,node,5256491351,36.2921836,59.5699191,"{'amenity': 'music_school', 'name': 'آموزشگاه موسیقی عارف'}"
142,node,5256491369,36.2927118,59.5706005,"{'amenity': 'college', 'name': 'موسسه آموزش عالی تگنوفن'}"
143,node,5256491370,36.2922743,59.568438,"{'amenity': 'college', 'name': 'موسسه آموزش عالی آزادمهندسان'}"
144,node,5256491371,36.2955262,59.5681054,"{'amenity': 'college', 'name': 'دانشکده اقتصاد', 'name:en': 'Economy college'}"
145,node,5256491372,36.2975144,59.5707527,"{'amenity': 'college', 'name': 'موسسه آموزش عالی ازاد امین'}"
146,node,5256491375,36.2938012,59.5769248,"{'amenity': 'college', 'name': 'انجمن پرستاری مشهد'}"
147,node,5256491376,36.2911807,59.5798104,"{'amenity': 'college', 'name': 'موسسه آموزش عالی حکیم توس'}"
148,node,5256491377,36.2982614,59.5845602,"{'amenity': 'college', 'name': 'موسسه آموزش عالی'}"
149,node,5258149049,36.2971632,59.5759885,"{'amenity': 'school', 'name': 'دبیرستان علوی تهران'}"
150,node,5258149050,36.2961688,59.5768897,"{'addr:city': 'مشهد', 'amenity': 'school', 'name': 'دبیرستان امام الحسین'}"
151,node,5258149051,36.2948346,59.5820683,"{'amenity': 'school', 'name': 'دبیرستان کیان مهر'}"
152,node,5258149055,36.2901183,59.5695275,"{'amenity': 'school', 'name': 'دبیرستان مطهری'}"
153,node,5258149056,36.2891622,59.5674961,"{'amenity': 'school', 'name': 'دبیرستان غیر انتفاع پسرانه کاوش'}"
154,node,5258149057,36.2876113,59.5671038,"{'amenity': 'school', 'name': 'دبیرستان دکتر هشترودی'}"
155,node,5258149058,36.2877243,59.5651237,"{'amenity': 'school', 'name': 'دبیرستان پسرانه شاهد مرحوم نجفی'}"
156,node,5258149059,36.2965724,59.5691459,"{'addr:city': 'مشهد', 'amenity': 'school', 'name': 'دبیرستان دخترانه کاوش', 'name:en': 'Kavosh Girls Highschool'}"
157,node,5258218033,36.2958821,59.5723355,"{'amenity': 'school', 'name': 'دبیرستان علوی'}"
158,node,5258218034,36.2990309,59.5721689,"{'amenity': 'school', 'name': 'هنرستان دخترانه کیمیا'}"
159,node,5258218040,36.2994896,59.5719819,"{'amenity': 'school', 'name': 'دبیرستان شهید بخارایی'}"
160,node,5258218047,36.2986115,59.5846824,"{'amenity': 'school', 'name': 'دبیرستان پسرانه امام حسین'}"
161,node,5258218062,36.2938866,59.5848938,"{'amenity': 'school', 'name': 'دبیرستان نصر'}"
162,node,5268294921,36.2932186,59.5791153,"{'addr:street': 'ساختمان پزشکان مهر', 'amenity': 'doctors', 'description': 'تعویض مفصل زانو و لگن و درمان ازن تراپى بیمارى مفاصل و زخم دیابت', 'email': 'rezamdbahador@gmail.com', 'healthcare': 'doctor', 'healthcare:speciality': 'orthopaedics', 'name': 'دکتر رضا بهادر جراح و متخصص ارتوپدى', 'name:en': 'dr reza bahador', 'opening_hours': 'Mo-We, Sa 17:30-23:00', 'phone': '+98 51 3847 2011'}"
163,node,5296090322,36.2949279,59.5783332,"{'amenity': 'doctors', 'healthcare': 'doctor', 'name': 'دکتر لطفعلیزاده', 'name:en': 'Dr. Lotf Alizadeh'}"
164,node,5313304740,36.2904841,59.559057,"{'amenity': 'fast_food', 'name': 'بشقاب داغ'}"
165,node,5313304741,36.2906949,59.559071,"{'amenity': 'fast_food', 'name': 'پیتزا ونک'}"
166,node,5313304743,36.2916472,59.5646859,"{'amenity': 'fast_food', 'name': 'گریل هوس', 'name:en': 'Grill House'}"
167,node,5313304744,36.2914197,59.5648346,"{'amenity': 'bank', 'atm': 'yes', 'brand': 'بانک ملی', 'name': 'بانک ملی شعبه ابوذر غفاری', 'name:en': 'Bank Melli Iran - Abouzar Ghafari branch', 'operator': 'Melli Bank'}"
168,node,5313304745,36.2917499,59.5648673,"{'amenity': 'bank', 'name': 'موسسه اعتباری ثامن'}"
169,node,5321394857,36.2906978,59.5648653,"{'amenity': 'pharmacy', 'dispensing': 'yes', 'name': 'داروخانه دکتر عساکره', 'name:en': 'Dr. Asakereh Pharmacy'}"
170,node,5346652722,36.2922804,59.5775804,"{'addr:street': 'عارف ۵', 'amenity': 'pharmacy', 'name': 'داروخانه گرایلو'}"
171,node,5352106521,36.2926487,59.5612027,"{'amenity': 'pharmacy', 'dispensing': 'yes', 'healthcare': 'pharmacy', 'name': 'داروخانه'}"
172,node,5352117547,36.2892883,59.5614663,"{'amenity': 'taxi', 'name': 'آژانس تاکسی تلفنی', 'name:en': 'Taxi Agency'}"
173,node,5352117548,36.2886444,59.5614143,"{'amenity': 'taxi', 'name': 'آژانس تاکسی تلفنی ابوذر', 'name:en': 'Aboozar Taxi Agency'}"
174,node,5352117556,36.2882168,59.5583021,"{'amenity': 'car_wash', 'name': 'کارواش', 'name:en': 'Car Wash'}"
175,node,5352132438,36.2864947,59.5668993,"{'amenity': 'library', 'name': 'کتابخانه ی رضا'}"
176,node,5370125924,36.2927184,59.5724549,"{'addr:street': 'بلوار ملا صدرا', 'amenity': 'cafe', 'name': 'کافه مان', 'name:en': 'Maan Cafe'}"
177,node,5370125925,36.2975131,59.5691609,"{'addr:street': 'بولوار احمدآباد', 'amenity': 'cafe', 'name': 'کافه کاکتوس', 'name:en': 'Cactus Cafe'}"
178,node,5481980322,36.2917082,59.57853,"{'addr:street': 'شارع عارف ۸', 'amenity': 'nursing_home', 'name:ar': 'احمد اباد شارع عارف مجمع الاطباء في مشهد'}"
179,node,5554647928,36.2926776,59.5786139,"{'addr:street': 'عارف ۴', 'amenity': 'dentist', 'description': 'فوق تخصص دندانپزشکی اطفال', 'name': 'مطب دندانپزشکی دکتر رضا نوغانی', 'name:en': 'Dr. AliReza Noghani', 'name:fa': 'دکتر علیرضا نوغانی'}"
180,node,5585635322,36.2863008,59.5714659,"{'addr:street': 'خیابان کوهسنگی', 'amenity': 'bank', 'branch': 'کوهسنگی', 'brand': 'بانک مسکن', 'brand:en': 'Bank Maskan', 'brand:wikidata': 'Q4855942', 'brand:wikipedia': 'en:Bank Maskan', 'name': 'بانک مسکن', 'name:en': 'Bank Maskan', 'website': 'http://www.bank-maskan.ir'}"
181,node,5590040021,36.2841128,59.5573332,{'amenity': 'toilets'}
182,node,5602556921,36.2979004,59.5713501,"{'amenity': 'pharmacy', 'name': 'داروخانه دکتر پیشقدم', 'name:en': 'Doctor pishghadam pharmacy'}"
183,node,5602565021,36.2982151,59.5703225,"{'amenity': 'cafe', 'name': 'آبمیوه سیب', 'name:en': 'Apple juice'}"
184,node,5602565121,36.2983308,59.5699447,"{'amenity': 'fast_food', 'name': 'پیتزا کارینا', 'name:en': 'Karina pizza kentucky sandwich'}"
185,node,5846288385,36.2889629,59.5771578,"{'amenity': 'doctors', 'healthcare': 'doctor', 'healthcare:speciality': 'pulmonology', 'name': 'دکتر اصفهانی زاده'}"
186,node,5872949609,36.2934257,59.5786717,"{'amenity': 'doctors', 'healthcare': 'doctor', 'name': 'دکتر افسی'}"
187,node,5932836637,36.2930014,59.5774349,"{'amenity': 'doctors', 'description': 'متخصص گوش و حلق و بینی و جراحی زیبایی بینی', 'name': 'دکتر امیرحسین سروری'}"
188,node,6133442885,36.2834001,59.5665142,"{'amenity': 'restaurant', 'name': 'مجموعه ورزشی و آموزشی نفت مشهد', 'name:en': 'NIOC Training & Sport Complex'}"
189,node,6133443085,36.2839805,59.566487,"{'amenity': 'pub', 'name': 'برج اسپادانا', 'name:en': 'Espadana Tower'}"
190,node,6140877385,36.2939661,59.5781876,"{'amenity': 'doctors', 'name:ar': 'دكتوره زهراء مذهب'}"
191,node,6149250485,36.2928046,59.5837706,"{'addr:street': 'بولوار احمدآباد', 'amenity': 'fast_food', 'name': 'پادین فود', 'name:en': 'Padin Food'}"
192,node,6316286185,36.2891417,59.5841841,"{'addr:housenumber': '1/14', 'addr:street': 'کوهسنگی ۴', 'amenity': 'doctors', 'healthcare': 'doctor', 'name': 'دکتر کاویان قندهاری', 'name:en': 'Dr kavian Ghandehari', 'phone': '+98 51 3851 7316'}"
193,node,6323124990,36.292866,59.5838505,"{'amenity': 'dentist', 'contact:phone': '+985138411711', 'healthcare': 'dentist', 'name': 'مطب دندانپزشکی دکتر زهرا فتاحی', 'opening_hours': 'Su, Tu, Th 16:00-18:00, 19:00-20:00'}"
194,node,6332681795,36.2969638,59.5618099,"{'amenity': 'fountain', 'name': 'آب نما'}"
195,node,6426256585,36.2932284,59.5792543,"{'addr:street': 'عارف ۲', 'amenity': 'doctors', 'healthcare': 'doctor', 'name:ar': 'مكان دكتور علي اكبر قرباني باطنية جهاز هضمي'}"
196,node,6465994168,36.2931808,59.5799254,"{'addr:city': 'مشهد', 'amenity': 'clinic', 'email': 'dralisarabient@gmail.com', 'healthcare': 'clinic', 'healthcare:speciality': 'cosmetic_surgery', 'name': 'Dr ali sarabi - plastic surgeon in iran', 'operator': 'dr ali sarabi', 'phone': '+989158007188', 'website': 'en.dralisarabi.com'}"
197,node,6534382885,36.2935618,59.5772057,"{'amenity': 'clinic', 'name': 'عيادة جلديه'}"
198,node,6536503486,36.2958961,59.5731159,"{'amenity': 'dentist', 'name': 'عکس دندان'}"
199,node,6711808187,36.2967011,59.5730119,"{'amenity': 'fast_food', 'name': 'دیزین ترک'}"
200,node,6723338885,36.2932769,59.5789248,"{'amenity': 'doctors', 'name': 'دکتور ژاله شریعتی'}"
201,node,6795144665,36.298186,59.5849257,"{'amenity': 'culture_center', 'name': 'موسسه فرهنگی راه روشن', 'source': 'map.ir'}"
202,node,6970613385,36.2929795,59.5792679,"{'amenity': 'clinic', 'name': 'د. ديانا حسيني'}"
203,node,7004378787,36.2916319,59.5605937,"{'addr:housenumber': '69', 'addr:street': 'بولوار بعثت', 'amenity': 'college', 'name': 'مرکز علمی کاربردی مدیریت صنعتی خراسان رضوی', 'opening_hours': 'Sa-Th 07:30-20:00', 'phone': '+985138454100', 'website': 'http://www.asteimi.ir'}"
204,node,7005848324,36.2925498,59.5629627,"{'addr:city': 'Mashhad', 'addr:housenumber': '178', 'addr:postcode': '91766987', 'addr:street': 'بولوار بعثت', 'amenity': 'doctors', 'email': 'simon@drrashidganji.com', 'healthcare:speciality': 'Orthopedic Surgeon', 'name': 'Orthopedic Surgeon Dr. Rashid Ganji', 'phone': '+98 51 3842 7305', 'website': 'https://drrashidganji.com', 'wheelchair': 'yes'}"
205,node,7043131185,36.293723,59.579011,"{'addr:street': 'بولوار احمدآباد', 'amenity': 'doctors', 'name': 'دکتر عطیه منصوری', 'name:en': 'Dr Atieh Mansouri', 'name:fa': 'دکتر عطیه منصوری متخصص زنان'}"
206,node,7061234785,36.2925048,59.5780454,"{'amenity': 'clinic', 'name:ar': 'دكتور تجويدي'}"
207,node,7095880085,36.2833813,59.5634576,"{'addr:street': 'خیابان کوهسنگی', 'amenity': 'bus_station', 'name': 'مترو کوهسنگی', 'name:en': 'KuhSangi-Subway Station'}"
208,node,7249982310,36.2975722,59.5834621,"{'amenity': 'bank', 'atm': 'yes', 'branch': 'پاستور', 'brand': 'بانک ملی', 'brand:en': 'Bank Melli Iran', 'brand:wikidata': 'Q806640', 'brand:wikipedia': 'en:Bank Melli Iran', 'name': 'بانک ملی', 'name:en': 'Bank Melli Iran'}"
209,node,7350402748,36.295416,59.5720196,"{'amenity': 'clinic', 'healthcare': 'clinic', 'healthcare:speciality': 'nosejob;rhinoplasty;جراحی_بینی', 'name': 'کلینیک زیبایی دکتر سرابی', 'name:en': 'rhinoplasty in iran by dr sarabi'}"
210,node,7366543008,36.2849515,59.5786549,"{'amenity': 'restaurant', 'cuisine': 'chicken', 'delivery': 'no', 'name': 'کترینگ و غذای آماده نارون', 'takeaway': 'yes'}"
211,node,7366543009,36.2849688,59.578726,"{'amenity': 'pharmacy', 'dispensing': 'yes', 'name': 'داروخانه دکتر رنگ ساز'}"
212,node,7671113688,36.298943,59.5803891,"{'amenity': 'cafe', 'name:en': 'zino'}"
213,node,7986991548,36.2952179,59.5759913,"{'addr:city': 'مشهد', 'addr:housenumber': '150.3', 'addr:street': 'بولوار احمدآباد', 'amenity': 'bureau_de_change', 'currency:AUD': 'yes', 'currency:CAD': 'yes', 'currency:EUR': 'yes', 'currency:GBP': 'yes', 'currency:IRR': 'yes', 'currency:USD': 'yes', 'name': 'صرافی پارسین', 'name:en': 'Parsin Currency Exchange', 'name:fa': 'صرافی پارسین', 'opening_hours': 'Sa-Th 09:00-16:00', 'operator': 'شرکت تضامنی روح الله جان نثار و شرکاء', 'payment:bitcoin': 'yes', 'payment:cash': 'yes', 'phone': '+985138442277', 'website': 'https://parsin-exchange.com/', 'wheelchair': 'yes'}"
214,node,8097727854,36.2921289,59.5798163,"{'addr:city': 'مشهد', 'addr:street': 'پرستار ۳', 'amenity': 'clinic', 'healthcare': 'clinic', 'healthcare:speciality': 'شنوایی_سنجی;سرگیجه;سمعک', 'name': 'کلینیک شنوایی سنجی و تعادل دانش', 'operator': 'دکتر حسین نامور'}"
215,node,8121176012,36.2890039,59.5775566,"{'addr:city': 'مشهد', 'addr:street': 'خیابان محتشمی - کوهسنگی ۷', 'amenity': 'doctors', 'description': 'مطب دکتر سهیلا چمنیان - فوق تخصص قلب و عروق.\nساختمان پزشکان فراز - طبقه اول', 'healthcare': 'doctor', 'healthcare:speciality': 'cardiology;surgery', 'name': 'مطب دکتر چمنیان', 'opening_hours': 'Sa-Th 16:30-19:30'}"
216,node,8184395417,36.2892634,59.5837007,"{'amenity': 'clinic', 'name:ar': 'مكان شركة هادي مسهد'}"
217,node,8184454017,36.2926366,59.5612937,"{'amenity': 'clinic', 'name:ar': 'دكتوره تجميل مشهد'}"
218,node,8773035767,36.2934178,59.5629734,"{'amenity': 'clinic', 'name': 'مرکز بهداشت ادویه چی'}"
219,node,8814477559,36.2849169,59.5786176,"{'amenity': 'restaurant', 'craft': 'caterer', 'name': 'کترینگ و غذای آماده نارون', 'name:en': 'Narvan catering', 'phone': '+98 51 38431094; +98 51 3847 6322'}"
220,node,8814502420,36.284653,59.5778565,"{'amenity': 'bank', 'atm': 'yes', 'name': 'بانک ملی شعبه شهید بهشتی', 'name:en': 'Melli Bank - Beheshti branch'}"
221,node,8851029087,36.2868843,59.5742282,"{'amenity': 'bank', 'name': 'بانک سپه شعبه بیمارستان ١٧ شهریور', 'name:en': 'Sepah Bank - 17th Shahrivar hospital branch'}"
222,node,9388583662,36.2976558,59.5666376,"{'addr:city': 'شهر مشهد', 'addr:street': 'ابوذر ۴', 'air_conditioning': 'yes', 'amenity': 'cafe', 'capacity': '۱۰', 'cuisine': 'coffee_shop;قهوه;دمنوش;انرژی_زا;کیک;دونات;لته', 'delivery': 'no', 'internet_access': 'no', 'name': 'کافی شاپ Wolf', 'opening_hours': 'sa-th 08:00-22:30', 'opening_hours:covid19': 'open', 'outdoor_seating': 'yes', 'payment:cards': 'yes', 'payment:cash': 'yes', 'start_date': '۱۴۰۰', 'takeaway': 'yes', 'website': 'https://www.instagram.com/wolfcafe'}"
223,node,9538465517,36.2896867,59.5834833,"{'amenity': 'nursing_home', 'name:ar': 'مركز تحليل كورونا حكيم'}"
224,node,9779769417,36.2931268,59.5805838,"{'addr:street': 'پرستار ۱', 'amenity': 'hospital', 'name': 'دكتور المفاصل'}"
225,node,9821663498,36.2923754,59.5663077,"{'addr:housenumber': '94', 'addr:street': 'بولوار بعثت', 'amenity': 'hospital', 'healthcare': 'hospital', 'healthcare:speciality': 'general; dentist', 'name': 'کلینیک دامپزشکی باران', 'name:en': 'Baran Veterinary Clinic'}"
226,node,9975980417,36.2947946,59.5766745,"{'amenity': 'clinic', 'name': 'ساختمان پزشكان طب العلوى'}"
227,node,10091744131,36.2907325,59.5725918,"{'amenity': 'school', 'name': 'دبیرستان دخترانه مجید امیدوار'}"
228,node,10159141154,36.2973112,59.5797385,"{'amenity': 'cinema', 'name': 'مجموعه فرهنگی سینمایی پرواز'}"
229,node,10173075009,36.2955778,59.5762845,"{'addr:city': 'مشهد', 'addr:street': 'بولوار احمدآباد', 'amenity': 'dentist', 'contact:aparat': 'https://www.aparat.com/dryeganehmousavizade', 'contact:instagram': 'https://www.instagram.com/dr.yeganehmousavizade/', 'healthcare': 'dentist', 'healthcare:speciality': 'dentist;دندانپزشک;جراح_دندانپزشک_ترمیمی_زیبایی', 'level': '2', 'name': 'دکتر یگانه موسوی زاده', 'name:en': 'dr.yegane mousavizade', 'phone': '+985138443160', 'website': 'https://drmousavizade.ir'}"
230,node,10293214123,36.2911328,59.580873,"{'amenity': 'library', 'name': 'کتابخانه بیمارستان قائم', 'name:en': 'Qaem Hospital Library', 'opening_hours': 'Sa-We 07:30-18:00; Th 07:30-13:30', 'ref:isil': 'IR-201400002', 'website': 'quaem.mums.ac.ir/lib'}"
231,node,10681266405,36.2915539,59.5803879,"{'addr:street': 'پرستار ۳', 'amenity': 'doctors', 'name': 'سونوگرافی دکتر امید محجوب', 'name:en': 'Dr. Mahjub Sonography', 'phone': '+98 51 3845 5214'}"
232,node,10711824541,36.2951137,59.5810287,"{'amenity': 'doctors', 'name': 'مطب دکتر حسن بسکابادی'}"
233,node,10725150731,36.2926522,59.5609994,"{'addr:city': 'مشهد', 'addr:housenumber': '204', 'addr:postcode': '9176867149', 'addr:street': 'بولوار بعثت', 'amenity': 'courthouse', 'description': 'Official court expert', 'email': 'ali.seifi88@yahoo.com', 'name': 'کارشناس رسمی دادگستری'}"
