,type,id,lat,lon,tags
0,node,655159563,36.2739861,59.5922638,"{'amenity': 'bank', 'atm': 'yes', 'branch': 'میدان امام خمینی', 'brand': 'بانک ملی', 'brand:en': 'Bank Melli Iran', 'brand:wikidata': 'Q806640', 'brand:wikipedia': 'en:Bank Melli Iran', 'name': 'بانک ملی', 'name:en': 'Bank Melli Iran', 'operator': 'Melli Bank'}"
1,node,655159564,36.2737476,59.5926576,"{'amenity': 'bank', 'atm': 'yes', 'branch': 'میدان امام خمینی', 'brand': 'بانک ملت', 'brand:en': 'Bank Mellat', 'brand:wikidata': 'Q4855944', 'brand:wikipedia': 'en:Bank Mellat', 'name': 'بانک ملت', 'name:en': 'Bank Mellat'}"
2,node,1183434611,36.2715102,59.595575,"{'amenity': 'bank', 'atm': 'yes', 'branch': 'دهم مهتاب', 'brand': 'بانک صادرات', 'brand:en': 'Bank Saderat Iran', 'brand:wikidata': 'Q2882608', 'brand:wikipedia': 'en:Bank Saderat Iran', 'name': 'بانک صادرات', 'name:en': 'Bank Saderat Iran', 'operator': 'Saderat Bank'}"
3,node,1183434798,36.2726115,59.5944944,"{'amenity': 'bank', 'atm': 'yes', 'branch': 'امام خمینی', 'brand': 'بانک مسکن', 'brand:en': 'Bank Maskan', 'brand:wikidata': 'Q4855942', 'brand:wikipedia': 'en:Bank Maskan', 'name': 'بانک مسکن', 'name:en': 'Bank Maskan'}"
4,node,1183434820,36.2696131,59.5974716,"{'amenity': 'bank', 'atm': 'yes', 'branch': '۱۵ خرداد', 'brand': 'بانک تجارت', 'brand:wikidata': 'Q7695198', 'brand:wikipedia': 'en:Tejarat Bank', 'name': 'بانک تجارت'}"
5,node,1219618256,36.2763186,59.6010924,"{'amenity': 'bank', 'atm': 'yes', 'branch': 'بهار', 'brand': 'بانک سپه', 'brand:en': 'Bank Sepah', 'brand:wikidata': 'Q2882624', 'brand:wikipedia': 'en:Bank Sepah', 'name': 'بانک سپه', 'name:en': 'Bank Sepah', 'operator': 'Sepah Bank'}"
6,node,1219618469,36.2736483,59.6028198,"{'amenity': 'bank', 'atm': 'yes', 'branch': 'رضوی', 'brand': 'بانک ملت', 'brand:en': 'Bank Mellat', 'brand:wikidata': 'Q4855944', 'brand:wikipedia': 'en:Bank Mellat', 'name': 'بانک ملت', 'name:en': 'Bank Mellat'}"
7,node,1219647700,36.2718283,59.5952624,"{'amenity': 'pharmacy', 'healthcare': 'pharmacy', 'name': 'داروخانه روشن', 'name:en': 'Roshan'}"
8,node,1219647740,36.2686332,59.5995022,"{'amenity': 'bank', 'atm': 'yes', 'branch': 'میدان ۱۵ خرداد', 'brand': 'بانک صادرات', 'brand:en': 'Bank Saderat Iran', 'brand:wikidata': 'Q2882608', 'brand:wikipedia': 'en:Bank Saderat Iran', 'name': 'بانک صادرات', 'name:en': 'Bank Saderat Iran', 'operator': 'Saderat Bank'}"
9,node,1750032594,36.2688786,59.5997033,"{'amenity': 'clinic', 'healthcare': 'clinic', 'name': 'درمانگاه امام حسین', 'name:en': 'Imam Hosein clinic', 'opening_hours': '24/7', 'phone': '+98 511 8591200'}"
10,node,1750033042,36.2737653,59.6027558,"{'amenity': 'doctors', 'healthcare': 'doctor', 'name': 'مرکز مشاوره حسین بن علی', 'opening_hours': 'Sa-Th 09:00-21:00', 'phone': '+98 9153107953'}"
11,node,2493167500,36.2802484,59.5970684,"{'amenity': 'bank', 'atm': 'yes', 'branch': 'چهارراه لشکر', 'brand': 'بانک کشاورزی', 'brand:en': 'Bank Keshavarzi Iran', 'brand:wikidata': 'Q6395007', 'brand:wikipedia': 'en:Bank Keshavarzi Iran', 'name': 'بانک کشاورزی', 'name:en': 'Bank Keshavarzi Iran', 'operator': 'Keshavarzi Bank'}"
12,node,2987396683,36.2754482,59.6017556,"{'amenity': 'bank', 'atm': 'yes', 'brand': 'بانک ملی', 'brand:en': 'Bank Melli Iran', 'brand:wikidata': 'Q806640', 'brand:wikipedia': 'en:Bank Melli Iran', 'name': 'بانک ملی', 'name:en': 'Bank Melli Iran'}"
13,node,2987396705,36.2751973,59.6016268,"{'amenity': 'bank', 'atm': 'yes', 'brand': 'بانک رفاه', 'brand:en': 'Refah Bank', 'brand:wikidata': 'Q7307083', 'brand:wikipedia': 'en:Refah Bank', 'name': 'بانک رفاه', 'name:en': 'Refah Bank'}"
14,node,2987494033,36.2753688,59.6019013,"{'amenity': 'bank', 'atm': 'yes', 'brand': 'بانک صادرات', 'brand:en': 'Bank Saderat Iran', 'brand:wikidata': 'Q2882608', 'brand:wikipedia': 'en:Bank Saderat Iran', 'name': 'بانک صادرات', 'name:en': 'Bank Saderat Iran'}"
15,node,2989282187,36.2731689,59.5932341,"{'amenity': 'bank', 'atm': 'yes', 'brand': 'بانک توسعه تعاون', 'brand:wikidata': 'Q5684450', 'brand:wikipedia': 'fa:بانک توسعه تعاون', 'name': 'بانک توسعه تعاون', 'name:en': 'Tose-e-Taavon'}"
16,node,2989284039,36.2758539,59.5929315,"{'amenity': 'bank', 'atm': 'yes', 'name': 'بانک اقتصاد نوین'}"
17,node,2990257268,36.2725153,59.5927371,"{'amenity': 'place_of_worship', 'contact:email': 'masjed79@gmail.com', 'contact:phone': '+98 51 3852 2769', 'denomination': 'shia', 'name': 'مسجد ابا عبدالله', 'religion': 'muslim', 'website': 'http://masjed-a.blogfa.com/'}"
18,node,2990420186,36.2691595,59.5971961,"{'amenity': 'bank', 'atm': 'yes', 'brand': 'بانک مهر اقتصاد', 'brand:wikidata': 'Q5942921', 'brand:wikipedia': 'fa:بانک مهر اقتصاد', 'name': 'بانک مهر اقتصاد', 'name:en': 'Mehr Eqtesad Bank'}"
19,node,2990420190,36.2690738,59.597321,"{'amenity': 'bank', 'atm': 'yes', 'brand': 'بانک کشاورزی', 'brand:en': 'Bank Keshavarzi Iran', 'brand:wikidata': 'Q6395007', 'brand:wikipedia': 'en:Bank Keshavarzi Iran', 'name': 'بانک کشاورزی', 'name:en': 'Bank Keshavarzi Iran'}"
20,node,2990880433,36.2706241,59.5989805,"{'amenity': 'school', 'name': 'دبیرستان دخترانه گل نرگس'}"
21,node,2990880435,36.2766603,59.5933162,"{'amenity': 'bank', 'atm': 'yes', 'name': 'بانک قوامین'}"
22,node,2991269394,36.2740387,59.6026379,"{'amenity': 'place_of_worship', 'denomination': 'shia', 'name': 'مسجد صنعتگران', 'religion': 'muslim'}"
23,node,2991275181,36.2730666,59.6026562,"{'amenity': 'bank', 'brand': 'بانک مهر اقتصاد', 'brand:wikidata': 'Q5942921', 'brand:wikipedia': 'fa:بانک مهر اقتصاد', 'name': 'بانک مهر اقتصاد', 'name:en': 'Mehr Eqtesad Bank'}"
24,node,2992608753,36.278013,59.5993395,"{'amenity': 'bank', 'atm': 'yes', 'branch': 'خیابان بهار (شهید بهشتی)', 'name': 'بانک حکمت ایرانیان'}"
25,node,2992608754,36.2778748,59.5989752,"{'amenity': 'bank', 'brand': 'بانک مسکن', 'brand:en': 'Bank Maskan', 'brand:wikidata': 'Q4855942', 'brand:wikipedia': 'en:Bank Maskan', 'name': 'بانک مسکن', 'name:en': 'Bank Maskan'}"
26,node,2994086563,36.2744337,59.6028865,"{'access': 'yes', 'amenity': 'toilets', 'name': 'سرویس بهداشتی عمومی'}"
27,node,2994110631,36.2692608,59.6000028,"{'amenity': 'bank', 'brand': 'بانک سپه', 'brand:en': 'Bank Sepah', 'brand:wikidata': 'Q2882624', 'brand:wikipedia': 'en:Bank Sepah', 'name': 'بانک سپه', 'name:en': 'Bank Sepah'}"
28,node,3013629665,36.2688259,59.5982415,"{'access': 'yes', 'amenity': 'toilets', 'name': 'سرویس بهداشتی عمومی'}"
29,node,3059454270,36.2789397,59.594218,"{'amenity': 'bank', 'branch': 'عدل خمینی', 'brand': 'بانک رفاه', 'brand:en': 'Refah Bank', 'brand:wikidata': 'Q7307083', 'brand:wikipedia': 'en:Refah Bank', 'name': 'بانک رفاه', 'name:en': 'Refah Bank'}"
30,node,3059454271,36.2766747,59.5928952,"{'amenity': 'pharmacy', 'name': 'داروخانه دکتر کاظمی'}"
31,node,3079738050,36.2774184,59.599103,"{'amenity': 'school', 'name': 'مرکز آموزش روزانه معلولین ذهنی زیر ۱۴ سال آرامش'}"
32,node,3257830855,36.269854,59.5980882,"{'amenity': 'place_of_worship', 'building': 'mosque', 'denomination': 'shia', 'name': 'مسجد چهارده معصوم', 'religion': 'muslim'}"
33,node,3880667416,36.274887,59.5926872,"{'amenity': 'social_facility', 'name': 'اداره بهزیستی شهرستان مشهد', 'social_facility': 'outreach'}"
34,node,3880668629,36.2740303,59.5921822,"{'amenity': 'ice_cream', 'name': 'بستنی غدیر و قادر'}"
35,node,3885813696,36.2716542,59.5990756,"{'amenity': 'taxi', 'name': 'آژانس احسن', 'phone': '+98 21 3854 4885'}"
36,node,3889999770,36.2802661,59.6007095,"{'amenity': 'place_of_worship', 'denomination': 'shia', 'name': 'حسینیه و مجتمع فرهنگی مذهبی حضرت زینب (س)', 'religion': 'muslim'}"
37,node,3920586915,36.2699185,59.5979433,"{'amenity': 'taxi', 'description': 'شبانه روزی', 'name': 'تاکسی سرویس ولیعصر', 'opening_hours': '24/7', 'phone': '+98 51 3852 0800'}"
38,node,4016129431,36.276373,59.5932092,"{'amenity': 'school', 'name': 'دبستان افضل زاده نائینی'}"
39,node,4218812190,36.2737079,59.6029491,"{'addr:street': 'میدان بسیج', 'amenity': 'clinic', 'description': 'مرکز مشاوره و برنامه ریزی تحصیلی - مهندس عربی', 'description:en': 'Plan for students with Mr Arabi', 'email': 'sepehr.Arabi@gmail.com', 'healthcare': 'clinic', 'internet_access': 'wlan', 'opening_hours': 'Sa-Th 09:00-20:00', 'phone': '+98 915 310 7953'}"
40,node,4510292998,36.2770012,59.5934902,{'amenity': 'atm'}
41,node,4581204990,36.2776805,59.5933914,"{'amenity': 'atm', 'operator': 'جر'}"
42,node,4652281689,36.2771301,59.5928712,"{'amenity': 'place_of_worship', 'denomination': 'shia', 'religion': 'muslim'}"
43,node,4724496793,36.2745566,59.6024238,"{'amenity': 'restaurant', 'name:ar': 'ولاية علي'}"
44,node,4724522189,36.2749176,59.6032562,"{'amenity': 'restaurant', 'name:ar': 'ولايت علي'}"
45,node,4756570221,36.2810002,59.5954913,"{'amenity': 'school', 'name': 'مدرسه ارض اقدس'}"
46,node,5044208323,36.2699533,59.6001008,"{'addr:street': 'بین امام رضای ۳۷ و ۳۹', 'amenity': 'bank', 'brand': 'بانک مسکن', 'brand:en': 'Bank Maskan', 'brand:wikidata': 'Q4855942', 'brand:wikipedia': 'en:Bank Maskan', 'name': 'بانک مسکن', 'name:en': 'Bank Maskan', 'opening_hours': 'Mo-Su 07:30-13:30'}"
47,node,5107788849,36.2766959,59.6000035,"{'addr:street': 'بولوار بهار', 'amenity': 'restaurant', 'name': 'چرب وچلی', 'name:ar': 'چرب وچلي خیلي خوب', 'name:en': 'Charbo Chelii'}"
48,node,5209905124,36.2796709,59.5972287,"{'addr:street': 'بولوار بهار', 'amenity': 'bank', 'name': 'بانک انصار', 'name:en': 'BankAnsar'}"
49,node,5209960522,36.2797371,59.597538,"{'addr:street': 'جهاد', 'amenity': 'fast_food', 'name': 'فست فود', 'name:en': 'Fast food'}"
50,node,5492656528,36.2743499,59.5995645,"{'amenity': 'place_of_worship', 'name': 'مسجد چهارده معصوم (س)', 'name:en': '14 mason', 'religion': 'muslim'}"
51,node,9538465417,36.2712424,59.6017656,"{'amenity': 'restaurant', 'name:ar': 'مطعم ديدار'}"
52,node,9827255747,36.2716914,59.6021792,"{'amenity': 'restaurant', 'name': 'رستوران دیدار'}"
53,node,9869619337,36.2764746,59.5977804,"{'amenity': 'place_of_worship', 'name': 'مسجد عباسی', 'religion': 'muslim'}"
