,type,id,lat,lon,tags
0,node,3737110700,36.3965001,59.5011317,"{'addr:city': 'مشهد', 'amenity': 'fuel', 'fuel:cng': 'yes', 'name': 'جایگاه سی ان جی', 'opening_hours': '24/7'}"
1,node,3749571934,36.3940491,59.4994944,"{'amenity': 'toilets', 'name': 'توالت عمومی', 'unisex': 'yes'}"
2,node,4201764491,36.3759716,59.4724001,"{'addr:street': 'بولوار الهیه', 'amenity': 'dentist', 'email': 'hafezdentalclinic@gmail.com', 'internet_access': 'wlan', 'name': 'درمانگاه دندانپزشکی حافظ شرق', 'name:en': 'Hafez E Sharq dental clinic', 'opening_hours': 'Mo-Su 08:40-13:00', 'phone': '+98 51 3531 0898'}"
3,node,4383006991,36.3719738,59.5136648,"{'addr:street': 'میدان حجاب', 'amenity': 'bank', 'name': 'بانک سپه', 'name:en': 'Sepah Bank', 'opening_hours': 'Sa-Th 07:30-13:00'}"
4,node,4392730498,36.3755366,59.5188614,"{'amenity': 'atm', 'name': 'عابر بانک', 'opening_hours': '24/7'}"
5,node,4392730499,36.3719529,59.5137018,"{'addr:street': 'میدان حجاب', 'amenity': 'bank', 'name': 'پست بانک', 'name:en': 'Post Bank', 'opening_hours': 'Sa-Th 07:30-13:00'}"
6,node,4395003296,36.3720454,59.5136732,{'amenity': 'bank'}
7,node,4395014391,36.3720486,59.5136351,{'amenity': 'bank'}
8,node,4395074289,36.3720905,59.5135004,{'amenity': 'fast_food'}
9,node,4395074290,36.3720583,59.51358,"{'amenity': 'bank', 'name': 'بانک سپه', 'name:en': 'Sepah Bank'}"
10,node,4515160924,36.3732053,59.5035164,{'amenity': 'bicycle_rental'}
11,node,4690336101,36.3712424,59.4810103,"{'amenity': 'atm', 'operator': 'ATM Sepah Bank'}"
12,node,4690336496,36.3750226,59.4793101,"{'amenity': 'atm', 'opening_hours': '24/7', 'operator': 'ATM Tejarat Bank'}"
13,node,4712886789,36.3740365,59.4771141,"{'amenity': 'townhall', 'name': 'شهرداری منطقه ۱۲', 'name:en': 'Municipality District 12', 'office': 'government'}"
14,node,4782443223,36.3761628,59.4723113,"{'amenity': 'atm', 'opening_hours': 'Mo-Su 09:00-22:00', 'operator': 'Hekmat Bank ATM'}"
15,node,4782453221,36.3761867,59.4723388,"{'addr:street': 'الهیه ۲۵', 'amenity': 'dentist', 'email': 'hafezdentalclinic@gmail.com', 'internet_access': 'wlan', 'name': 'درمانگاه دندانپزشکی حافظ شرق', 'name:en': 'Hafez E Sharq dental clinic', 'opening_hours': 'Sa-Th 09:00-13:00', 'phone': '+98 51 3531 0898'}"
16,node,5183135722,36.3800879,59.4862245,"{'amenity': 'restaurant', 'delivery': 'yes', 'name': 'رستوران مادرجون', 'name:en': 'Madar Joon Restaurant', 'outdoor_seating': 'no', 'smoking': 'no', 'takeaway': 'yes'}"
17,node,5183135744,36.377891,59.4898466,"{'amenity': 'place_of_worship', 'building': 'mosque', 'denomination': 'shia', 'name': 'مسجد در حال ساخت', 'religion': 'muslim'}"
18,node,5218109623,36.3727493,59.4875617,"{'amenity': 'toilets', 'operator': 'روبروی دانشگاه سما ، مسجد'}"
19,node,5311743248,36.3745158,59.4758951,{'amenity': 'pharmacy'}
20,node,5329132778,36.371872,59.5138739,"{'amenity': 'police', 'name': 'ایستگاه پلیس'}"
21,node,5349094754,36.3715731,59.5128955,"{'amenity': 'cafe', 'name': 'آبمیوه فروشی'}"
22,node,5349109155,36.3713892,59.5126004,"{'amenity': 'fast_food', 'name': 'فست فود'}"
23,node,5349153976,36.372963,59.5101749,"{'amenity': 'fast_food', 'name': 'فست فود'}"
24,node,5349164780,36.3726965,59.5099855,"{'amenity': 'fast_food', 'name': 'فست فود'}"
25,node,5352135529,36.3754456,59.5091676,"{'amenity': 'telephone', 'name': 'کیوسک تلفن'}"
26,node,5502049962,36.3787079,59.5168909,"{'amenity': 'parking', 'parking': 'surface', 'surface': 'asphalt'}"
27,node,6188295967,36.3989245,59.5114995,{'amenity': 'atm'}
28,node,6484973449,36.3796823,59.5191751,"{'amenity': 'toilets', 'operator': 'سرویس بهداشتی'}"
29,node,6497397970,36.3802449,59.470208,"{'amenity': 'place_of_worship', 'name': 'نمازخانه صادقیه', 'religion': 'muslim'}"
30,node,6777083286,36.3740981,59.4765643,"{'addr:street': 'میدان ولیعصر', 'amenity': 'clinic', 'name': 'درمانگاه الهیه', 'name:en': 'Clinic'}"
31,node,8112505628,36.3783706,59.5118927,"{'amenity': 'fire_station', 'name': 'ایستگاه ۳۵ آتش نشانی'}"
32,node,8140050489,36.3818788,59.4965381,"{'amenity': 'place_of_worship', 'name': 'مسجد فاطمه الزهرا', 'religion': 'muslim'}"
33,node,9443839501,36.3807036,59.4711991,"{'amenity': 'atm', 'cash_in': 'yes', 'currency:rial': 'yes', 'operator': 'خودپرداز بانک شهر'}"
34,node,9443839502,36.3806913,59.4711812,"{'amenity': 'atm', 'cash_in': 'yes', 'currency:rial': 'yes', 'operator': 'خودپرداز بانک پاسارگاد'}"
35,node,9776656381,36.3988872,59.4982264,"{'amenity': 'ice_cream', 'name': 'تولیدی بستنی محلی علیزاده', 'opening_hours': '12_12', 'outdoor_seating': 'no'}"
36,node,10006745092,36.3773784,59.4714406,"{'amenity': 'restaurant', 'name': 'کترینگ شاهان'}"
37,node,10019543717,36.3776499,59.5044883,"{'addr:street': 'عصمتیه ۱', 'amenity': 'fuel', 'name:fa': 'تاسیسات گاز مایع امین غلامی'}"
38,node,10137641488,36.3851647,59.5192019,"{'amenity': 'bus_station', 'name': 'پایانه میثاق'}"
39,node,10262418222,36.3719306,59.5128017,"{'addr:city': 'مشهد', 'addr:street': 'میدان شهید قاسمی دانا', 'amenity': 'cafe', 'cuisine': 'international', 'internet_access': 'yes', 'internet_access:fee': 'yes', 'name': 'خدمات آداک  (کافی نت،چاپ دیجیتال،خدمات کامپیوتری)', 'opening_hours': 'Mo-Su 10:00-22:00', 'phone': '+98 91 5006 200', 'source': 'خدمات آداک (کافی نت،چاپ دیجیتال،خدمات کامپیوتری)', 'start_date': '20210101'}"
