,type,id,lat,lon,tags
0,node,667325419,36.297534,59.543371,"{'addr:street': 'شهید کلانتری', 'amenity': 'restaurant', 'cuisine': 'kebab;chicken;asian;seafood', 'name': 'معین درباری', 'name:en': 'Moin Darbari Restaurant', 'phone': '+98 51 3878 5248', 'smoking': 'no', 'takeaway': 'yes'}"
1,node,1057534056,36.2839245,59.5483476,"{'addr:street': 'میدان شهید کاوه', 'amenity': 'bank', 'name': 'بانک ملی', 'operator': 'Melli Bank'}"
2,node,1750032582,36.2851845,59.5479134,"{'amenity': 'pharmacy', 'dispensing': 'no', 'name': 'داروخانه شبانه روزی دکتر عماد حقی', 'name:en': 'Dr. Emad Haqi drugstore', 'opening_hours': '24/7', 'phone': '+98 511 8763043'}"
3,node,1750032603,36.2897103,59.5404223,"{'amenity': 'bank', 'atm': 'yes', 'branch': 'رودکی', 'brand': 'بانک ملت', 'brand:en': 'Bank Mellat', 'brand:wikidata': 'Q4855944', 'brand:wikipedia': 'en:Bank Mellat', 'name': 'بانک ملت', 'name:en': 'Bank Mellat', 'operator': 'Mellat Bank'}"
4,node,1750032609,36.2892713,59.5411844,"{'amenity': 'bank', 'atm': 'yes', 'branch': 'خاقانی', 'brand': 'بانک صادرات', 'brand:en': 'Bank Saderat Iran', 'brand:wikidata': 'Q2882608', 'brand:wikipedia': 'en:Bank Saderat Iran', 'name': 'بانک صادرات', 'name:en': 'Bank Saderat Iran', 'operator': 'Saderat Bank'}"
5,node,1750032610,36.2938891,59.5432549,"{'addr:street': 'بولوار رضوی', 'amenity': 'bank', 'atm': 'yes', 'branch': 'رضوی', 'brand': 'بانک صادرات', 'brand:en': 'Bank Saderat Iran', 'brand:wikidata': 'Q2882608', 'brand:wikipedia': 'en:Bank Saderat Iran', 'name': 'بانک صادرات', 'name:en': 'Bank Saderat Iran', 'operator': 'Saderat Bank'}"
6,node,1750033044,36.2909151,59.5384696,"{'addr:street': 'بولوار پیروزی', 'amenity': 'bank', 'atm': 'yes', 'branch': 'رضاشهر', 'brand': 'بانک سپه', 'brand:en': 'Bank Sepah', 'brand:wikidata': 'Q2882624', 'brand:wikipedia': 'en:Bank Sepah', 'drive_through': 'yes', 'name': 'بانک سپه', 'name:en': 'Bank Sepah', 'operator': 'Sepah Bank'}"
7,node,1750033045,36.2928181,59.5446316,"{'addr:city': 'مشهد', 'addr:street': 'بولوار رضوی', 'amenity': 'place_of_worship', 'denomination': 'shia', 'name': 'مسجد المهدی', 'name:en': 'Almahdi Mosque', 'religion': 'muslim'}"
8,node,1750033046,36.2944187,59.5431935,"{'amenity': 'bank', 'atm': 'yes', 'brand': 'بانک ملت', 'brand:en': 'Bank Mellat', 'brand:wikidata': 'Q4855944', 'brand:wikipedia': 'en:Bank Mellat', 'name': 'بانک ملت', 'name:en': 'Bank Mellat', 'operator': 'Mellat Bank'}"
9,node,1750033049,36.2897037,59.5395226,"{'addr:street': 'بولوار پیروزی', 'amenity': 'bank', 'atm': 'yes', 'brand': 'بانک کشاورزی', 'brand:en': 'Bank Keshavarzi Iran', 'brand:wikidata': 'Q6395007', 'brand:wikipedia': 'en:Bank Keshavarzi Iran', 'name': 'بانک کشاورزی', 'name:en': 'Bank Keshavarzi Iran', 'operator': 'Agriculture Bank'}"
10,node,2427123690,36.2881839,59.5429877,"{'amenity': 'pharmacy', 'dispensing': 'no', 'name': 'داروخانه دکتر شهنواز', 'name:en': 'Dr. Shahnavaz drugstore'}"
11,node,3260508485,36.2931743,59.5358975,"{'amenity': 'school', 'name': 'مرکز جامع توانبخشی معلولان ذهنی رشد'}"
12,node,3698775792,36.2895786,59.5558087,"{'amenity': 'bank', 'branch': 'صداوسیما', 'brand': 'بانک تجارت', 'brand:wikidata': 'Q7695198', 'brand:wikipedia': 'en:Tejarat Bank', 'name': 'بانک تجارت', 'name:en': 'Tejarat Bank'}"
13,node,4386136190,36.3008206,59.5372096,"{'amenity': 'toilets', 'name': 'توالت عمومی'}"
14,node,4411341490,36.2943328,59.5427449,"{'addr:street': 'خاقانی ۴', 'amenity': 'restaurant', 'name': 'رستوران سنتی کلبه دنج', 'name:en': 'Kolbe-Denj Traditional Restaurant'}"
15,node,4417475300,36.2995033,59.5319417,"{'amenity': 'restaurant', 'name': 'کباب رضوی', 'phone': '+98 51 3878 2338'}"
16,node,4417514631,36.2922162,59.5458684,"{'addr:city': 'مشهد', 'addr:street': 'بولوار رضوی', 'amenity': 'school', 'fee': 'yes', 'name': 'پیش دبستانی و دبستان رضوی', 'name:en': 'Razavi School&primary School'}"
17,node,4417524773,36.2878083,59.544559,"{'amenity': 'post_office', 'name': 'پست'}"
18,node,4417528354,36.2875347,59.5431982,"{'amenity': 'school', 'name': 'دبیرستان بهشت', 'name:en': 'Behesht High School'}"
19,node,4417531200,36.2910653,59.5374202,"{'addr:street': 'بولوار پیروزی', 'amenity': 'register_office', 'name': 'دفتر رسمی ازدواج ۱۱۶ مشهد'}"
20,node,4417531225,36.2911936,59.5370697,"{'amenity': 'school', 'name': 'دبستان بهشت', 'name:en': 'Primary School'}"
21,node,4419128683,36.294462,59.5425131,"{'addr:street': 'نبش خاقانی ۴', 'amenity': 'fast_food', 'cuisine': 'burger', 'name': 'ساندویج پارت'}"
22,node,4422402593,36.2894426,59.5402342,"{'amenity': 'pharmacy', 'healthcare': 'pharmacy', 'name': 'داروخانه دکتر عطاران', 'name:en': 'Dr.Attaran Pharmacy'}"
23,node,4447719191,36.2850952,59.5478778,"{'amenity': 'clinic', 'name': 'درمانگاه شبانه روزی آریا'}"
24,node,4860877621,36.2897984,59.539642,"{'amenity': 'atm', 'operator': 'آشیونه'}"
25,node,4915018705,36.2998301,59.5373067,"{'addr:city': 'مشهد', 'addr:street': 'رضوی ۱۹', 'amenity': 'fast_food', 'cuisine': 'regional', 'delivery': 'yes', 'description': 'شب شنبه تعطیل است.', 'drive_through': 'yes', 'name': 'آشپزخانه طباطبایی', 'name:en': 'Tabatabaei Take away food', 'opening_hours': 'Mo-Su 11:00-24:00', 'outdoor_seating': 'no', 'phone': '+98 51 3879 0258', 'smoking': 'no', 'takeaway': 'yes'}"
26,node,4915018706,36.2915822,59.549013,"{'addr:city': 'مشهد', 'addr:street': 'دعبل خزائی', 'amenity': 'restaurant', 'cuisine': 'regional', 'delivery': 'yes', 'name': 'رستوران، کبابی و حلیم قائم', 'name:en': 'Qaem Restaurant', 'outdoor_seating': 'no', 'smoking': 'no', 'takeaway': 'yes'}"
27,node,4989760122,36.289993,59.5390216,"{'amenity': 'clinic', 'name': 'درمانگاه شبانه روزی صحت'}"
28,node,5036468921,36.2921337,59.5386714,"{'addr:city': 'مشهد', 'addr:street': 'بولوار خاقانی', 'amenity': 'school', 'name': 'دبیرستان نمونه دولتی دانیال'}"
29,node,5055555121,36.301047,59.5386728,"{'amenity': 'cafe', 'name': 'کافی شاپ بیسکویت', 'name:en': 'Biscuit cafe'}"
30,node,5122006621,36.2847432,59.5500401,"{'addr:housenumber': '5', 'addr:street': 'بولوار شهید کاوه', 'amenity': 'restaurant', 'cuisine': 'persian', 'delivery': 'yes', 'internet_access': 'wlan', 'name': 'نان داغ کباب داغ امید رضاشهر', 'name:en': 'Omid Restaurant', 'opening_hours': 'Mo-Su 10:00-00:00', 'operator': 'میرجلیلی', 'outdoor_seating': 'no', 'phone': '+98 51 3879 7988', 'smoking': 'no', 'takeaway': 'yes'}"
31,node,5203104417,36.2886679,59.5457506,"{'amenity': 'restaurant', 'name': 'رستوران سدروس', 'name:en': 'Sadrous Restaurant'}"
32,node,5418812467,36.2881944,59.5429348,"{'addr:street': 'پیروزی ۷ (استاد حامد)', 'amenity': 'community_centre', 'name': 'Touchci', 'name:fa': 'تاچ سی - تاچسی'}"
33,node,6436927485,36.2934151,59.5332009,"{'amenity': 'restaurant', 'name': 'مطعم كباب فيروز'}"
34,node,8454030528,36.293027,59.5327073,"{'amenity': 'restaurant', 'name': 'جگری چرب و چیلی'}"
35,node,9216875026,36.3009353,59.5386578,"{'amenity': 'waste_basket', 'waste': 'trash'}"
36,node,10296944145,36.2886324,59.5413709,"{'amenity': 'school', 'name': 'دبیرستان دخترانه علم و فرهنگ'}"
37,node,10737870016,36.2930686,59.5327409,"{'amenity': 'restaurant', 'name': 'جگرسرای هفت کباب'}"
