,type,id,lat,lon,tags
0,node,650315340,36.2816457,59.5995532,"{'amenity': 'hospital', 'name': 'بیمارستان فوق تخصصی ارولوژی ایرانیان'}"
1,node,651567794,36.28148,59.5997421,"{'amenity': 'hospital', 'name': 'بیمارستان سینا', 'name:en': 'Sina Hospital', 'wikidata': 'Q574872'}"
2,node,1219618256,36.2763186,59.6010924,"{'amenity': 'bank', 'atm': 'yes', 'branch': 'بهار', 'brand': 'بانک سپه', 'brand:en': 'Bank Sepah', 'brand:wikidata': 'Q2882624', 'brand:wikipedia': 'en:Bank Sepah', 'name': 'بانک سپه', 'name:en': 'Bank Sepah', 'operator': 'Sepah Bank'}"
3,node,1219618469,36.2736483,59.6028198,"{'amenity': 'bank', 'atm': 'yes', 'branch': 'رضوی', 'brand': 'بانک ملت', 'brand:en': 'Bank Mellat', 'brand:wikidata': 'Q4855944', 'brand:wikipedia': 'en:Bank Mellat', 'name': 'بانک ملت', 'name:en': 'Bank Mellat'}"
4,node,1750033042,36.2737653,59.6027558,"{'amenity': 'doctors', 'healthcare': 'doctor', 'name': 'مرکز مشاوره حسین بن علی', 'opening_hours': 'Sa-Th 09:00-21:00', 'phone': '+98 9153107953'}"
5,node,2987396683,36.2754482,59.6017556,"{'amenity': 'bank', 'atm': 'yes', 'brand': 'بانک ملی', 'brand:en': 'Bank Melli Iran', 'brand:wikidata': 'Q806640', 'brand:wikipedia': 'en:Bank Melli Iran', 'name': 'بانک ملی', 'name:en': 'Bank Melli Iran'}"
6,node,2987396705,36.2751973,59.6016268,"{'amenity': 'bank', 'atm': 'yes', 'brand': 'بانک رفاه', 'brand:en': 'Refah Bank', 'brand:wikidata': 'Q7307083', 'brand:wikipedia': 'en:Refah Bank', 'name': 'بانک رفاه', 'name:en': 'Refah Bank'}"
7,node,2987494033,36.2753688,59.6019013,"{'amenity': 'bank', 'atm': 'yes', 'brand': 'بانک صادرات', 'brand:en': 'Bank Saderat Iran', 'brand:wikidata': 'Q2882608', 'brand:wikipedia': 'en:Bank Saderat Iran', 'name': 'بانک صادرات', 'name:en': 'Bank Saderat Iran'}"
8,node,2991269394,36.2740387,59.6026379,"{'amenity': 'place_of_worship', 'denomination': 'shia', 'name': 'مسجد صنعتگران', 'religion': 'muslim'}"
9,node,2991275314,36.2777089,59.6072311,"{'amenity': 'bank', 'name': 'بانک کشاورزی'}"
10,node,2991275735,36.274305,59.6041879,"{'amenity': 'bank', 'brand': 'بانک ملی', 'brand:en': 'Bank Melli Iran', 'brand:wikidata': 'Q806640', 'brand:wikipedia': 'en:Bank Melli Iran', 'name': 'بانک ملی', 'name:en': 'Bank Melli Iran'}"
11,node,2992608753,36.278013,59.5993395,"{'amenity': 'bank', 'atm': 'yes', 'branch': 'خیابان بهار (شهید بهشتی)', 'name': 'بانک حکمت ایرانیان'}"
12,node,2992608754,36.2778748,59.5989752,"{'amenity': 'bank', 'brand': 'بانک مسکن', 'brand:en': 'Bank Maskan', 'brand:wikidata': 'Q4855942', 'brand:wikipedia': 'en:Bank Maskan', 'name': 'بانک مسکن', 'name:en': 'Bank Maskan'}"
13,node,2994086548,36.2746707,59.6040245,"{'amenity': 'bank', 'brand': 'بانک صادرات', 'brand:en': 'Bank Saderat Iran', 'brand:wikidata': 'Q2882608', 'brand:wikipedia': 'en:Bank Saderat Iran', 'name': 'بانک صادرات', 'name:en': 'Bank Saderat Iran'}"
14,node,2994086549,36.2782979,59.6078058,"{'amenity': 'bank', 'name': 'بانک ملت'}"
15,node,2994086560,36.2755667,59.6048146,"{'amenity': 'bank', 'name': 'بانک ملی'}"
16,node,2994086561,36.2757042,59.6049436,"{'amenity': 'bank', 'name': 'بانک سپه'}"
17,node,2994086563,36.2744337,59.6028865,"{'access': 'yes', 'amenity': 'toilets', 'name': 'سرویس بهداشتی عمومی'}"
18,node,2994116022,36.2788143,59.6074834,"{'amenity': 'bank', 'atm': 'yes', 'brand': 'بانک صادرات', 'brand:en': 'Bank Saderat Iran', 'brand:wikidata': 'Q2882608', 'brand:wikipedia': 'en:Bank Saderat Iran', 'name': 'بانک صادرات', 'name:en': 'Bank Saderat Iran'}"
19,node,2994384289,36.2759081,59.6051018,"{'amenity': 'pharmacy', 'name': 'داروخانه الله یاری'}"
20,node,3079738050,36.2774184,59.599103,"{'amenity': 'school', 'name': 'مرکز آموزش روزانه معلولین ذهنی زیر ۱۴ سال آرامش'}"
21,node,3745190491,36.2803094,59.6051916,"{'amenity': 'clinic', 'name': 'مرکز روانشناختی و مشاوره خانواده ناحیه ۲ مشهد', 'phone': '+98 51 3859 9699'}"
22,node,3750584435,36.2749152,59.6048648,"{'amenity': 'pharmacy', 'healthcare': 'pharmacy', 'name': 'داروخانه دکتر فراستی نیک'}"
23,node,3750584436,36.2792577,59.6077315,"{'amenity': 'restaurant', 'name': 'أبو الباچه'}"
24,node,3750584437,36.2789301,59.6074968,"{'amenity': 'bank', 'brand': 'بانک صادرات', 'brand:en': 'Bank Saderat Iran', 'brand:wikidata': 'Q2882608', 'brand:wikipedia': 'en:Bank Saderat Iran', 'name': 'بانک صادرات', 'name:en': 'Bank Saderat Iran'}"
25,node,3889059744,36.2774062,59.6077193,"{'amenity': 'place_of_worship', 'denomination': 'shia', 'name': 'حسینیه سربیشه ای ها', 'religion': 'muslim'}"
26,node,3889999770,36.2802661,59.6007095,"{'amenity': 'place_of_worship', 'denomination': 'shia', 'name': 'حسینیه و مجتمع فرهنگی مذهبی حضرت زینب (س)', 'religion': 'muslim'}"
27,node,4218812190,36.2737079,59.6029491,"{'addr:street': 'میدان بسیج', 'amenity': 'clinic', 'description': 'مرکز مشاوره و برنامه ریزی تحصیلی - مهندس عربی', 'description:en': 'Plan for students with Mr Arabi', 'email': 'sepehr.Arabi@gmail.com', 'healthcare': 'clinic', 'internet_access': 'wlan', 'opening_hours': 'Sa-Th 09:00-20:00', 'phone': '+98 915 310 7953'}"
28,node,4435938977,36.2792802,59.6064166,"{'addr:street': 'خیابان دانش', 'amenity': 'marketplace', 'name': 'سرای بلور', 'name:en': 'سوق سرای بلور'}"
29,node,4724496793,36.2745566,59.6024238,"{'amenity': 'restaurant', 'name:ar': 'ولاية علي'}"
30,node,4724518189,36.275426,59.6055086,"{'amenity': 'restaurant', 'name:ar': 'الصادق'}"
31,node,4724522189,36.2749176,59.6032562,"{'amenity': 'restaurant', 'name:ar': 'ولايت علي'}"
32,node,5006304324,36.2784464,59.6078808,{'amenity': 'restaurant'}
33,node,5008645021,36.276002,59.6058436,"{'addr:street': 'امام رضا ۲۱', 'amenity': 'restaurant', 'name': 'رستوران تشریفات لبنان', 'name:ar': 'مطعم نسيم لبنان'}"
34,node,5107788849,36.2766959,59.6000035,"{'addr:street': 'بولوار بهار', 'amenity': 'restaurant', 'name': 'چرب وچلی', 'name:ar': 'چرب وچلي خیلي خوب', 'name:en': 'Charbo Chelii'}"
35,node,5209960522,36.2797371,59.597538,"{'addr:street': 'جهاد', 'amenity': 'fast_food', 'name': 'فست فود', 'name:en': 'Fast food'}"
36,node,5492656528,36.2743499,59.5995645,"{'amenity': 'place_of_worship', 'name': 'مسجد چهارده معصوم (س)', 'name:en': '14 mason', 'religion': 'muslim'}"
37,node,5767459553,36.2747366,59.6046222,"{'amenity': 'pharmacy', 'name': 'داروخانه دکتر فراستی', 'name:en': 'Dr.Ferasati'}"
38,node,5787395986,36.2783081,59.6071012,"{'amenity': 'pharmacy', 'name': 'داروخانه دکتر فاطمه سلطانی', 'name:en': 'Dr.Soltani Pharmacy', 'phone': '+98 51 3858 3419'}"
39,node,6140730989,36.2771044,59.6066301,"{'addr:street': 'خیابان امام رضا', 'amenity': 'bank', 'name': 'بانک شهر', 'opening_hours': 'Sa-We 08:00-14:00; Th 08:00-12:00'}"
40,node,6534382985,36.278314,59.6072494,"{'amenity': 'pharmacy', 'name': 'صيدليه'}"
41,node,6534528286,36.2755229,59.6054271,"{'amenity': 'restaurant', 'name:en': 'مطعم الصادق'}"
42,node,7222874292,36.2761045,59.607821,"{'addr:city': 'mashhad', 'addr:housenumber': '18', 'addr:street': 'امام رضا ۱۸', 'amenity': 'place_of_worship', 'denomination': 'shia', 'name': 'حسينيه آيت الله طبسي حائري', 'name:en': 'Tabasi Haeri Mosque', 'name:fa': 'حسينيه آيت الله طبسي حائري', 'religion': 'muslim'}"
43,node,9702359417,36.2812342,59.5978832,"{'amenity': 'clinic', 'healthcare': 'clinic', 'name': 'سلامتکده تندرستان'}"
44,node,9869619337,36.2764746,59.5977804,"{'amenity': 'place_of_worship', 'name': 'مسجد عباسی', 'religion': 'muslim'}"
45,node,9928930462,36.2810262,59.6078222,"{'access': 'yes', 'amenity': 'parking', 'capacity': '200', 'email': 'info@optimpark.com', 'name': 'پارکینگ مکانیزه امام رضا (ع)', 'name:en': 'Imam Reza Mechanized Parking', 'name:fa': 'پارکینگ مکانیزه امام رضا (ع)', 'parking': 'multi-storey', 'phone': '+982128111113', 'website': 'https://optimpark.com/'}"
