,type,id,lat,lon,tags
0,node,262495882,36.3033738,59.6239586,{'amenity': 'taxi'}
1,node,286961069,36.3292009,59.5830029,{'amenity': 'fountain'}
2,node,344463542,36.301873,59.5932674,"{'amenity': 'bank', 'name': 'بانک مسکن', 'name:en': 'Maskan', 'operator': 'Maskan Bank'}"
3,node,344463563,36.3013282,59.5920795,"{'amenity': 'bank', 'bci': '8555', 'branch': 'تختی', 'brand': 'بانک ملی', 'brand:en': 'Bank Melli Iran', 'brand:wikidata': 'Q806640', 'brand:wikipedia': 'en:Bank Melli Iran', 'name': 'بانک ملی', 'name:en': 'Bank Melli Iran', 'operator': 'Melli Bank'}"
4,node,344463748,36.3014541,59.5924248,"{'amenity': 'bank', 'branch': 'سعدآباد', 'brand': 'بانک صادرات', 'brand:en': 'Bank Saderat Iran', 'brand:wikidata': 'Q2882608', 'brand:wikipedia': 'en:Bank Saderat Iran', 'name': 'بانک صادرات', 'name:en': 'Bank Saderat Iran'}"
5,node,344464839,36.3012227,59.5840234,"{'amenity': 'bank', 'bic': '8507', 'branch': 'سناباد', 'brand': 'بانک ملی', 'brand:en': 'Bank Melli Iran', 'brand:wikidata': 'Q806640', 'brand:wikipedia': 'en:Bank Melli Iran', 'name': 'بانک ملی', 'name:en': 'Bank Melli Iran', 'operator': 'Melli Bank'}"
6,node,344464846,36.3008846,59.5838327,"{'amenity': 'bank', 'branch': 'سناباد', 'brand': 'بانک صادرات', 'brand:en': 'Bank Saderat Iran', 'brand:fa': 'بانک صادرات', 'brand:wikidata': 'Q2882608', 'brand:wikipedia': 'en:Bank Saderat Iran', 'name': 'بانک صادرات', 'name:en': 'Bank Saderat Iran', 'name:fa': 'بانک صادرات', 'operator': 'Saderat Bank'}"
7,node,649201566,36.3062437,59.5724595,"{'amenity': 'university', 'name': 'دانشگاه آزاد علوم پایه', 'name:en': 'Azad University'}"
8,node,667330140,36.306391,59.6025039,"{'amenity': 'fire_station', 'name': 'ایستگاه آتش نشانی شماره ۱', 'name:en': 'FireStation No. 1'}"
9,node,667345812,36.3247499,59.5857413,"{'amenity': 'fire_station', 'name': 'ساختمان مرکزی آتش نشانی', 'name:en': 'Central FireStation Building'}"
10,node,667345819,36.3427186,59.6008529,"{'addr:city': 'مشهد', 'amenity': 'fire_station', 'name': 'ایستگاه آتش نشانی شماره ۲۱', 'name:en': 'No. 21 FireStation'}"
11,node,668994185,36.3064856,59.5951381,"{'amenity': 'bank', 'atm': 'yes', 'branch': 'مطهری', 'brand': 'بانک تجارت', 'brand:wikidata': 'Q7695198', 'brand:wikipedia': 'en:Tejarat Bank', 'name': 'بانک تجارت'}"
12,node,668994186,36.306759,59.5957142,"{'amenity': 'pharmacy', 'healthcare': 'pharmacy', 'name': 'داروخانه دکتر رحمانی', 'name:en': 'Dr. Rahmani Drugstore'}"
13,node,670899554,36.2985737,59.5914949,"{'amenity': 'bank', 'atm': 'yes', 'branch': 'پل خاکی', 'brand': 'بانک ملت', 'brand:en': 'Bank Mellat', 'brand:wikidata': 'Q4855944', 'brand:wikipedia': 'en:Bank Mellat', 'name': 'بانک ملت', 'name:en': 'Bank Mellat'}"
14,node,706667936,36.3237508,59.6223038,"{'amenity': 'bank', 'atm': 'no', 'branch': 'خواجه ربیع', 'brand': 'بانک مسکن', 'brand:en': 'Bank Maskan', 'brand:wikidata': 'Q4855942', 'brand:wikipedia': 'en:Bank Maskan', 'name': 'بانک مسکن', 'name:en': 'Bank Maskan'}"
15,node,1081996502,36.3141837,59.5758046,"{'amenity': 'library', 'name': 'کتابخانه شهید ربانی', 'name:en': 'Shahid Rabani Library', 'phone': '+98 511 726017'}"
16,node,1088548480,36.2981662,59.5704822,"{'amenity': 'bank', 'atm': 'yes', 'branch': 'راهنمایی', 'brand': 'بانک ملت', 'brand:en': 'Bank Mellat', 'brand:wikidata': 'Q4855944', 'brand:wikipedia': 'en:Bank Mellat', 'name': 'بانک ملت', 'name:en': 'Bank Mellat', 'operator': 'Mellat Bank'}"
17,node,1183473358,36.2989029,59.5972923,"{'amenity': 'place_of_worship', 'denomination': 'shia', 'name': 'مسجد صاحب الزمان', 'name:en': 'Saheb-al-Zaman Mosque', 'religion': 'muslim'}"
18,node,1750032578,36.3045324,59.5748304,"{'amenity': 'clinic', 'name': 'درمانگاه الغدیر', 'name:en': 'Al-Qadir clinic', 'opening_hours': '24/7', 'phone': '+98 511 8418118'}"
19,node,2010637214,36.3337883,59.5886876,"{'amenity': 'place_of_worship', 'denomination': 'shia', 'religion': 'muslim'}"
20,node,2010647717,36.3250757,59.5983134,"{'amenity': 'place_of_worship', 'denomination': 'shia', 'name': 'مسجد المهدی', 'religion': 'muslim'}"
21,node,2318577405,36.309592,59.5829612,"{'amenity': 'place_of_worship', 'denomination': 'shia', 'name': 'مسجد چهارده معصوم', 'religion': 'muslim'}"
22,node,2318590042,36.3024564,59.5770653,"{'amenity': 'pharmacy', 'dispensing': 'no', 'name': 'داروخانه دکتر امیرى', 'name:en': 'Dr. Amiri Pharmacy'}"
23,node,2446884535,36.3053655,59.5787522,"{'amenity': 'restaurant', 'cuisine': 'regional', 'name': 'رستوران رضایی', 'name:en': 'Rezaee Resaurant'}"
24,node,2559089242,36.3121725,59.6135672,"{'amenity': 'bank', 'atm': 'yes', 'branch': 'سمرقند', 'brand': 'بانک ملی', 'brand:en': 'Bank Melli Iran', 'brand:wikidata': 'Q806640', 'brand:wikipedia': 'en:Bank Melli Iran', 'name': 'بانک ملی', 'name:en': 'Bank Melli Iran'}"
25,node,2559089245,36.3198888,59.6192781,"{'amenity': 'bank', 'atm': 'yes', 'branch': 'سمزقند', 'brand': 'بانک سپه', 'brand:en': 'Bank Sepah', 'brand:wikidata': 'Q2882624', 'brand:wikipedia': 'en:Bank Sepah', 'name': 'بانک سپه', 'name:en': 'Bank Sepah'}"
26,node,2559089247,36.3217441,59.6205129,"{'amenity': 'bank', 'atm': 'yes', 'branch': 'سمرقند', 'brand': 'بانک تجارت', 'brand:wikidata': 'Q7695198', 'brand:wikipedia': 'en:Tejarat Bank', 'name': 'بانک تجارت', 'name:en': 'Tejarat Bank'}"
27,node,2559090259,36.3335996,59.5832278,"{'amenity': 'fuel', 'brand': 'Independent', 'name': 'جایگاه اختصاصی ۱۶۵'}"
28,node,2559090263,36.3141747,59.6120633,"{'amenity': 'place_of_worship', 'denomination': 'shia', 'name': 'مسجد غدیر باباعلی', 'religion': 'muslim'}"
29,node,2614629930,36.3014005,59.6059662,"{'amenity': 'place_of_worship', 'denomination': 'shia', 'name': '۱۲ امامی\u200cها', 'name:ar': '12 الأئمة', 'name:en': '12 emamiha', 'religion': 'muslim'}"
30,node,2615131100,36.3003445,59.5997795,{'amenity': 'school'}
31,node,2615131101,36.3006093,59.6013969,"{'amenity': 'place_of_worship', 'name': 'مسجد سجادیه', 'name:en': 'sajjadiye', 'religion': 'muslim'}"
32,node,2615131102,36.3001386,59.6039725,"{'amenity': 'place_of_worship', 'denomination': 'shia', 'religion': 'muslim'}"
33,node,2989283897,36.2980141,59.5714057,"{'amenity': 'college', 'name': 'مجتمع تعلیم و تربیت عباس زادگان'}"
34,node,3002597657,36.3009896,59.6192149,"{'amenity': 'place_of_worship', 'denomination': 'shia', 'religion': 'muslim'}"
35,node,3074637797,36.298195,59.570388,"{'amenity': 'bank', 'branch': 'احمد آباد کد ۲۰۳۹', 'brand': 'بانک انصار', 'brand:wikidata': 'Q5862675', 'brand:wikipedia': 'fa:بانک انصار', 'name': 'بانک انصار'}"
36,node,3168068194,36.3289286,59.6239336,"{'amenity': 'place_of_worship', 'name': 'مسجد فاطمه الزهرا', 'religion': 'muslim'}"
37,node,3179633986,36.3183832,59.5909502,{'amenity': 'fuel'}
38,node,3179634067,36.3050137,59.6117699,"{'amenity': 'place_of_worship', 'building': 'mosque', 'denomination': 'shia', 'name': 'حسینیه حضرت رضا', 'religion': 'muslim'}"
39,node,3179634068,36.3250097,59.5946696,"{'amenity': 'bank', 'atm': 'yes', 'branch': 'بولوار ابوطالب', 'brand': 'بانک سپه', 'brand:en': 'Bank Sepah', 'brand:wikidata': 'Q2882624', 'brand:wikipedia': 'en:Bank Sepah', 'name': 'بانک سپه', 'name:en': 'Bank Sepah'}"
40,node,3260501755,36.3018616,59.5938623,"{'amenity': 'school', 'name': 'مرکز آموزشی خصوصی کم توانان ذهنی روان پویا'}"
41,node,3294177314,36.3030517,59.608635,"{'amenity': 'bank', 'brand': 'بانک صادرات', 'brand:en': 'Bank Saderat Iran', 'brand:wikidata': 'Q2882608', 'brand:wikipedia': 'en:Bank Saderat Iran', 'name': 'بانک صادرات', 'name:en': 'Bank Saderat Iran'}"
42,node,3316899443,36.3026243,59.6098202,"{'amenity': 'bank', 'brand': 'بانک سپه', 'brand:en': 'Bank Sepah', 'brand:wikidata': 'Q2882624', 'brand:wikipedia': 'en:Bank Sepah', 'name': 'بانک سپه', 'name:en': 'Bank Sepah'}"
43,node,3316899444,36.3030286,59.6098742,"{'amenity': 'bank', 'brand': 'بانک ملت', 'brand:en': 'Bank Mellat', 'brand:wikidata': 'Q4855944', 'brand:wikipedia': 'en:Bank Mellat', 'name': 'بانک ملت', 'name:en': 'Bank Mellat'}"
44,node,3316899445,36.3003344,59.6073202,"{'amenity': 'bank', 'atm': 'yes', 'brand': 'بانک ملی', 'brand:en': 'Bank Melli Iran', 'brand:wikidata': 'Q806640', 'brand:wikipedia': 'en:Bank Melli Iran', 'name': 'بانک ملی', 'name:en': 'Bank Melli Iran'}"
45,node,3316924185,36.2985855,59.6047829,{'amenity': 'bank'}
46,node,3374407976,36.3096789,59.575687,"{'amenity': 'school', 'name': 'دبیرستان و مرکز پیش\u200cدانشگاهی پسرانه ۱ سما', 'name:en': 'SAMA1 Highschool'}"
47,node,3491786100,36.29869,59.6056301,"{'amenity': 'bank', 'atm': 'yes', 'branch': 'میدان شهدا', 'brand': 'بانک شهر', 'brand:en': 'Shahr Bank', 'brand:wikidata': 'Q5941033', 'brand:wikipedia': 'fa:بانک شهر', 'name': 'بانک شهر', 'name:en': 'Shahr Bank', 'opening_hours': '07:30-13:30', 'operator': 'شهرداری مشهد', 'wheelchair': 'yes'}"
48,node,3734592784,36.3001499,59.6112248,"{'amenity': 'place_of_worship', 'denomination': 'shia', 'name': 'حسینیه امام رضا۱', 'religion': 'muslim'}"
49,node,3914908607,36.3042558,59.6102106,"{'alt_name': 'مسجد حاجی سرکه', 'amenity': 'place_of_worship', 'denomination': 'shia', 'name': 'مسجد امام حسین', 'religion': 'muslim'}"
50,node,3946843858,36.2985811,59.6058316,"{'amenity': 'restaurant', 'cuisine': 'coffee_shop', 'name:ar': 'كوفي شوب'}"
51,node,3953049716,36.2998965,59.5845336,"{'addr:city': 'مشهد', 'addr:postcode': '9183773636', 'addr:street': 'سناباد', 'amenity': 'pharmacy', 'brand': 'پایادارو | PayaDaroo', 'dispensing': 'yes', 'drive_through': 'no', 'email': 'info@payadaroo.com', 'healthcare': 'pharmacy', 'image': 'https://commons.wikimedia.org/wiki/File:Dr_Nabavi_Pharmacy_-_%D8%AF%D8%A7%D8%B1%D9%88%D8%AE%D8%A7%D9%86%D9%87_%D8%B4%D8%A8%D8%A7%D9%86%D9%87_%D8%B1%D9%88%D8%B2%DB%8C_%D8%AF%DA%A9%D8%AA%D8%B1_%D9%86%D8%A8%D9%88%DB%8C_01.jpg', 'name': 'داروخانه شبانه روزی دکتر نبوی', 'opening_hours': '24/7', 'operator': 'دکتر نبوی', 'phone': '+985138476331', 'website': 'https://payadaroo.com'}"
52,node,3954624162,36.3055516,59.5980641,"{'amenity': 'bank', 'brand': 'بانک صادرات', 'brand:en': 'Bank Saderat Iran', 'brand:wikidata': 'Q2882608', 'brand:wikipedia': 'en:Bank Saderat Iran', 'name': 'بانک صادرات', 'name:en': 'Bank Saderat Iran'}"
53,node,3954767982,36.305633,59.5968131,"{'amenity': 'library', 'description': 'تاسیس ۱۳۵۰', 'name': 'کتابخانه عمومی علامه طباطبایی'}"
54,node,3956315395,36.3003313,59.5738135,"{'amenity': 'dentist', 'name': 'دندانپزشکی دکتر صادقی'}"
55,node,3956315398,36.3045022,59.5973616,"{'amenity': 'telephone', 'name': 'تلفن کارتی'}"
56,node,3956315399,36.3047106,59.5969533,"{'amenity': 'taxi', 'name': 'ایستگاه تاکسی بیسیم ۱۸۳۰', 'phone': '+98 51 1830'}"
57,node,3956330430,36.3034719,59.599247,"{'amenity': 'bank', 'brand': 'بانک تجارت', 'brand:wikidata': 'Q7695198', 'brand:wikipedia': 'en:Tejarat Bank', 'name': 'بانک تجارت'}"
58,node,3962094781,36.299787,59.6116915,"{'amenity': 'place_of_worship', 'building': 'mosque', 'denomination': 'shia', 'name': 'مسجد الهادی علیه\u200cالسلام', 'religion': 'muslim'}"
59,node,3962099349,36.3018453,59.6175517,"{'amenity': 'bank', 'brand': 'بانک ملی', 'brand:en': 'Bank Melli Iran', 'brand:wikidata': 'Q806640', 'brand:wikipedia': 'en:Bank Melli Iran', 'name': 'بانک ملی', 'name:en': 'Bank Melli Iran'}"
60,node,4028882255,36.3009161,59.6187583,"{'amenity': 'hospital', 'healthcare': 'hospital', 'name': 'بیمارستان ام البنین', 'name:en': 'omalbanine'}"
61,node,4047527995,36.311572,59.58921,"{'amenity': 'arts_centre', 'name': 'فرهنگسرا انتظار'}"
62,node,4080480400,36.3147935,59.5757699,"{'amenity': 'bank', 'name': 'بانک مهر اقتصاد'}"
63,node,4080480401,36.3143674,59.5758356,"{'amenity': 'clinic', 'healthcare': 'centre', 'name': 'درمانگاه المنتظر'}"
64,node,4210890089,36.3111201,59.6142611,"{'addr:street': 'چهارراه راه آهن عبادی ۵۵', 'amenity': 'pharmacy', 'name': 'داروخانه دامپزشکی دکتر اخلاقی', 'name:en': 'Pharmacy'}"
65,node,4224193290,36.3100119,59.5745848,"{'amenity': 'clinic', 'name': 'درمانگاه شرکت نفت', 'name:en': 'NIOC Clinic'}"
66,node,4234435089,36.3168443,59.6089261,{'amenity': 'atm'}
67,node,4296416366,36.3301044,59.5950505,"{'addr:city': 'مشهد', 'addr:street': 'بولوار شفا', 'amenity': 'courthouse', 'name': 'مجتمع قضایی خانواده'}"
68,node,4296416367,36.3301272,59.5942141,"{'amenity': 'doctors', 'name': 'ساختمان پزشکان'}"
69,node,4317959696,36.3056285,59.5899526,{'amenity': 'bench'}
70,node,4331153961,36.3025068,59.5960886,"{'amenity': 'place_of_worship', 'name': 'مسجد مسلم ابن عقیل', 'religion': 'muslim'}"
71,node,4357520421,36.3108816,59.5779138,{'amenity': 'bank'}
72,node,4397472600,36.3011513,59.5833956,"{'amenity': 'place_of_worship', 'name': 'مسجد الزهراء سناباد', 'religion': 'muslim'}"
73,node,4410968389,36.2986336,59.583551,"{'addr:street': 'پاستور ۱۸', 'amenity': 'school', 'name': 'دبستان شهید سالیانی', 'name:en': 'Saliyani school', 'phone': '+98 51 3841 2045'}"
74,node,4416332552,36.3024686,59.600791,"{'amenity': 'place_of_worship', 'denomination': 'shia', 'name': 'مسجد حیدری ها', 'religion': 'muslim'}"
75,node,4423580294,36.3418794,59.5751432,"{'amenity': 'atm', 'opening_hours': '24/7', 'operator': 'بانک مسکن'}"
76,node,4423606089,36.3431751,59.5739453,"{'amenity': 'atm', 'opening_hours': '24/7', 'operator': 'بانک ملت'}"
77,node,4434767890,36.318003,59.5769134,{'amenity': 'atm'}
78,node,4438186492,36.2993612,59.5865658,"{'addr:housenumber': '05138446045', 'addr:street': 'سناباد۳۲', 'amenity': 'doctors', 'healthcare': 'doctor', 'name': 'مطب کتر فریده انصاری'}"
79,node,4458066169,36.3038831,59.6211074,"{'amenity': 'restaurant', 'name': 'تالار و رستوران عابدین زاده'}"
80,node,4461872090,36.3173641,59.6081119,"{'addr:housenumber': '05137331732', 'addr:street': 'عبدالمطلب', 'amenity': 'clinic', 'description': 'کلینیک کامیابی - درمان اعتیاد', 'name': 'کلینیک درمان اعتیاد کامیابی (دکتر اکرمی نژاد)', 'name:en': 'کلینیک درمان اعتیاد کامیابی', 'opening_hours': 'Mo-Th, Sa, Su 15:30-20:30', 'phone': '+98 51 3733 1732'}"
81,node,4467896389,36.3003496,59.582017,"{'amenity': 'cafe', 'name': 'کافه دارکوب', 'name:en': 'Cafe Darkoob'}"
82,node,4494606290,36.300812,59.5855349,"{'addr:street': 'سناباد', 'amenity': 'school', 'name': 'تربیت معلم شهید کامیاب', 'name:en': 'Tarbiyat moalem shahid kamyab'}"
83,node,4616669989,36.3059799,59.5787111,"{'amenity': 'restaurant', 'name': 'رستوران رضا'}"
84,node,4634560098,36.3082409,59.5736025,"{'amenity': 'restaurant', 'name': 'رستوران ارغوان', 'name:en': 'Arghavan'}"
85,node,4671903199,36.3020291,59.5764315,"{'amenity': 'restaurant', 'cuisine': 'persian', 'name': 'کباب شهرما', 'name:en': 'kabab shahrema', 'phone': '+985138406027'}"
86,node,4674564889,36.3000437,59.5751769,"{'addr:city': 'مشهد', 'addr:housenumber': '41', 'addr:street': 'بولوار شهید کلاهدوز', 'amenity': 'cafe', 'name': 'پالپ', 'name:en': 'pulp', 'office': 'company', 'website': 'https://www.tcco.ir/'}"
87,node,4712953067,36.3001728,59.6038204,"{'amenity': 'toilets', 'fee': 'no', 'level': '0'}"
88,node,4712962542,36.3001085,59.6040045,"{'access': 'yes', 'amenity': 'toilets', 'fee': 'no', 'level': '0'}"
89,node,4715534989,36.2999836,59.5783375,"{'addr:housenumber': '45', 'addr:street': 'بابک ۸', 'amenity': 'library', 'contact:email': 'sam.p1991@hotmail.com', 'contact:phone': '+9816175862362', 'name': 'آزمایشگاه خاص خانم سمیرا', 'name:en': ""Samira's special library"", 'opening_hours': 'Mo-Su 10:00-13:00'}"
90,node,4743397124,36.3322042,59.6007521,"{'amenity': 'bank', 'name': 'سپه'}"
91,node,4772368921,36.3140777,59.6114738,{'amenity': 'atm'}
92,node,4811377621,36.3206451,59.6146177,"{'addr:street': 'مطهری ۵۱', 'amenity': 'fast_food', 'cuisine': 'sandwich;hotdog;burger'}"
93,node,4813657104,36.3010168,59.6082381,"{'amenity': 'bank', 'atm': 'yes', 'branch': 'مرکزی مشهد', 'brand': 'بانک انصار', 'brand:wikidata': 'Q5862675', 'brand:wikipedia': 'fa:بانک انصار', 'name': 'بانک انصار', 'name:en': 'Ansar bank', 'operator': 'Ansar Bank'}"
94,node,4813657108,36.3125467,59.6148339,"{'amenity': 'place_of_worship', 'building': 'mosque', 'denomination': 'shia', 'name': 'مسجد حضرت امام علی النقی', 'religion': 'muslim'}"
95,node,4868551622,36.3271077,59.5945876,{'amenity': 'fast_food'}
96,node,4868551624,36.3260014,59.5961434,{'amenity': 'atm'}
97,node,4873393122,36.2989411,59.5853695,"{'addr:housenumber': '194', 'addr:street': 'خیابان ابن سینا', 'amenity': 'clinic', 'email': 'echo@echo-clinic.ir', 'healthcare': 'clinic', 'name': 'کلینیک شنوایی و تعادل اکو', 'name:en': 'ECO audiological clinic', 'operator': 'هادی بهزاد', 'phone': '+985138417160', 'website': 'http://www.echo-clinic.ir'}"
98,node,4898200523,36.3020203,59.5848693,"{'amenity': 'bank', 'name': 'بانک مسکن، چهارراه سناباد', 'name:en': 'Bank Maskan, Sanabad Intersection'}"
99,node,4946696622,36.3204285,59.5720661,"{'addr:street': 'بلوار ارشاد، ارشاد ۱.۱۶', 'amenity': 'place_of_worship', 'denomination': 'shia', 'name': 'مسجد و حسینیه غدیر باباعلی ۳', 'name:en': 'Ghadir baba ali 3', 'religion': 'muslim'}"
100,node,5008683921,36.3040698,59.6237206,{'amenity': 'ice_cream'}
101,node,5017491871,36.3163218,59.5857055,{'amenity': 'taxi'}
102,node,5017494181,36.2990216,59.5740325,{'amenity': 'taxi'}
103,node,5017495156,36.3167238,59.5864297,{'amenity': 'taxi'}
104,node,5017545178,36.3158323,59.5864135,"{'amenity': 'toilets', 'designation': 'توالت و سرویس بهداشتی ابوطالب', 'source': 'WC'}"
105,node,5018148402,36.3364335,59.5817025,"{'amenity': 'place_of_worship', 'building': 'mosque', 'denomination': 'shia', 'name': 'مسجد محسن ابن علی (علیه\u200cالسلام)', 'religion': 'muslim'}"
106,node,5031826825,36.303049,59.5769494,"{'amenity': 'clinic', 'name': 'مرکز دیالیز سبز درمان', 'name:en': 'Green clinic'}"
107,node,5031844921,36.3030143,59.5769726,"{'amenity': 'clinic', 'name': 'کلینیک دیالیز سبز درمان'}"
108,node,5104410022,36.3419385,59.5890778,"{'amenity': 'pharmacy', 'name': 'داروخانه دکتر شعبانی', 'name:en': 'Pharmacy'}"
109,node,5104410024,36.341472,59.588545,"{'amenity': 'atm', 'operator': 'بانک انصار'}"
110,node,5154622197,36.300663,59.5822341,"{'amenity': 'taxi', 'name': 'ایستگاه تاکسی ۱۳۳'}"
111,node,5218103422,36.3204375,59.6157016,"{'amenity': 'toilets', 'operator': 'پارک مطهری'}"
112,node,5235302074,36.3009048,59.5850429,"{'amenity': 'restaurant', 'name': 'غذای مهرگان'}"
113,node,5235302076,36.3006148,59.5850749,"{'amenity': 'cafe', 'name': 'قهوه بلوط'}"
114,node,5235302078,36.3004899,59.5854045,"{'amenity': 'school', 'name': 'دبیرستان مریم'}"
115,node,5235302082,36.3025667,59.5806354,"{'amenity': 'clinic', 'healthcare': 'clinic', 'name': 'درمانگاه سناباد'}"
116,node,5235302083,36.3024978,59.5805054,"{'amenity': 'pharmacy', 'healthcare': 'pharmacy', 'name': 'داروخانه شبانه روزی دکتر عابدزاده'}"
117,node,5235338491,36.2998419,59.5752343,"{'amenity': 'doctors', 'healthcare': 'doctor', 'name': 'مرکز رادیولوژی دکتر حسینی زارچ'}"
118,node,5256491352,36.3027125,59.5705337,"{'amenity': 'music_school', 'name': 'آموزشگاه موسیقی'}"
119,node,5256491377,36.2982614,59.5845602,"{'amenity': 'college', 'name': 'موسسه آموزش عالی'}"
120,node,5258218034,36.2990309,59.5721689,"{'amenity': 'school', 'name': 'هنرستان دخترانه کیمیا'}"
121,node,5258218040,36.2994896,59.5719819,"{'amenity': 'school', 'name': 'دبیرستان شهید بخارایی'}"
122,node,5258218046,36.3042961,59.5775597,"{'amenity': 'school', 'name': 'دبیرستان ستارگان هما'}"
123,node,5258218047,36.2986115,59.5846824,"{'amenity': 'school', 'name': 'دبیرستان پسرانه امام حسین'}"
124,node,5258218048,36.2991095,59.5862395,"{'amenity': 'school', 'name': 'دبیرستان شهید مدنی'}"
125,node,5258218049,36.3022648,59.5866785,"{'amenity': 'school', 'name': 'دبیرستان نوربخش'}"
126,node,5262333102,36.2994297,59.5897613,{'amenity': 'cafe'}
127,node,5262333103,36.2997012,59.58872,{'amenity': 'cafe'}
128,node,5262333104,36.2996573,59.5888936,{'amenity': 'fast_food'}
129,node,5262333149,36.2986119,59.5906063,"{'amenity': 'place_of_worship', 'denomination': 'shia', 'name': 'حسینیه حضرت فاطمه', 'name:en': 'Hazrat-e Fateme', 'religion': 'muslim'}"
130,node,5304362794,36.2987504,59.5862329,"{'amenity': 'library', 'name': 'کتابخانه وکیل'}"
131,node,5306944004,36.3028079,59.5862714,"{'amenity': 'school', 'name': 'دبستان دیانت'}"
132,node,5306944199,36.3034867,59.5877127,"{'amenity': 'place_of_worship', 'denomination': 'shia', 'name': 'مسجد امام حسن عسگری', 'name:ar': 'مسجد الإمام الحسن العسكري', 'name:en': 'Imam Hasan Mosque', 'religion': 'muslim'}"
133,node,5306944283,36.301869,59.5902314,"{'amenity': 'fast_food', 'name': 'فست فود آویشن'}"
134,node,5308847054,36.3004635,59.5928242,"{'amenity': 'restaurant', 'name': 'رستورن'}"
135,node,5308847110,36.2988285,59.5917105,"{'amenity': 'events_venue', 'name': 'تالار کسری'}"
136,node,5323257595,36.3373702,59.589715,"{'amenity': 'restaurant', 'name': 'رستوران خسروی'}"
137,node,5323444324,36.3102323,59.6138068,"{'amenity': 'veterinary', 'name': 'کلینیک حیوانات خانگی'}"
138,node,5323444325,36.309988,59.6136486,"{'amenity': 'restaurant', 'cuisine': 'kebab', 'name': 'کباب سرا'}"
139,node,5323444326,36.3099351,59.6136155,"{'amenity': 'ice_cream', 'name': 'بستنی چاوشی'}"
140,node,5323444329,36.309274,59.6133429,"{'amenity': 'school', 'name': 'دبیرستان دخترانه نشاط'}"
141,node,5323444381,36.3102771,59.6131542,"{'amenity': 'place_of_worship', 'building': 'mosque', 'denomination': 'shia', 'name': 'مسجد حضرت زهرا', 'religion': 'muslim'}"
142,node,5323444388,36.3100497,59.6151911,"{'amenity': 'restaurant', 'name': 'رستوران اطمینان'}"
143,node,5325431253,36.3250226,59.5855343,"{'amenity': 'school', 'name': 'دبیرستان نمونه دولتی امام علی (ع)'}"
144,node,5331636989,36.3030311,59.5983876,"{'addr:city': 'مشهد', 'addr:country': 'IR', 'addr:street': 'نبش سنائی ٢١', 'amenity': 'restaurant', 'description': 'با رزرو قبلي وفقط جهت مجالس', 'name': 'مجموعه غذایی و پذیرایی شیدائی', 'phone': '+985137277325 ; +985137277472'}"
145,node,5346652723,36.3064867,59.5768649,"{'addr:street': 'بین آبکوه ۲۱ و ۲۳', 'amenity': 'bank', 'name': 'بانک سپه', 'name:en': 'Sepah Bank'}"
146,node,5349655333,36.3196132,59.6204508,"{'amenity': 'car_sharing', 'name': 'Namayeshgah Fooladi'}"
147,node,5349655411,36.319949,59.6208057,"{'amenity': 'bank', 'name': 'Bank Keshavarzi'}"
148,node,5349696337,36.3195521,59.6196424,"{'amenity': 'cafe', 'name': 'Abmive Babakhan'}"
149,node,5349700337,36.3197773,59.6198111,"{'amenity': 'bank', 'name': 'بانک ثامن'}"
150,node,5349701273,36.3178757,59.6187276,"{'amenity': 'place_of_worship', 'denomination': 'shia', 'name': 'مسجد', 'name:ar': 'مسجد', 'name:en': 'Masjid', 'religion': 'muslim'}"
151,node,5349701680,36.3177376,59.6180622,"{'amenity': 'bank', 'name': 'Bank Mehr'}"
152,node,5350314548,36.3396909,59.5868161,"{'amenity': 'restaurant', 'name': 'پیتزا گپ'}"
153,node,5350343376,36.3403316,59.5875492,"{'amenity': 'events_venue', 'building': 'yes', 'name': 'تالار عروسی مروارید'}"
154,node,5350357908,36.3390065,59.5851548,"{'amenity': 'fast_food', 'name': 'پیتزا بلوط'}"
155,node,5350357909,36.3389488,59.5850896,"{'amenity': 'fast_food', 'name': 'پیتزا ژابیز'}"
156,node,5350357910,36.3396965,59.5859689,"{'amenity': 'restaurant', 'name': 'کباب و حلیم ملک'}"
157,node,5350371946,36.3387874,59.584505,"{'amenity': 'restaurant', 'name': 'حلیم نیشابوری اصیل'}"
158,node,5350476627,36.3380316,59.5905092,"{'addr:city': 'mashhad', 'amenity': 'car_wash'}"
159,node,5350536173,36.3379361,59.5866098,"{'amenity': 'restaurant', 'name': 'کباب مخصوص عبداالهی'}"
160,node,5350574182,36.3376532,59.5864794,"{'amenity': 'atm', 'operator': 'خود پرداز بانک رفاه کارگران'}"
161,node,5350586087,36.3376946,59.5883676,"{'amenity': 'fast_food', 'name': 'ساندویچ سن استین'}"
162,node,5350586091,36.3376838,59.5881905,"{'amenity': 'pharmacy', 'healthcare': 'pharmacy', 'name': 'داروخانه دکتر اکملی'}"
163,node,5350594151,36.337682,59.5876954,"{'amenity': 'clinic', 'healthcare': 'clinic', 'name': 'کلینیک زنان و زایمان'}"
164,node,5350594936,36.3376737,59.5879012,"{'amenity': 'clinic', 'healthcare': 'clinic', 'healthcare:speciality': 'palliative', 'name': 'مرکز درمان اعتیاد پردیسان'}"
165,node,5350594937,36.3376746,59.5878529,"{'amenity': 'clinic', 'healthcare': 'clinic', 'name': 'درمانگاه شبانه روزی گوهر سلامت'}"
166,node,5350603447,36.3373706,59.5882778,{'amenity': 'car_wash'}
167,node,5350604568,36.3373616,59.5879128,"{'amenity': 'fast_food', 'name': 'پیتزا یک ، دو ، سه'}"
168,node,5350606870,36.3373641,59.5878848,"{'amenity': 'clinic', 'healthcare': 'clinic', 'name': 'کلینیک درمان اعتیاد مهر افروزان'}"
169,node,5350606874,36.3373854,59.5876649,"{'amenity': 'atm', 'name': 'خود پرداز', 'operator': 'خود پرداز بانک وسسه ملل'}"
170,node,5481980323,36.3069828,59.5791815,"{'addr:street': 'کلاهدوز ۱۷', 'amenity': 'nursing_home', 'name:ar': 'مركز طوس لطب العيون'}"
171,node,5602565021,36.2982151,59.5703225,"{'amenity': 'cafe', 'name': 'آبمیوه سیب', 'name:en': 'Apple juice'}"
172,node,5602590422,36.3018161,59.57072,"{'amenity': 'bank', 'name': 'بانک انصار', 'name:en': 'Ansar bank'}"
173,node,5602590521,36.3011976,59.5705066,"{'amenity': 'bank', 'name': 'بانک ملی ایران', 'name:en': 'Bank melli iran'}"
174,node,5602590621,36.3021423,59.5704817,"{'amenity': 'pharmacy', 'name': 'داروخانه دکتر ماجدی', 'name:en': 'Dr majedi pharmacy'}"
175,node,5602590721,36.302653,59.5707688,"{'amenity': 'atm', 'operator': 'mellat bank'}"
176,node,5643927221,36.3268632,59.5955659,"{'amenity': 'doctors', 'name': 'دکتر کیافر', 'name:en': 'Dr Kiafar', 'phone': '+98 51 3724 7060'}"
177,node,5667821877,36.2993118,59.6054569,"{'amenity': 'waste_disposal', 'name': 'کمپوست مشهد', 'name:en': 'Mashhad Compost', 'waste': 'organic'}"
178,node,5679063722,36.3268223,59.5948674,"{'amenity': 'doctors', 'name': 'مهسا کیافر', 'name:en': 'Dr.Kiafar'}"
179,node,5738671131,36.3112725,59.5989669,{'amenity': 'waste_disposal'}
180,node,5801467653,36.2980946,59.612158,{'amenity': 'library'}
181,node,6066370585,36.3089938,59.5735316,"{'amenity': 'cafe', 'name': 'سیب', 'name:en': 'Seeb coffee shop', 'source:name': 'map.ir'}"
182,node,6066370685,36.3195541,59.5894034,"{'amenity': 'cafe', 'name': 'کافه دارک', 'name:en': 'Dark coffee', 'source:name': 'map.ir'}"
183,node,6067999886,36.3150885,59.5833933,"{'amenity': 'cafe', 'name': 'کافی شاپ', 'name:en': 'Coffee shop', 'name:fr': 'Café'}"
184,node,6067999887,36.309145,59.5805278,"{'amenity': 'cafe', 'name': 'کافی شاپ', 'name:en': 'Coffee shop', 'name:fr': 'Café'}"
185,node,6073655988,36.311052,59.599315,"{'amenity': 'clinic', 'name:en': 'khale'}"
186,node,6073700085,36.3110517,59.5993296,"{'amenity': 'atm', 'operator': 'sader'}"
187,node,6073777290,36.3184312,59.5876721,"{'amenity': 'cafe', 'cuisine': 'coffee_shop', 'name': 'کافی شاپ', 'name:en': 'Coffee shop', 'name:fr': 'Café McKambo'}"
188,node,6120149985,36.3143613,59.6136232,"{'addr:street': 'کامیاب ۹', 'amenity': 'pharmacy', 'name': 'داروخانه دکتر غیوری فر'}"
189,node,6166882787,36.3206423,59.5791805,"{'addr:housenumber': '1', 'addr:street': 'بولوار سپهبد قرنی', 'amenity': 'school', 'name': 'شهید هاشمی نژاد یک', 'name:en': 'Hashemi nejad1'}"
190,node,6280455285,36.340234,59.6105325,"{'addr:street': '۲۲ بهمن ۴', 'amenity': 'pharmacy', 'name': 'داروخانه دکتر خباز', 'name:en': 'Dr. Khabaz pharmacy', 'operator': 'dr.khabaz'}"
191,node,6331751686,36.2981792,59.5901738,"{'amenity': 'nursing_home', 'name': 'خانه علی'}"
192,node,6364452815,36.3156138,59.5853524,"{'addr:city': 'مشهد', 'addr:postcode': '9184845943', 'addr:street': 'بولوار شهید کلاهدوز روبروی کلاهدوز 52', 'amenity': 'fast_food', 'cuisine': 'burger;sandwich', 'drive_through': 'no', 'level': '0', 'name': 'ساندویچ فردوسی'}"
193,node,6364515374,36.3180517,59.5846239,"{'amenity': 'restaurant', 'name': 'تالار آرزو'}"
194,node,6364515375,36.3179823,59.5847696,"{'amenity': 'bank', 'atm': 'yes', 'brand': 'بانک تجارت', 'brand:wikidata': 'Q7695198', 'brand:wikipedia': 'en:Tejarat Bank', 'drive_through': 'no', 'name': 'بانک تجارت'}"
195,node,6373713236,36.3155349,59.5852601,"{'addr:city': 'مشهد', 'addr:street': 'بولوار شهید کلاهدوز روبروی کلاهدوز 52', 'amenity': 'bank', 'atm': 'yes', 'brand': 'بانک ملی ایران', 'brand:en': 'Bank Melli Iran', 'brand:wikidata': 'Q806640', 'brand:wikipedia': 'en:Bank Melli Iran', 'drive_through': 'no', 'name': 'بانک ملی ایران', 'name:en': 'Bank Melli Iran'}"
196,node,6426989385,36.3026557,59.6192085,"{'addr:housenumber': '2', 'addr:street': 'هاشمی نژاد ۲۰/۱, آیت الله کاشانی', 'amenity': 'bank', 'brand': 'بانک آینده', 'brand:en': 'Ayandeh Bank', 'brand:wikidata': 'Q5938144', 'brand:wikipedia': 'en:Ayandeh Bank', 'name': 'بانک آینده', 'name:en': 'Ayandeh Bank', 'operator': 'بانک آینده', 'phone': '+98 51 3228 0445'}"
197,node,6677691885,36.3110307,59.6012107,"{'addr:street': 'بین مطهری شمالی ۱۱ و ۱۳', 'amenity': 'place_of_worship', 'building': 'mosque', 'denomination': 'shia', 'name': 'مسجد امام علی ع', 'religion': 'muslim'}"
198,node,6714498189,36.3139629,59.6145887,"{'amenity': 'atm', 'operator': 'ااا'}"
199,node,6719794685,36.3140381,59.614491,"{'amenity': 'bank', 'name': 'شوكت'}"
200,node,6795144665,36.298186,59.5849257,"{'amenity': 'culture_center', 'name': 'موسسه فرهنگی راه روشن', 'source': 'map.ir'}"
201,node,6854029466,36.3058017,59.5724445,"{'amenity': 'fast_food', 'name': 'کنتاکی فراید چیکن'}"
202,node,7023358013,36.3079007,59.5739896,"{'addr:city': 'مشهد', 'addr:housenumber': '2', 'addr:street': 'شهید صادقی 1، عطار غربی 1', 'amenity': 'school', 'description': 'آموزشگاه سنجش پارسیان برگزارکننده دوره های تخصصی و کاربردی فنی و مهندسی، ایمنی و بهداشت و مدیریتی زیر نظر سازمان فنی و حرفه ای کشور', 'name': 'آموزشگاه سنجش پارسیان', 'name:en': 'SanjeshParsian Institute', 'opening_hours': 'شنبه تا پنجشنبه ساعت 8:00 الی 20:00', 'phone': '+985137271112', 'website': 'https://sanjeshparsian.ir'}"
203,node,7164783885,36.3237642,59.5935572,"{'amenity': 'bank', 'name': 'بانک اقتصاد نوین'}"
204,node,7164784085,36.3173734,59.5870402,"{'amenity': 'bank', 'name': 'بانک مسکن'}"
205,node,7426831441,36.3078652,59.5730062,{'amenity': 'bicycle_rental'}
206,node,7426831442,36.3112867,59.5744291,"{'amenity': 'bicycle_rental', 'bicycle_rental': 'docking_station'}"
207,node,7426831443,36.3158794,59.5756629,{'amenity': 'bicycle_rental'}
208,node,7671113688,36.298943,59.5803891,"{'amenity': 'cafe', 'name:en': 'zino'}"
209,node,7775015185,36.3285252,59.570544,"{'amenity': 'atm', 'operator': 'me'}"
210,node,8080036088,36.3000757,59.6159599,"{'amenity': 'school', 'name': 'هنرستان سینا'}"
211,node,8080036090,36.299201,59.6155332,"{'amenity': 'school', 'name': 'دبیرستان جمال فرید زاده'}"
212,node,8080036092,36.2997231,59.6172191,"{'amenity': 'place_of_worship', 'name': 'مسجد حجت عجل الله تعالی', 'religion': 'muslim'}"
213,node,8080054610,36.3008715,59.6157007,"{'amenity': 'clinic', 'healthcare': 'clinic', 'name': 'درمانگاه شماره دو تامین اجتماعی'}"
214,node,8080058417,36.2999994,59.6150183,"{'amenity': 'school', 'name': 'دبستان ایوب نصیرزاده'}"
215,node,8080058418,36.3007711,59.6143973,"{'amenity': 'pharmacy', 'healthcare': 'pharmacy', 'name': 'داروخانه سودآوری'}"
216,node,8080058419,36.3002436,59.6147676,"{'amenity': 'school', 'name': 'مدرسه شاهد شیخ انصاری'}"
217,node,8083880538,36.3182469,59.6239377,"{'amenity': 'bank', 'brand': 'بانک صادرات', 'brand:en': 'Bank Saderat Iran', 'brand:wikidata': 'Q2882608', 'brand:wikipedia': 'en:Bank Saderat Iran', 'name': 'بانک صادرات', 'name:en': 'Bank Saderat Iran'}"
218,node,8083893359,36.2983622,59.6193944,"{'amenity': 'police', 'name': 'کلانتری آستانه پرست'}"
219,node,8085180768,36.3361775,59.6159637,"{'amenity': 'place_of_worship', 'name': 'مسجد امام رضا', 'religion': 'muslim'}"
220,node,8104181871,36.3197665,59.5857452,"{'amenity': 'school', 'name': 'دبستان دخترانه دولتی یاس نبی'}"
221,node,8104181897,36.319557,59.5860937,"{'amenity': 'school', 'name': 'دبیرستان دخترانه فرهنگ'}"
222,node,8104191223,36.3221916,59.5785514,"{'amenity': 'place_of_worship', 'name': 'مسجد امام خمینی', 'religion': 'muslim'}"
223,node,8104192199,36.3183548,59.5806153,"{'amenity': 'school', 'name': 'مرکز آموزش فنی حرفه ای پیشرفته ارم'}"
224,node,8104268480,36.318481,59.5929336,"{'amenity': 'place_of_worship', 'name': 'مسجد توحید', 'religion': 'muslim'}"
225,node,8121067797,36.3111058,59.6013536,"{'addr:city': 'مشهد', 'addr:housenumber': '287', 'addr:postcode': '9193715687', 'addr:street': 'بین مطهری شمالی ۱۱ و ۱۳', 'amenity': 'doctors', 'description': 'حجامت تخصصی بانوانمشاوره و درمان بیماری های زنان با طب سنتیآزمایش پاپ اسمیرمعاینه پرده بکارت و صدور گواهی سلامتگذاشتن و برداشتن آی یو دی iudتعیین جنسیت جنیندرمان ناباروریبا بهترین قیمت ها و بالاترین کیفیت', 'email': 'safadelavar@gmail.com', 'fax': '+98 51 3724 9327', 'healthcare': 'doctor', 'healthcare:speciality': 'traditional_chinese_medicine;general;clinic', 'image': 'https://doctor-yab.ir/img/dr_slide/mahdavikhah_3.jpg', 'name': 'مطب مامایی صفا دلاور', 'operator': 'صفا دلاور', 'operator:type': 'public', 'phone': '+98 51 3724 9327', 'website': 'https://www.aparat.com/search/%D8%B5%D9%81%D8%A7%20%D8%AF%D9%84%D8%A7%D9%88%D8%B1'}"
226,node,8646374917,36.3193871,59.6056174,"{'addr:city': 'مشهد', 'addr:housenumber': '09153234923', 'addr:street': 'عبدالمطلب ۵', 'amenity': 'studio', 'name': 'آتلیه بادکنک سفید', 'name:en': 'white studio', 'studio': 'video', 'website': 'https://www.instagram.com/whitestudiooo/'}"
227,node,8772871206,36.3007375,59.6116957,"{'amenity': 'clinic', 'name': 'مرکز بهداشت حضرت زهرا'}"
228,node,8827817091,36.3383672,59.5844419,"{'amenity': 'bank', 'atm': 'yes', 'name': 'بانک ملی شعبه خیام شمالی'}"
229,node,8851020403,36.3161208,59.6077261,"{'amenity': 'bank', 'name': 'بانک ملی شعبه مطهری شمالی', 'name:en': 'Melli Bank - North Motahari branch'}"
230,node,8851028445,36.3108883,59.6005862,"{'amenity': 'bank', 'atm': 'yes', 'name': 'بانک صادرات شعبه مطهری شمالی', 'name:en': 'Sadearat Bank - is a North Motahari branch'}"
231,node,8968983529,36.3041175,59.6237642,"{'amenity': 'drinking_water', 'cold_water': 'yes', 'drinking_water': 'yes'}"
232,node,8968983530,36.3043818,59.6235085,"{'amenity': 'drinking_water', 'cold_water': 'yes', 'drinking_water': 'yes'}"
233,node,8968983531,36.30469,59.623229,{'amenity': 'telephone'}
234,node,8968983532,36.3043592,59.6234446,{'amenity': 'police'}
235,node,8968983535,36.3042335,59.6234969,"{'amenity': 'clock', 'display': 'analog', 'support': 'wall'}"
236,node,9085885117,36.3201088,59.604239,"{'amenity': 'nursing_home', 'name': 'پرستاری سفید  بالان', 'name:en': 'Sefid Balaan'}"
237,node,9180014317,36.3012399,59.5759141,"{'amenity': 'clinic', 'name': 'کلینیک مغز و اعصاب و روان و فیزیوتراپی شرق ایران'}"
238,node,9388587787,36.3170663,59.5740095,"{'addr:city': 'شهر مشهد', 'addr:street': 'خیابان ارشاد - ارشاد ۱/۴', 'amenity': 'cafe', 'cuisine': 'coffee_shop;قهوه;کیک;باقلوا', 'internet_access': 'no', 'name': 'کافی شاپ اوهانا', 'opening_hours': 'sa-fr 10:00-22:00', 'opening_hours:covid19': 'open', 'outdoor_seating': 'yes', 'phone': '+98 933 352 3083', 'website': 'https://www.instagram.com/coffe_ohana'}"
239,node,9569735091,36.3033511,59.5711228,"{'addr:city': 'مشهد', 'addr:street': 'خیابان راهنمایی - بین راهنمایی ۱۸ و ۲۰', 'amenity': 'fast_food', 'branch': 'مرکزی', 'cuisine': 'sandwich;ساندویچ_سرد', 'diet:halal': 'yes', 'drive_through': 'no', 'name': 'ساندویچ بار فاخته', 'opening_hours': 'Sa-We 08:30-00:00', 'opening_hours:covid19': 'open', 'payment:cards': 'yes', 'payment:cash': 'yes', 'phone': '+985138440969', 'takeaway': 'only', 'website': 'https://www.instagram.com/fakhtehsandwichbar', 'wheelchair': 'yes'}"
240,node,9679547463,36.3074631,59.611339,"{'amenity': 'library', 'name': 'کتابخانه شهید آراسته'}"
241,node,9886615917,36.2983377,59.6054784,{'amenity': 'toilets'}
242,node,9886615918,36.2984009,59.6054681,{'amenity': 'toilets'}
243,node,9886615919,36.2991557,59.6080938,"{'amenity': 'toilets', 'name': 'هاشمی نژاد'}"
244,node,9921955285,36.339882,59.5869186,"{'addr:city': 'شهر مشهد', 'addr:country': 'IR', 'addr:street': 'بولوار خیام بعد از خیام 61', 'amenity': 'restaurant', 'cuisine': 'persian;arabic;arab;iranian', 'diet:halal': 'yes', 'name': 'پسران کریم', 'name:en': 'pesaranekarim', 'opening_hours': 'Mo-Su 12:00-16:00', 'phone': '+98 51 3753 0013', 'website': 'https://www.pesaranekarim.rest/', 'wikidata': 'Q112756217'}"
245,node,9954818441,36.2986497,59.5889259,"{'amenity': 'nursing_home', 'name': 'خانه صادق'}"
246,node,9998909649,36.3016006,59.58905,"{'amenity': 'place_of_worship', 'denomination': 'shia', 'name': 'مهدیه امام خامنه ای', 'religion': 'muslim'}"
247,node,10013200517,36.3044495,59.5752457,"{'amenity': 'clinic', 'name:ar': 'مركز تجميل كاسرا'}"
248,node,10182550732,36.3112218,59.571999,"{'amenity': 'cafe', 'name': 'کافه آزادی'}"
249,node,10682574359,36.3132526,59.596298,"{'amenity': 'school', 'name': 'دبستان شهید ناصر صفری'}"
250,node,10852540197,36.304,59.5743206,"{'amenity': 'events_venue', 'name': 'تالار پذیرایی پانته\u200cآ'}"
251,node,10943971899,36.3254382,59.5808684,"{'amenity': 'clinic', 'healthcare': 'clinic', 'healthcare:speciality': 'psychiatry', 'name': 'بخش 3- مردان'}"
252,node,10943971900,36.3256066,59.5810164,"{'amenity': 'clinic', 'healthcare': 'clinic', 'healthcare:speciality': 'psychiatry', 'name': 'بخش 4- زنان'}"
253,node,10943971901,36.3253742,59.5814087,"{'amenity': 'clinic', 'healthcare': 'clinic', 'healthcare:speciality': 'psychiatry', 'name': 'بخش 1- حاد زنان'}"
254,node,10943971902,36.325207,59.5812499,"{'amenity': 'clinic', 'healthcare': 'clinic', 'healthcare:speciality': 'psychiatry', 'name': 'بخش 2- حاد مردان'}"
255,node,10943971903,36.3252875,59.5825189,"{'amenity': 'clinic', 'healthcare': 'clinic', 'healthcare:speciality': 'psychiatry', 'name': 'بخش 5- اطفال پسران'}"
256,node,10943971904,36.3251355,59.5827774,"{'amenity': 'clinic', 'healthcare': 'clinic', 'healthcare:speciality': 'psychiatry', 'name': 'بخش 6- مردان'}"
257,node,10943985005,36.324998,59.5830282,"{'amenity': 'clinic', 'healthcare': 'clinic', 'healthcare:speciality': 'psychiatry', 'name': 'بخش 7- سالمندان آقا'}"
258,node,10943985006,36.3251157,59.5823936,"{'amenity': 'clinic', 'healthcare': 'clinic', 'healthcare:speciality': 'psychiatry', 'name': 'بخش 10- اطفال دختران'}"
259,node,10943985007,36.3249637,59.5826521,"{'amenity': 'clinic', 'healthcare': 'clinic', 'healthcare:speciality': 'psychiatry', 'name': 'بخش9- مردان'}"
260,node,10943985008,36.3248262,59.5829028,"{'amenity': 'clinic', 'healthcare': 'clinic', 'healthcare:speciality': 'psychiatry', 'name': 'بخش 8- سالمندان زنان'}"
261,node,10943985009,36.3244784,59.581936,"{'amenity': 'clinic', 'healthcare': 'clinic', 'healthcare:speciality': 'psychiatry', 'name': 'بخش 11- آموزشی زنان'}"
262,node,10943985010,36.324266,59.5823134,"{'amenity': 'clinic', 'healthcare': 'clinic', 'healthcare:speciality': 'psychiatry', 'name': 'بخش 12- آموزشی مردان'}"
263,node,10943985011,36.3243108,59.5817848,"{'amenity': 'clinic', 'healthcare': 'clinic', 'healthcare:speciality': 'psychiatry', 'name': 'بخش 14- آموزشی زنان'}"
264,node,10943985012,36.3240983,59.5821622,"{'amenity': 'clinic', 'healthcare': 'clinic', 'healthcare:speciality': 'psychiatry', 'name': 'بخش 13- آموزشی مردان'}"
265,node,10943985013,36.3241275,59.5834934,"{'amenity': 'clinic', 'healthcare': 'clinic', 'healthcare:speciality': 'psychiatry', 'name': 'بخش 19'}"
266,node,10943985014,36.3239276,59.5838501,"{'amenity': 'clinic', 'healthcare': 'clinic', 'healthcare:speciality': 'psychiatry', 'name': 'بخش 20'}"
267,node,10943985015,36.3239588,59.5833435,"{'amenity': 'clinic', 'healthcare': 'clinic', 'healthcare:speciality': 'psychiatry', 'name': 'بخش 22'}"
268,node,10943985016,36.3237589,59.5837002,"{'amenity': 'clinic', 'healthcare': 'clinic', 'healthcare:speciality': 'psychiatry', 'name': 'بخش 21'}"
269,node,10943985017,36.324669,59.5845274,"{'amenity': 'clinic', 'healthcare': 'clinic', 'healthcare:speciality': 'psychiatry', 'name': 'بخش 16- مردان'}"
270,node,10943985018,36.3248647,59.584181,"{'amenity': 'clinic', 'healthcare': 'clinic', 'healthcare:speciality': 'psychiatry', 'name': 'بخش 15- جانبازان'}"
271,node,10943985019,36.3247648,59.5839044,"{'amenity': 'clinic', 'healthcare': 'clinic', 'healthcare:speciality': 'psychiatry', 'name': 'بخش 18'}"
272,node,10943985020,36.3246002,59.5841758,"{'amenity': 'clinic', 'healthcare': 'clinic', 'healthcare:speciality': 'psychiatry', 'name': 'بخش 17- مردان'}"
273,node,10943985030,36.3260778,59.583213,"{'amenity': 'clinic', 'healthcare': 'clinic', 'healthcare:speciality': 'psychiatry', 'name': 'درمانگاه فوق تخصصی'}"
274,node,10943985037,36.3258547,59.583539,"{'amenity': 'clinic', 'healthcare': 'clinic', 'name': 'رادیولوژی، سی تی اسکن، آزمایشگاه'}"
275,node,10943985038,36.3257678,59.5834679,"{'amenity': 'clinic', 'healthcare': 'clinic', 'name': 'درمانگاه اطفال، روانشناسی، دندانپزشکی'}"
276,node,10943985051,36.3231865,59.5831617,"{'amenity': 'clinic', 'healthcare': 'clinic', 'healthcare:speciality': 'psychiatry', 'name': 'الکتروشوک مردان'}"
277,node,10943985052,36.3230834,59.5833547,"{'amenity': 'clinic', 'healthcare': 'clinic', 'healthcare:speciality': 'psychiatry', 'name': 'کاردرمانی مردان'}"
278,node,10943985053,36.3257206,59.5828204,"{'amenity': 'clinic', 'healthcare': 'clinic', 'healthcare:speciality': 'psychiatry', 'name': 'اورژانس تحت نظر'}"
279,node,10943985055,36.325272,59.5835141,"{'amenity': 'library', 'name': 'کتابخانه'}"
280,node,10943985056,36.3253444,59.5836152,"{'amenity': 'clinic', 'healthcare': 'clinic', 'healthcare:speciality': 'psychiatry', 'name': 'کلینیک خواب'}"
281,node,10943985057,36.3254945,59.5835927,"{'amenity': 'conference_centre', 'name': 'آمفی تئاتر'}"
282,node,10943985058,36.3258237,59.5830314,"{'amenity': 'conference_centre', 'name': 'آمفی تئاتر'}"
283,node,10943985066,36.3264929,59.5828024,{'amenity': 'bank'}
