,type,id,lat,lon,tags
0,node,286961069,36.3292009,59.5830029,{'amenity': 'fountain'}
1,node,584116803,36.3480738,59.5621279,"{'amenity': 'parking', 'parking': 'surface', 'surface': 'asphalt'}"
2,node,667345812,36.3247499,59.5857413,"{'amenity': 'fire_station', 'name': 'ساختمان مرکزی آتش نشانی', 'name:en': 'Central FireStation Building'}"
3,node,779046580,36.3474368,59.5497958,"{'amenity': 'place_of_worship', 'denomination': 'shia', 'religion': 'muslim'}"
4,node,1842625965,36.3428267,59.5548291,"{'amenity': 'place_of_worship', 'denomination': 'shia', 'name': 'مسجد جوادالائمه', 'religion': 'muslim'}"
5,node,2010637214,36.3337883,59.5886876,"{'amenity': 'place_of_worship', 'denomination': 'shia', 'religion': 'muslim'}"
6,node,2458533347,36.3249053,59.5623696,"{'amenity': 'bank', 'brand': 'بانک سپه', 'brand:en': 'Sepah Bank', 'brand:wikipedia': 'en:Sepah Bank', 'name': 'بانک سپه', 'name:en': 'Sepah Bank'}"
7,node,2458533606,36.3251159,59.5623936,"{'amenity': 'bank', 'name': 'عسکریه'}"
8,node,2559089243,36.3255727,59.5488795,"{'amenity': 'bank', 'atm': 'yes', 'branch': 'فرامرز عباسی', 'brand': 'بانک سپه', 'brand:en': 'Bank Sepah', 'brand:wikidata': 'Q2882624', 'brand:wikipedia': 'en:Bank Sepah', 'name': 'بانک سپه', 'name:en': 'Bank Sepah'}"
9,node,2559089838,36.3251208,59.5573096,"{'amenity': 'pharmacy', 'dispensing': 'no', 'opening_hours': '24/7'}"
10,node,2559090259,36.3335996,59.5832278,"{'amenity': 'fuel', 'brand': 'Independent', 'name': 'جایگاه اختصاصی ۱۶۵'}"
11,node,2584915909,36.3272165,59.5495035,"{'access': 'yes', 'amenity': 'toilets', 'fee': 'no'}"
12,node,2584916597,36.3261604,59.5489305,"{'amenity': 'cafe', 'cuisine': 'coffee_shop', 'name': 'دهکده', 'name:en': 'Dehkadeh'}"
13,node,2989282079,36.3343576,59.5505488,"{'amenity': 'place_of_worship', 'denomination': 'shia', 'name': 'مسجد امام علی', 'name:en': 'Imam Ali Mosque', 'religion': 'muslim'}"
14,node,3015853338,36.3349953,59.5502217,"{'amenity': 'bureau_de_change', 'name': 'صرافی سنجری', 'office': 'yes', 'phone': '+98 513 607 4008'}"
15,node,3073475924,36.3452943,59.5697522,"{'amenity': 'place_of_worship', 'denomination': 'shia', 'name': 'مسجد امام حسن مجتبی علیه\u200cالسلام', 'religion': 'muslim'}"
16,node,4013333299,36.3352817,59.553351,"{'amenity': 'toilets', 'name': 'سرویس بهداشتی'}"
17,node,4111120489,36.3261525,59.5640259,"{'addr:street': 'بولوار جانباز', 'amenity': 'fast_food', 'name': 'پیترا کندز', 'name:en': 'kondoz pizza', 'opening_hours': '24/7'}"
18,node,4337975489,36.328622,59.559137,"{'addr:street': 'ثمانه', 'amenity': 'fast_food', 'cuisine': 'italian', 'name': 'پیتزا برگ', 'name:en': 'Barg'}"
19,node,4409041889,36.3452907,59.5765475,"{'amenity': 'atm', 'name': 'عابر بانک', 'name:en': 'ATM', 'opening_hours': '24/7'}"
20,node,4417954355,36.3252228,59.5496683,"{'amenity': 'restaurant', 'name': 'آشپزخانه نیاوران'}"
21,node,4417954358,36.3247743,59.5542869,"{'amenity': 'school', 'name': 'مجتمع آموزشی علامه طباطبایی'}"
22,node,4417954363,36.3254605,59.5496585,"{'amenity': 'pharmacy', 'healthcare': 'pharmacy', 'name': 'داروخانه دکتر مدرس\u200cزاده'}"
23,node,4417954377,36.325499,59.5494973,"{'amenity': 'school', 'name': 'دبیرستان غیر دولتی دخترانه علم آموز'}"
24,node,4423569492,36.3483634,59.5743714,"{'amenity': 'atm', 'opening_hours': '24/7'}"
25,node,4423580294,36.3418794,59.5751432,"{'amenity': 'atm', 'opening_hours': '24/7', 'operator': 'بانک مسکن'}"
26,node,4423606089,36.3431751,59.5739453,"{'amenity': 'atm', 'opening_hours': '24/7', 'operator': 'بانک ملت'}"
27,node,4797190927,36.3340947,59.55051,"{'addr:street': 'فرامرز عباسی ۲۱', 'amenity': 'restaurant', 'cuisine': 'kebab', 'name': 'ضیافت نور', 'name:en': 'Ziafat Noor', 'phone': '+98 51 3611 0600'}"
28,node,5018148402,36.3364335,59.5817025,"{'amenity': 'place_of_worship', 'building': 'mosque', 'denomination': 'shia', 'name': 'مسجد محسن ابن علی (علیه\u200cالسلام)', 'religion': 'muslim'}"
29,node,5104410022,36.3419385,59.5890778,"{'amenity': 'pharmacy', 'name': 'داروخانه دکتر شعبانی', 'name:en': 'Pharmacy'}"
30,node,5104410024,36.341472,59.588545,"{'amenity': 'atm', 'operator': 'بانک انصار'}"
31,node,5156591973,36.3259457,59.5467983,"{'addr:city': 'مشهد', 'addr:housenumber': '351', 'addr:street': 'بولوار فردوسی', 'amenity': 'clinic', 'description': 'Retina clinic, Dr Nasser Shoeibi, Dr Mehdi Ghasemi', 'healthcare': 'clinic', 'name': 'کلینیک چشم پزشکی،شبکیه دکتر ناصر شعیبی، دکتر مهدی قاسمی', 'name:en': 'Dr Nasser Shoeibi, Dr Mehdi Ghasemi', 'phone': '+98 51 3608 5700'}"
32,node,5179821922,36.3287532,59.5632852,"{'addr:city': 'مشهد', 'amenity': 'fast_food', 'name': 'پیتزا پونک', 'name:en': 'pitza poonak'}"
33,node,5199686138,36.3254066,59.5640919,{'amenity': 'parking'}
34,node,5323257595,36.3373702,59.589715,"{'amenity': 'restaurant', 'name': 'رستوران خسروی'}"
35,node,5325431253,36.3250226,59.5855343,"{'amenity': 'school', 'name': 'دبیرستان نمونه دولتی امام علی (ع)'}"
36,node,5350314548,36.3396909,59.5868161,"{'amenity': 'restaurant', 'name': 'پیتزا گپ'}"
37,node,5350343376,36.3403316,59.5875492,"{'amenity': 'events_venue', 'building': 'yes', 'name': 'تالار عروسی مروارید'}"
38,node,5350357908,36.3390065,59.5851548,"{'amenity': 'fast_food', 'name': 'پیتزا بلوط'}"
39,node,5350357909,36.3389488,59.5850896,"{'amenity': 'fast_food', 'name': 'پیتزا ژابیز'}"
40,node,5350357910,36.3396965,59.5859689,"{'amenity': 'restaurant', 'name': 'کباب و حلیم ملک'}"
41,node,5350371946,36.3387874,59.584505,"{'amenity': 'restaurant', 'name': 'حلیم نیشابوری اصیل'}"
42,node,5350536173,36.3379361,59.5866098,"{'amenity': 'restaurant', 'name': 'کباب مخصوص عبداالهی'}"
43,node,5350574182,36.3376532,59.5864794,"{'amenity': 'atm', 'operator': 'خود پرداز بانک رفاه کارگران'}"
44,node,5350586087,36.3376946,59.5883676,"{'amenity': 'fast_food', 'name': 'ساندویچ سن استین'}"
45,node,5350586091,36.3376838,59.5881905,"{'amenity': 'pharmacy', 'healthcare': 'pharmacy', 'name': 'داروخانه دکتر اکملی'}"
46,node,5350594151,36.337682,59.5876954,"{'amenity': 'clinic', 'healthcare': 'clinic', 'name': 'کلینیک زنان و زایمان'}"
47,node,5350594936,36.3376737,59.5879012,"{'amenity': 'clinic', 'healthcare': 'clinic', 'healthcare:speciality': 'palliative', 'name': 'مرکز درمان اعتیاد پردیسان'}"
48,node,5350594937,36.3376746,59.5878529,"{'amenity': 'clinic', 'healthcare': 'clinic', 'name': 'درمانگاه شبانه روزی گوهر سلامت'}"
49,node,5350603447,36.3373706,59.5882778,{'amenity': 'car_wash'}
50,node,5350604568,36.3373616,59.5879128,"{'amenity': 'fast_food', 'name': 'پیتزا یک ، دو ، سه'}"
51,node,5350606870,36.3373641,59.5878848,"{'amenity': 'clinic', 'healthcare': 'clinic', 'name': 'کلینیک درمان اعتیاد مهر افروزان'}"
52,node,5350606874,36.3373854,59.5876649,"{'amenity': 'atm', 'name': 'خود پرداز', 'operator': 'خود پرداز بانک وسسه ملل'}"
53,node,6385108085,36.3383003,59.5509986,"{'amenity': 'doctors', 'name': 'مطب دکتر'}"
54,node,7775015185,36.3285252,59.570544,"{'amenity': 'atm', 'operator': 'me'}"
55,node,8112536624,36.3365976,59.5480572,{'amenity': 'school'}
56,node,8112536625,36.3361442,59.5478249,{'amenity': 'school'}
57,node,8112536626,36.3347578,59.5482765,"{'amenity': 'fire_station', 'name': 'ایستگاه۴۳ آتش نشانی'}"
58,node,8372269820,36.3248868,59.5543155,"{'addr:housenumber': '414', 'addr:street': 'بولوار فردوسی', 'amenity': 'pharmacy', 'email': 'drkazemi.bahram@gmail.com', 'name': 'داروخانه دكتر بهرام كاظمي', 'name:en': 'Pharmacy', 'opening_hours': 'Sa 09:30-11:00, 12:00-14:00; Su-Th 16:30-22:00', 'phone': '37677700'}"
59,node,8490182804,36.34667,59.5519415,{'amenity': 'parking'}
60,node,8490182805,36.3470286,59.550654,{'amenity': 'parking'}
61,node,8746772672,36.3273339,59.5526043,"{'amenity': 'school', 'contact:instagram': 'https://www.instagram.com/meftah_ghaem/', 'email': 'info@meftah-ed.ir', 'name': 'دبستان دخترانه مفتاح شماره یک', 'phone': '+98 376 531 61; +98 376 166 63', 'website': 'http://meftah-ed.ir'}"
62,node,8780166858,36.3297003,59.5471081,{'amenity': 'clinic'}
63,node,8827817091,36.3383672,59.5844419,"{'amenity': 'bank', 'atm': 'yes', 'name': 'بانک ملی شعبه خیام شمالی'}"
64,node,9577062645,36.3395078,59.55279,"{'addr:city': 'شهر مشهد', 'addr:street': 'بولوار جانباز', 'amenity': 'food_court', 'internet_access': 'no', 'name': 'فودکورت 21', 'opening_hours': 'Everyday 09:00 - 24:00', 'opening_hours:covid19': 'same', 'outdoor_seating': 'yes', 'smoking': 'isolated'}"
65,node,9577079063,36.339618,59.5528355,"{'addr:city': 'شهر مشهد', 'addr:street': 'بولوار جانباز', 'air_conditioning': 'yes', 'amenity': 'cafe', 'cuisine': 'coffee_shop;sandwich;italian;pizza;ice_cream', 'internet_access': 'no', 'name': 'کافی شاپ بام ایرانی', 'opening_hours': 'همه روزه - 09:00 الی 24:00', 'opening_hours:covid19': 'same', 'outdoor_seating': 'yes', 'phone': '+98 9918789664', 'smoking': 'outside', 'start_date': '2022-Jan-20', 'website': 'https://instagram.com/bame.irani?utm_medium=copy_link'}"
66,node,9750844632,36.32521,59.5560292,"{'amenity': 'dentist', 'name': 'کلینیک دندانپزشکی درین'}"
67,node,9921955285,36.339882,59.5869186,"{'addr:city': 'شهر مشهد', 'addr:country': 'IR', 'addr:street': 'بولوار خیام بعد از خیام 61', 'amenity': 'restaurant', 'cuisine': 'persian;arabic;arab;iranian', 'diet:halal': 'yes', 'name': 'پسران کریم', 'name:en': 'pesaranekarim', 'opening_hours': 'Mo-Su 12:00-16:00', 'phone': '+98 51 3753 0013', 'website': 'https://www.pesaranekarim.rest/', 'wikidata': 'Q112756217'}"
68,node,9968171515,36.3256137,59.5501986,"{'amenity': 'hospital', 'healthcare': 'hospital', 'name': 'درمانگاه پوست و مو رزسفید'}"
69,node,10301017036,36.3496744,59.5791631,"{'addr:city': 'مشهد', 'addr:street': 'کنار گذر چراغچی', 'amenity': 'fuel', 'fuel:بنزین_سوپر': 'yes', 'fuel:بنزین_معمولی': 'yes'}"
70,node,10657311506,36.3280051,59.548865,"{'amenity': 'bank', 'name': 'بانک تجارت شعبه فرامرز عباسی'}"
71,node,10676785500,36.3254779,59.5514278,"{'amenity': 'clinic', 'name': 'کلینیک دندانپزشکی ارتا'}"
72,node,10808947489,36.3498267,59.5453553,{'amenity': 'toilets'}
73,node,10808970379,36.3357234,59.5587404,"{'amenity': 'school', 'name': 'دبیرستان شهید حسن رکنی'}"
74,node,10943971899,36.3254382,59.5808684,"{'amenity': 'clinic', 'healthcare': 'clinic', 'healthcare:speciality': 'psychiatry', 'name': 'بخش 3- مردان'}"
75,node,10943971900,36.3256066,59.5810164,"{'amenity': 'clinic', 'healthcare': 'clinic', 'healthcare:speciality': 'psychiatry', 'name': 'بخش 4- زنان'}"
76,node,10943971901,36.3253742,59.5814087,"{'amenity': 'clinic', 'healthcare': 'clinic', 'healthcare:speciality': 'psychiatry', 'name': 'بخش 1- حاد زنان'}"
77,node,10943971902,36.325207,59.5812499,"{'amenity': 'clinic', 'healthcare': 'clinic', 'healthcare:speciality': 'psychiatry', 'name': 'بخش 2- حاد مردان'}"
78,node,10943971903,36.3252875,59.5825189,"{'amenity': 'clinic', 'healthcare': 'clinic', 'healthcare:speciality': 'psychiatry', 'name': 'بخش 5- اطفال پسران'}"
79,node,10943971904,36.3251355,59.5827774,"{'amenity': 'clinic', 'healthcare': 'clinic', 'healthcare:speciality': 'psychiatry', 'name': 'بخش 6- مردان'}"
80,node,10943985005,36.324998,59.5830282,"{'amenity': 'clinic', 'healthcare': 'clinic', 'healthcare:speciality': 'psychiatry', 'name': 'بخش 7- سالمندان آقا'}"
81,node,10943985006,36.3251157,59.5823936,"{'amenity': 'clinic', 'healthcare': 'clinic', 'healthcare:speciality': 'psychiatry', 'name': 'بخش 10- اطفال دختران'}"
82,node,10943985007,36.3249637,59.5826521,"{'amenity': 'clinic', 'healthcare': 'clinic', 'healthcare:speciality': 'psychiatry', 'name': 'بخش9- مردان'}"
83,node,10943985008,36.3248262,59.5829028,"{'amenity': 'clinic', 'healthcare': 'clinic', 'healthcare:speciality': 'psychiatry', 'name': 'بخش 8- سالمندان زنان'}"
84,node,10943985009,36.3244784,59.581936,"{'amenity': 'clinic', 'healthcare': 'clinic', 'healthcare:speciality': 'psychiatry', 'name': 'بخش 11- آموزشی زنان'}"
85,node,10943985010,36.324266,59.5823134,"{'amenity': 'clinic', 'healthcare': 'clinic', 'healthcare:speciality': 'psychiatry', 'name': 'بخش 12- آموزشی مردان'}"
86,node,10943985011,36.3243108,59.5817848,"{'amenity': 'clinic', 'healthcare': 'clinic', 'healthcare:speciality': 'psychiatry', 'name': 'بخش 14- آموزشی زنان'}"
87,node,10943985013,36.3241275,59.5834934,"{'amenity': 'clinic', 'healthcare': 'clinic', 'healthcare:speciality': 'psychiatry', 'name': 'بخش 19'}"
88,node,10943985017,36.324669,59.5845274,"{'amenity': 'clinic', 'healthcare': 'clinic', 'healthcare:speciality': 'psychiatry', 'name': 'بخش 16- مردان'}"
89,node,10943985018,36.3248647,59.584181,"{'amenity': 'clinic', 'healthcare': 'clinic', 'healthcare:speciality': 'psychiatry', 'name': 'بخش 15- جانبازان'}"
90,node,10943985019,36.3247648,59.5839044,"{'amenity': 'clinic', 'healthcare': 'clinic', 'healthcare:speciality': 'psychiatry', 'name': 'بخش 18'}"
91,node,10943985020,36.3246002,59.5841758,"{'amenity': 'clinic', 'healthcare': 'clinic', 'healthcare:speciality': 'psychiatry', 'name': 'بخش 17- مردان'}"
92,node,10943985030,36.3260778,59.583213,"{'amenity': 'clinic', 'healthcare': 'clinic', 'healthcare:speciality': 'psychiatry', 'name': 'درمانگاه فوق تخصصی'}"
93,node,10943985037,36.3258547,59.583539,"{'amenity': 'clinic', 'healthcare': 'clinic', 'name': 'رادیولوژی، سی تی اسکن، آزمایشگاه'}"
94,node,10943985038,36.3257678,59.5834679,"{'amenity': 'clinic', 'healthcare': 'clinic', 'name': 'درمانگاه اطفال، روانشناسی، دندانپزشکی'}"
95,node,10943985053,36.3257206,59.5828204,"{'amenity': 'clinic', 'healthcare': 'clinic', 'healthcare:speciality': 'psychiatry', 'name': 'اورژانس تحت نظر'}"
96,node,10943985055,36.325272,59.5835141,"{'amenity': 'library', 'name': 'کتابخانه'}"
97,node,10943985056,36.3253444,59.5836152,"{'amenity': 'clinic', 'healthcare': 'clinic', 'healthcare:speciality': 'psychiatry', 'name': 'کلینیک خواب'}"
98,node,10943985057,36.3254945,59.5835927,"{'amenity': 'conference_centre', 'name': 'آمفی تئاتر'}"
99,node,10943985058,36.3258237,59.5830314,"{'amenity': 'conference_centre', 'name': 'آمفی تئاتر'}"
100,node,10943985066,36.3264929,59.5828024,{'amenity': 'bank'}
