,type,id,lat,lon,tags
0,node,287263918,36.3611467,59.5320481,"{'amenity': 'place_of_worship', 'denomination': 'shia', 'name': 'مسجد امام سجاد', 'name:en': 'Emam Sajjad Mosque', 'religion': 'muslim'}"
1,node,667355731,36.3605538,59.5518006,"{'addr:city': 'مشهد', 'addr:street': 'بولوار توس', 'amenity': 'fire_station', 'name': 'ایستگاه آتش نشانی شماره ۱۴', 'name:en': 'FireStation No. 14'}"
2,node,1750032592,36.3639547,59.5283433,"{'amenity': 'clinic', 'healthcare': 'clinic', 'name': 'درمانگاه حجت', 'name:en': 'Hojat clinic', 'opening_hours': '24/7', 'phone': '+98 511 6571149'}"
3,node,2196461675,36.3568136,59.5225994,"{'amenity': 'place_of_worship', 'denomination': 'shia', 'religion': 'muslim'}"
4,node,2260295141,36.3523199,59.5169332,"{'amenity': 'bank', 'atm': 'yes', 'name': 'بانک مسکن', 'name:en': 'Bank Maskan'}"
5,node,2563730918,36.3582324,59.5548067,"{'addr:city': 'مشهد', 'amenity': 'fuel', 'fuel:cng': 'yes', 'fuel:diesel': 'no', 'name': 'جایگاه گاز طبیعی'}"
6,node,2631648216,36.3588527,59.5190008,"{'amenity': 'clinic', 'name': 'درمانگاه فاطمه الزهرا'}"
7,node,2631664551,36.353771,59.5201469,"{'amenity': 'bank', 'name': 'بانک سپه'}"
8,node,2756422535,36.3590104,59.5120073,"{'amenity': 'bank', 'atm': 'yes', 'name': 'بانک سپه'}"
9,node,2756438719,36.3582782,59.5177848,"{'amenity': 'bank', 'atm': 'yes', 'name': 'بانک ملی'}"
10,node,2756448380,36.356939,59.5144401,"{'amenity': 'parking', 'capacity': '190'}"
11,node,2758279363,36.3588741,59.5124896,"{'amenity': 'atm', 'operator': 'تجارت'}"
12,node,3046351812,36.3673197,59.5363288,"{'amenity': 'bank', 'atm': 'yes', 'branch': 'طوس', 'brand': 'بانک کشاورزی', 'brand:en': 'Bank Keshavarzi Iran', 'brand:wikidata': 'Q6395007', 'brand:wikipedia': 'en:Bank Keshavarzi Iran', 'name': 'بانک کشاورزی', 'name:en': 'Bank Keshavarzi Iran'}"
13,node,3046351813,36.3667431,59.5352419,"{'amenity': 'police', 'name': 'پاسگاه راهنمایی رانندگی امام هادی'}"
14,node,3261949670,36.3647164,59.5115051,"{'amenity': 'school', 'name': 'دبیرستان عبدالحسین قفلی'}"
15,node,3871284573,36.3564634,59.5159693,"{'amenity': 'fast_food', 'name': 'اغذیه افریقا'}"
16,node,3871293764,36.3564418,59.5146067,{'amenity': 'library'}
17,node,3901146357,36.3593379,59.517744,{'amenity': 'bicycle_rental'}
18,node,3913989857,36.3659279,59.5353183,{'amenity': 'bicycle_rental'}
19,node,4147824989,36.3590485,59.5185307,"{'amenity': 'pharmacy', 'name': 'داروخانه دکتر زهره جعفری'}"
20,node,4147825389,36.3705752,59.5137928,"{'amenity': 'pharmacy', 'healthcare': 'pharmacy', 'name': 'داروخانه دکتر وحیدی منش'}"
21,node,4263342736,36.362983,59.5287248,"{'amenity': 'pharmacy', 'dispensing': 'yes', 'healthcare': 'pharmacy', 'name': 'داروخانه شبانه\u200cروزی دکتر صادقیان', 'opening_hours': '24/7'}"
22,node,4364713989,36.3576937,59.5330962,"{'amenity': 'pharmacy', 'name': 'داروخانه دکتر محمد پناه'}"
23,node,4364714089,36.356754,59.5265096,"{'amenity': 'pharmacy', 'name': 'داروخانه دکتر قصبه'}"
24,node,4383006991,36.3719738,59.5136648,"{'addr:street': 'میدان حجاب', 'amenity': 'bank', 'name': 'بانک سپه', 'name:en': 'Sepah Bank', 'opening_hours': 'Sa-Th 07:30-13:00'}"
25,node,4385155292,36.358884,59.5139455,"{'addr:city': 'مشهد', 'addr:street': 'میدان مادر', 'amenity': 'post_office', 'name': 'مرکز پست شماره ۵', 'name:en': 'Post Office', 'opening_hours': 'Sa-Th 07:30-13:00'}"
26,node,4392730498,36.3755366,59.5188614,"{'amenity': 'atm', 'name': 'عابر بانک', 'opening_hours': '24/7'}"
27,node,4392730499,36.3719529,59.5137018,"{'addr:street': 'میدان حجاب', 'amenity': 'bank', 'name': 'پست بانک', 'name:en': 'Post Bank', 'opening_hours': 'Sa-Th 07:30-13:00'}"
28,node,4395003296,36.3720454,59.5136732,{'amenity': 'bank'}
29,node,4395014391,36.3720486,59.5136351,{'amenity': 'bank'}
30,node,4395074289,36.3720905,59.5135004,{'amenity': 'fast_food'}
31,node,4395074290,36.3720583,59.51358,"{'amenity': 'bank', 'name': 'بانک سپه', 'name:en': 'Sepah Bank'}"
32,node,4561854892,36.3628469,59.5142439,"{'amenity': 'atm', 'opening_hours': '24/7', 'operator': 'Pasargad ATM'}"
33,node,4611395171,36.3651364,59.5190539,"{'addr:city': 'مشهد', 'addr:street': 'نبش حجاب ۳۸', 'amenity': 'bank', 'atm': 'yes', 'drive_through': 'no', 'name': 'خودپرداز بانک سپه'}"
34,node,4616054589,36.3590408,59.5108652,"{'amenity': 'restaurant', 'name': 'رستوران عبدالهی'}"
35,node,4648062293,36.3585106,59.5173742,"{'amenity': 'restaurant', 'name': 'رستوران پردیس', 'name:en': 'Paradise Restaurant'}"
36,node,4661016289,36.3536454,59.5196106,"{'amenity': 'atm', 'opening_hours': '24/7', 'operator': 'Bank shahr'}"
37,node,4687022713,36.3561111,59.5191169,"{'addr:housenumber': '237', 'addr:street': 'بولوار امامیه', 'amenity': 'fast_food', 'cuisine': 'burger;sandwich;breakfast;steak_house;pasta;diner;chicken;kebab;barbecue', 'email': 'lavij@gmail.com', 'internet_access': 'wlan', 'name': 'ساندویچ لاویج', 'name:en': 'Lavij sandwich', 'opening_hours': 'Mo-Su 07:30-23:59', 'phone': '+98 51 3662 0951'}"
38,node,4690094991,36.3597778,59.5147794,{'amenity': 'toilets'}
39,node,4772763822,36.3516621,59.5465188,"{'amenity': 'atm', 'operator': 'sina bank'}"
40,node,4853057922,36.3565009,59.5337334,"{'addr:housenumber': '208', 'addr:street': 'اندیشه ٦/١', 'amenity': 'courthouse', 'name': 'مجتمع شماره ۶ شوراهای حل اختلاف مشهد', 'phone': '+98 51 3663 5302'}"
41,node,4861699121,36.3555382,59.5495629,{'amenity': 'atm'}
42,node,4872974221,36.3756136,59.5426223,"{'addr:street': 'طوس ۶۴', 'amenity': 'fast_food', 'cuisine': 'pizza;ice_cream;diner;chicken;cake', 'name': 'فست فود و ابمیوه درخشان', 'name:en': 'Fast food DERAKHSHAN', 'opening_hours': 'Mo-Su 09:00-12:00', 'phone': '+98 51 3658 7533'}"
43,node,5036491421,36.3618796,59.529942,"{'addr:street': 'اندیشه ۲۷', 'amenity': 'school', 'name': 'دبستان شهید رجایی'}"
44,node,5302973273,36.3563568,59.5116359,"{'amenity': 'community_centre', 'name': 'فرهنگسرای خانواده'}"
45,node,5311800705,36.3670382,59.5134973,"{'amenity': 'fast_food', 'name': 'فستفود'}"
46,node,5321726441,36.3540698,59.5187049,"{'amenity': 'driving_school', 'name': 'آموزشگاه رانندگی جمهوری'}"
47,node,5329132778,36.371872,59.5138739,"{'amenity': 'police', 'name': 'ایستگاه پلیس'}"
48,node,5349094754,36.3715731,59.5128955,"{'amenity': 'cafe', 'name': 'آبمیوه فروشی'}"
49,node,5349109155,36.3713892,59.5126004,"{'amenity': 'fast_food', 'name': 'فست فود'}"
50,node,5502049962,36.3787079,59.5168909,"{'amenity': 'parking', 'parking': 'surface', 'surface': 'asphalt'}"
51,node,5843732296,36.3592743,59.5198091,"{'addr:housenumber': 'شاهد 65 و67', 'addr:street': 'بولوار شاهد', 'amenity': 'clinic', 'name': 'کلینیک سونوگرافی و تصویر برداری دکتر طاهریان', 'phone': '+98 51 3661 0741'}"
52,node,6056571785,36.3605289,59.5410928,"{'addr:street': 'سعادت ۶', 'amenity': 'nursing_home'}"
53,node,6112950596,36.3641765,59.5216969,{'amenity': 'car_wash'}
54,node,6188295967,36.3989245,59.5114995,{'amenity': 'atm'}
55,node,6484973449,36.3796823,59.5191751,"{'amenity': 'toilets', 'operator': 'سرویس بهداشتی'}"
56,node,7474663762,36.3516718,59.514659,"{'addr:street': 'کبابی سید یوسف بلوار شریعتی نبش شریعتی ۵۰', 'amenity': 'restaurant', 'description': 'کبابی سید یوسف', 'name': 'کبابی سید یوسف', 'opening_hours': 'Mo-Su 09:00-12:00', 'phone': '+989905647144'}"
57,node,8112505628,36.3783706,59.5118927,"{'amenity': 'fire_station', 'name': 'ایستگاه ۳۵ آتش نشانی'}"
58,node,8530764117,36.3666147,59.5370609,"{'amenity': 'atm', 'operator': 'پلیس راه مشهد قوچان'}"
59,node,8751339252,36.3523204,59.5186787,"{'amenity': 'cafe', 'contact:instagram': 'https://www.instagram.com/wood_coffee_/', 'name': 'Wood Coffee', 'phone': '+98 915 307 0397; +98 933 915 7743; +98 513 663 9932'}"
60,node,8781220088,36.3651562,59.5401446,"{'amenity': 'clinic', 'name': 'مرکز سلامت سینا'}"
61,node,9377171259,36.35906,59.511754,{'amenity': 'atm'}
62,node,9378407996,36.3599452,59.5140509,"{'amenity': 'parking', 'operator': 'پارکینگ'}"
63,node,9988236616,36.3659643,59.5393225,"{'amenity': 'shower', 'opening_hours': 'تک مارکت'}"
64,node,10041054768,36.3549932,59.5375742,"{'amenity': 'library', 'name': 'کتابخانه امام رضا'}"
65,node,10113891710,36.3557871,59.5309424,"{'amenity': 'school', 'name': 'هنرستان فنی و حرفه ای دخترانه مهدی زاده نیا'}"
66,node,10137641488,36.3851647,59.5192019,"{'amenity': 'bus_station', 'name': 'پایانه میثاق'}"
67,node,10160827185,36.36051,59.5225029,"{'amenity': 'clinic', 'name': 'درمانگاه امیر کبیر'}"
68,node,10261817613,36.368723,59.5351964,"{'amenity': 'bank', 'name': 'بانک صادرات'}"
69,node,10262418222,36.3719306,59.5128017,"{'addr:city': 'مشهد', 'addr:street': 'میدان شهید قاسمی دانا', 'amenity': 'cafe', 'cuisine': 'international', 'internet_access': 'yes', 'internet_access:fee': 'yes', 'name': 'خدمات آداک  (کافی نت،چاپ دیجیتال،خدمات کامپیوتری)', 'opening_hours': 'Mo-Su 10:00-22:00', 'phone': '+98 91 5006 200', 'source': 'خدمات آداک (کافی نت،چاپ دیجیتال،خدمات کامپیوتری)', 'start_date': '20210101'}"
70,node,10536287485,36.3655718,59.5373798,"{'amenity': 'police', 'name': 'پلیس راه امام هادی'}"
71,node,10808213656,36.3600916,59.5128282,"{'amenity': 'bank', 'brand': 'بانک مسکن', 'brand:en': 'Bank Maskan', 'brand:wikidata': 'Q4855942', 'name': 'بانک مسکن', 'name:en': 'Bank Maskan'}"
72,node,10808947501,36.3586122,59.5413319,"{'amenity': 'bank', 'brand': 'بانک ملت', 'brand:en': 'Bank Mellat', 'brand:wikidata': 'Q4855944', 'name': 'بانک ملت', 'name:en': 'Bank Mellat'}"
