,type,id,lat,lon,tags
0,node,266360127,36.3103916,59.5089446,{'amenity': 'parking'}
1,node,894280710,36.3087002,59.4995619,"{'amenity': 'place_of_worship', 'denomination': 'shia', 'name': 'مسجد امام حسن مجتبی', 'name:en': 'Imam Hassan Mosque', 'religion': 'muslim'}"
2,node,2427124542,36.305501,59.511653,"{'addr:street': 'میدان حر', 'amenity': 'pharmacy', 'healthcare': 'pharmacy', 'name': 'داروخانه دکتر پیرزاده مقدم'}"
3,node,2427124564,36.3104046,59.5044933,"{'amenity': 'bank', 'atm': 'yes', 'branch': 'میدان هنرستان', 'brand': 'بانک سپه', 'brand:en': 'Bank Sepah', 'brand:wikidata': 'Q2882624', 'brand:wikipedia': 'en:Bank Sepah', 'name': 'بانک سپه', 'name:en': 'Bank Sepah'}"
4,node,2427124576,36.3052498,59.5121397,"{'amenity': 'bank', 'atm': 'yes', 'branch': 'میدان حر', 'brand': 'بانک صادرات', 'brand:en': 'Bank Saderat Iran', 'brand:wikidata': 'Q2882608', 'brand:wikipedia': 'en:Bank Saderat Iran', 'name': 'بانک صادرات', 'name:en': 'Bank Saderat Iran', 'operator': 'Saderat Bank'}"
5,node,2427124580,36.3059503,59.5107634,"{'amenity': 'bank', 'atm': 'yes', 'branch': 'میدان حر', 'brand': 'بانک ملت', 'brand:en': 'Bank Mellat', 'brand:wikidata': 'Q4855944', 'brand:wikipedia': 'en:Bank Mellat', 'name': 'بانک ملت', 'name:en': 'Bank Mellat', 'operator': 'Mellat Bank'}"
6,node,4271044591,36.3007398,59.4964287,"{'amenity': 'cafe', 'name': 'کافی شاپ', 'name:en': 'coffee Shop'}"
7,node,4984640724,36.3054778,59.5117411,"{'amenity': 'bank', 'brand': 'بانک رفاه', 'brand:en': 'Refah Bank', 'brand:wikidata': 'Q7307083', 'brand:wikipedia': 'en:Refah Bank', 'name': 'بانک رفاه', 'name:en': 'Refah Bank'}"
8,node,4984644921,36.304884,59.5120571,"{'addr:street': 'میدان حر', 'amenity': 'school', 'name': 'پیش دبستانی و مهد قرآنی خاتم الانبیا', 'phone': '+98 51 3882 8706'}"
9,node,4984645021,36.3055948,59.511513,"{'amenity': 'bank', 'brand': 'بانک انصار', 'brand:wikidata': 'Q5862675', 'brand:wikipedia': 'fa:بانک انصار', 'name': 'بانک انصار'}"
10,node,5018738821,36.2864175,59.5057499,"{'amenity': 'clinic', 'healthcare': 'clinic', 'name': 'کلینیک و هاسپیس دکتر خطیب', 'name:en': 'Dr.Khatib Hospice', 'phone': '+98 51 3822 9002'}"
11,node,5062372921,36.3098994,59.5052411,"{'amenity': 'clinic', 'healthcare': 'clinic', 'name': 'درمانگاه شبانه روزی شفامهر', 'name:en': 'Shafamehr 24/7 clinic', 'opening_hours': '24/7'}"
12,node,5062372922,36.3098668,59.5053322,"{'amenity': 'pharmacy', 'healthcare': 'pharmacy', 'name': 'داروخانه دکتر منتظمی', 'name:en': 'Dr. Montazemi pharmacy'}"
13,node,5894247593,36.2953819,59.5089031,"{'addr:street': 'پایداری ۲', 'amenity': 'place_of_worship', 'name': 'مسجد موسی ابن جعفر (ع)', 'religion': 'muslim'}"
14,node,6419086407,36.2957407,59.4898684,"{'amenity': 'shelter', 'shelter_type': 'picnic_shelter'}"
15,node,6419086410,36.2958001,59.4897678,"{'amenity': 'shelter', 'shelter_type': 'picnic_shelter'}"
16,node,6419086411,36.2958466,59.4896901,"{'amenity': 'shelter', 'shelter_type': 'picnic_shelter'}"
17,node,6419086414,36.2958812,59.489619,"{'amenity': 'shelter', 'shelter_type': 'picnic_shelter'}"
18,node,6419086415,36.2957028,59.489568,"{'amenity': 'shelter', 'shelter_type': 'picnic_shelter'}"
19,node,6419086418,36.2958801,59.489395,"{'amenity': 'shelter', 'shelter_type': 'picnic_shelter'}"
20,node,6419086477,36.2956769,59.4899301,"{'amenity': 'shelter', 'shelter_type': 'picnic_shelter'}"
21,node,6419086478,36.295505,59.4899341,"{'amenity': 'shelter', 'shelter_type': 'picnic_shelter'}"
22,node,6419086482,36.2955083,59.4898684,"{'amenity': 'shelter', 'shelter_type': 'picnic_shelter'}"
23,node,6419086483,36.2955331,59.4897732,"{'amenity': 'shelter', 'shelter_type': 'picnic_shelter'}"
24,node,6419090686,36.295558,59.4897088,"{'amenity': 'shelter', 'shelter_type': 'picnic_shelter'}"
25,node,6419090687,36.295598,59.489674,"{'amenity': 'shelter', 'shelter_type': 'picnic_shelter'}"
26,node,6419090690,36.2956412,59.4896337,"{'amenity': 'shelter', 'shelter_type': 'picnic_shelter'}"
27,node,7369785621,36.3045321,59.5038763,"{'amenity': 'waste_basket', 'waste': 'trash'}"
28,node,7369785622,36.3055373,59.5034176,"{'amenity': 'waste_basket', 'waste': 'trash'}"
29,node,7369785624,36.309188,59.5029536,"{'amenity': 'car_wash', 'name': 'کارواش هاشمیه ۵۵'}"
30,node,7369785625,36.3099099,59.5034873,"{'amenity': 'telephone', 'covered': 'yes', 'payment:telephone_cards': 'yes'}"
31,node,7561432885,36.3005244,59.5120951,{'amenity': 'atm'}
32,node,8073445352,36.2996515,59.5096962,{'amenity': 'atm'}
33,node,8112527485,36.3073992,59.4958971,"{'amenity': 'fire_station', 'name': 'ایستگاه ۲۶ آتش نشانی'}"
34,node,8230629517,36.2880214,59.5107665,"{'addr:street': 'بولوار دلاوران', 'amenity': 'pharmacy', 'name': 'داروخانه دکتر حائری', 'name:en': ""Haeri's drugstore"", 'opening_hours': '24/7', 'phone': '+98 51 3823 0838'}"
35,node,9330368115,36.2877619,59.5104198,"{'addr:city': 'مشهد', 'addr:street': 'بولوار دلاوران بین 45 و 47', 'amenity': 'cafe', 'cuisine': 'coffee_shop', 'name': 'کافه کولاک', 'name:en': 'KOOLAK COFFEE', 'opening_hours': 'Mo-Su 07:00-22:00', 'opening_hours:covid19': 'open', 'phone': '+985138216743'}"
36,node,9835596139,36.3105691,59.5038924,"{'amenity': 'ice_cream', 'name': 'بستنی هانی رول'}"
37,node,10316425673,36.3095619,59.5087928,"{'amenity': 'fast_food', 'name': 'فست فود و غذای مکزیکی ریکو'}"
38,node,10919364755,36.3021306,59.511483,"{'amenity': 'cafe', 'name': 'کافی شاپ آرامش'}"
