,type,id,lat,lon,tags
0,node,649201566,36.3062437,59.5724595,"{'amenity': 'university', 'name': 'دانشگاه آزاد علوم پایه', 'name:en': 'Azad University'}"
1,node,1081996502,36.3141837,59.5758046,"{'amenity': 'library', 'name': 'کتابخانه شهید ربانی', 'name:en': 'Shahid Rabani Library', 'phone': '+98 511 726017'}"
2,node,1750032578,36.3045324,59.5748304,"{'amenity': 'clinic', 'name': 'درمانگاه الغدیر', 'name:en': 'Al-Qadir clinic', 'opening_hours': '24/7', 'phone': '+98 511 8418118'}"
3,node,2318577405,36.309592,59.5829612,"{'amenity': 'place_of_worship', 'denomination': 'shia', 'name': 'مسجد چهارده معصوم', 'religion': 'muslim'}"
4,node,2446884535,36.3053655,59.5787522,"{'amenity': 'restaurant', 'cuisine': 'regional', 'name': 'رستوران رضایی', 'name:en': 'Rezaee Resaurant'}"
5,node,3374407976,36.3096789,59.575687,"{'amenity': 'school', 'name': 'دبیرستان و مرکز پیش\u200cدانشگاهی پسرانه ۱ سما', 'name:en': 'SAMA1 Highschool'}"
6,node,4080480400,36.3147935,59.5757699,"{'amenity': 'bank', 'name': 'بانک مهر اقتصاد'}"
7,node,4080480401,36.3143674,59.5758356,"{'amenity': 'clinic', 'healthcare': 'centre', 'name': 'درمانگاه المنتظر'}"
8,node,4224193290,36.3100119,59.5745848,"{'amenity': 'clinic', 'name': 'درمانگاه شرکت نفت', 'name:en': 'NIOC Clinic'}"
9,node,4357520421,36.3108816,59.5779138,{'amenity': 'bank'}
10,node,4434767890,36.318003,59.5769134,{'amenity': 'atm'}
11,node,4616669989,36.3059799,59.5787111,"{'amenity': 'restaurant', 'name': 'رستوران رضا'}"
12,node,4634560098,36.3082409,59.5736025,"{'amenity': 'restaurant', 'name': 'رستوران ارغوان', 'name:en': 'Arghavan'}"
13,node,5017491871,36.3163218,59.5857055,{'amenity': 'taxi'}
14,node,5258218046,36.3042961,59.5775597,"{'amenity': 'school', 'name': 'دبیرستان ستارگان هما'}"
15,node,5346652723,36.3064867,59.5768649,"{'addr:street': 'بین آبکوه ۲۱ و ۲۳', 'amenity': 'bank', 'name': 'بانک سپه', 'name:en': 'Sepah Bank'}"
16,node,5481980323,36.3069828,59.5791815,"{'addr:street': 'کلاهدوز ۱۷', 'amenity': 'nursing_home', 'name:ar': 'مركز طوس لطب العيون'}"
17,node,6066370585,36.3089938,59.5735316,"{'amenity': 'cafe', 'name': 'سیب', 'name:en': 'Seeb coffee shop', 'source:name': 'map.ir'}"
18,node,6067999886,36.3150885,59.5833933,"{'amenity': 'cafe', 'name': 'کافی شاپ', 'name:en': 'Coffee shop', 'name:fr': 'Café'}"
19,node,6067999887,36.309145,59.5805278,"{'amenity': 'cafe', 'name': 'کافی شاپ', 'name:en': 'Coffee shop', 'name:fr': 'Café'}"
20,node,6166882787,36.3206423,59.5791805,"{'addr:housenumber': '1', 'addr:street': 'بولوار سپهبد قرنی', 'amenity': 'school', 'name': 'شهید هاشمی نژاد یک', 'name:en': 'Hashemi nejad1'}"
21,node,6364452815,36.3156138,59.5853524,"{'addr:city': 'مشهد', 'addr:postcode': '9184845943', 'addr:street': 'بولوار شهید کلاهدوز روبروی کلاهدوز 52', 'amenity': 'fast_food', 'cuisine': 'burger;sandwich', 'drive_through': 'no', 'level': '0', 'name': 'ساندویچ فردوسی'}"
22,node,6364515374,36.3180517,59.5846239,"{'amenity': 'restaurant', 'name': 'تالار آرزو'}"
23,node,6364515375,36.3179823,59.5847696,"{'amenity': 'bank', 'atm': 'yes', 'brand': 'بانک تجارت', 'brand:wikidata': 'Q7695198', 'brand:wikipedia': 'en:Tejarat Bank', 'drive_through': 'no', 'name': 'بانک تجارت'}"
24,node,6373713236,36.3155349,59.5852601,"{'addr:city': 'مشهد', 'addr:street': 'بولوار شهید کلاهدوز روبروی کلاهدوز 52', 'amenity': 'bank', 'atm': 'yes', 'brand': 'بانک ملی ایران', 'brand:en': 'Bank Melli Iran', 'brand:wikidata': 'Q806640', 'brand:wikipedia': 'en:Bank Melli Iran', 'drive_through': 'no', 'name': 'بانک ملی ایران', 'name:en': 'Bank Melli Iran'}"
25,node,6854029466,36.3058017,59.5724445,"{'amenity': 'fast_food', 'name': 'کنتاکی فراید چیکن'}"
26,node,7023358013,36.3079007,59.5739896,"{'addr:city': 'مشهد', 'addr:housenumber': '2', 'addr:street': 'شهید صادقی 1، عطار غربی 1', 'amenity': 'school', 'description': 'آموزشگاه سنجش پارسیان برگزارکننده دوره های تخصصی و کاربردی فنی و مهندسی، ایمنی و بهداشت و مدیریتی زیر نظر سازمان فنی و حرفه ای کشور', 'name': 'آموزشگاه سنجش پارسیان', 'name:en': 'SanjeshParsian Institute', 'opening_hours': 'شنبه تا پنجشنبه ساعت 8:00 الی 20:00', 'phone': '+985137271112', 'website': 'https://sanjeshparsian.ir'}"
27,node,7426831441,36.3078652,59.5730062,{'amenity': 'bicycle_rental'}
28,node,7426831442,36.3112867,59.5744291,"{'amenity': 'bicycle_rental', 'bicycle_rental': 'docking_station'}"
29,node,7426831443,36.3158794,59.5756629,{'amenity': 'bicycle_rental'}
30,node,8104181871,36.3197665,59.5857452,"{'amenity': 'school', 'name': 'دبستان دخترانه دولتی یاس نبی'}"
31,node,8104191223,36.3221916,59.5785514,"{'amenity': 'place_of_worship', 'name': 'مسجد امام خمینی', 'religion': 'muslim'}"
32,node,8104192199,36.3183548,59.5806153,"{'amenity': 'school', 'name': 'مرکز آموزش فنی حرفه ای پیشرفته ارم'}"
33,node,9388587787,36.3170663,59.5740095,"{'addr:city': 'شهر مشهد', 'addr:street': 'خیابان ارشاد - ارشاد ۱/۴', 'amenity': 'cafe', 'cuisine': 'coffee_shop;قهوه;کیک;باقلوا', 'internet_access': 'no', 'name': 'کافی شاپ اوهانا', 'opening_hours': 'sa-fr 10:00-22:00', 'opening_hours:covid19': 'open', 'outdoor_seating': 'yes', 'phone': '+98 933 352 3083', 'website': 'https://www.instagram.com/coffe_ohana'}"
34,node,10013200517,36.3044495,59.5752457,"{'amenity': 'clinic', 'name:ar': 'مركز تجميل كاسرا'}"
35,node,10852540197,36.304,59.5743206,"{'amenity': 'events_venue', 'name': 'تالار پذیرایی پانته\u200cآ'}"
36,node,10943985051,36.3231865,59.5831617,"{'amenity': 'clinic', 'healthcare': 'clinic', 'healthcare:speciality': 'psychiatry', 'name': 'الکتروشوک مردان'}"
37,node,10943985052,36.3230834,59.5833547,"{'amenity': 'clinic', 'healthcare': 'clinic', 'healthcare:speciality': 'psychiatry', 'name': 'کاردرمانی مردان'}"
